#
# There is insufficient memory for the Java Runtime Environment to continue.
# Native memory allocation (mmap) failed to map 65536 bytes. Error detail: committing reserved memory.
# Possible reasons:
#   The system is out of physical RAM or swap space
#   This process is running with CompressedOops enabled, and the Java Heap may be blocking the growth of the native heap
# Possible solutions:
#   Reduce memory load on the system
#   Increase physical memory or swap space
#   Check if swap backing store is full
#   Decrease Java heap size (-Xmx/-Xms)
#   Decrease number of Java threads
#   Decrease Java thread stack sizes (-Xss)
#   Set larger code cache with -XX:ReservedCodeCacheSize=
#   JVM is running with Zero Based Compressed Oops mode in which the Java heap is
#     placed in the first 32GB address space. The Java Heap base address is the
#     maximum limit for the native heap growth. Please use -XX:HeapBaseMinAddress
#     to set the Java Heap base and to place the Java Heap above 32GB virtual address.
# This output file may be truncated or incomplete.
#
#  Out of Memory Error (os_linux.cpp:2832), pid=2709, tid=2742
#
# JRE version: OpenJDK Runtime Environment (17.0.16+8) (build 17.0.16+8-Debian-1deb12u1)
# Java VM: OpenJDK 64-Bit Server VM (17.0.16+8-Debian-1deb12u1, mixed mode, sharing, tiered, compressed oops, compressed class ptrs, g1 gc, linux-amd64)
# No core dump will be written. Core dumps have been disabled. To enable core dumping, try "ulimit -c unlimited" before starting Java again
#

---------------  S U M M A R Y ------------

Command Line: --add-opens=java.base/java.lang=ALL-UNNAMED --add-opens=java.base/java.lang.invoke=ALL-UNNAMED --add-opens=java.base/java.util=ALL-UNNAMED --add-opens=java.prefs/java.util.prefs=ALL-UNNAMED --add-exports=jdk.compiler/com.sun.tools.javac.api=ALL-UNNAMED --add-exports=jdk.compiler/com.sun.tools.javac.util=ALL-UNNAMED --add-opens=java.base/java.util=ALL-UNNAMED --add-opens=java.prefs/java.util.prefs=ALL-UNNAMED --add-opens=java.base/java.nio.charset=ALL-UNNAMED --add-opens=java.base/java.net=ALL-UNNAMED --add-opens=java.base/java.util.concurrent=ALL-UNNAMED --add-opens=java.base/java.util.concurrent.atomic=ALL-UNNAMED --add-opens=java.xml/javax.xml.namespace=ALL-UNNAMED --add-opens=java.base/java.time=ALL-UNNAMED -Xmx4g -Dfile.encoding=UTF-8 -Duser.country -Duser.language=en -Duser.variant -javaagent:/root/.gradle/wrapper/dists/gradle-9.3.1-bin/23ovyewtku6u96viwx3xl3oks/gradle-9.3.1/lib/agents/gradle-instrumentation-agent-9.3.1.jar org.gradle.launcher.daemon.bootstrap.GradleDaemon 9.3.1

Host: Intel(R) Xeon(R) Processor @ 2.50GHz, 2 cores, 2G, Debian GNU/Linux 12 (bookworm)
Time: Sat Aug 22 22:43:16 2026 UTC elapsed time: 208.197225 seconds (0d 0h 3m 28s)

---------------  T H R E A D  ---------------

Current thread (0x00007fab8400a640):  JavaThread "Daemon worker" [_thread_in_vm, id=2742, stack(0x00007fabecafa000,0x00007fabecbfa000)]

Stack: [0x00007fabecafa000,0x00007fabecbfa000],  sp=0x00007fabecbef7b0,  free space=981k
Native frames: (J=compiled Java code, j=interpreted, Vv=VM code, C=native code)
V  [libjvm.so+0xf21441]  VMError::report_and_die(int, char const*, char const*, __va_list_tag*, Thread*, unsigned char*, void*, void*, char const*, int, unsigned long)+0x171
V  [libjvm.so+0xf21fad]  VMError::report_and_die(Thread*, char const*, int, unsigned long, VMErrorType, char const*, __va_list_tag*)+0x2d
V  [libjvm.so+0x602fcc]  report_vm_out_of_memory(char const*, int, unsigned long, VMErrorType, char const*, ...)+0xdc
V  [libjvm.so+0xc29420]  os::pd_commit_memory(char*, unsigned long, bool)+0xc0
V  [libjvm.so+0xc237bd]  os::commit_memory(char*, unsigned long, bool)+0x1d
V  [libjvm.so+0xf187b5]  metaspace::VirtualSpaceNode::commit_range(MetaWordImpl**, unsigned long)+0x135
V  [libjvm.so+0xba2af7]  metaspace::Metachunk::ensure_committed_locked(unsigned long)+0xb7
V  [libjvm.so+0x53b993]  metaspace::ChunkManager::get_chunk(signed char, signed char, unsigned long)+0x173
V  [libjvm.so+0xba5f13]  metaspace::MetaspaceArena::allocate(unsigned long)+0x263
V  [libjvm.so+0xba5168]  Metaspace::allocate(ClassLoaderData*, unsigned long, MetaspaceObj::Type, JavaThread*)+0x48
V  [libjvm.so+0x5f376f]  ConstantPool::allocate(ClassLoaderData*, int, JavaThread*)+0x7f
V  [libjvm.so+0x579921]  ClassFileParser::parse_stream(ClassFileStream const*, JavaThread*)+0x131
V  [libjvm.so+0x57ab1a]  ClassFileParser::ClassFileParser(ClassFileStream*, Symbol*, ClassLoaderData*, ClassLoadInfo const*, ClassFileParser::Publicity, JavaThread*)+0x1aa
V  [libjvm.so+0xa60094]  KlassFactory::create_from_stream(ClassFileStream*, Symbol*, ClassLoaderData*, ClassLoadInfo const&, JavaThread*)+0x254
V  [libjvm.so+0xe54ba0]  SystemDictionary::resolve_class_from_stream(ClassFileStream*, Symbol*, Handle, ClassLoadInfo const&, JavaThread*)+0x140
V  [libjvm.so+0x906ba1]  jvm_define_class_common(char const*, _jobject*, signed char const*, int, _jobject*, char const*, JavaThread*)+0x241
V  [libjvm.so+0x906e84]  JVM_DefineClassWithSource+0xa4
C  [libjava.so+0xd553]  Java_java_lang_ClassLoader_defineClass1+0x133
J 744  java.lang.ClassLoader.defineClass1(Ljava/lang/ClassLoader;Ljava/lang/String;[BIILjava/security/ProtectionDomain;Ljava/lang/String;)Ljava/lang/Class; java.base@17.0.16 (0 bytes) @ 0x00007fabfd04b475 [0x00007fabfd04b340+0x0000000000000135]
J 28430 c2 java.security.SecureClassLoader.defineClass(Ljava/lang/String;[BIILjava/security/CodeSource;)Ljava/lang/Class; java.base@17.0.16 (16 bytes) @ 0x00007fabfd6e9e50 [0x00007fabfd6e98c0+0x0000000000000590]
J 7482 c1 java.net.URLClassLoader.defineClass(Ljava/lang/String;Ljdk/internal/loader/Resource;)Ljava/lang/Class; java.base@17.0.16 (224 bytes) @ 0x00007fabf5df6a14 [0x00007fabf5df53a0+0x0000000000001674]
J 12237 c1 java.net.URLClassLoader$1.run()Ljava/lang/Class; java.base@17.0.16 (81 bytes) @ 0x00007fabf66c85ac [0x00007fabf66c79c0+0x0000000000000bec]
J 25113 c1 java.net.URLClassLoader$1.run()Ljava/lang/Object; java.base@17.0.16 (5 bytes) @ 0x00007fabf635b8b4 [0x00007fabf635b840+0x0000000000000074]
J 7985 c2 java.net.URLClassLoader.findClass(Ljava/lang/String;)Ljava/lang/Class; java.base@17.0.16 (47 bytes) @ 0x00007fabfd485e6c [0x00007fabfd485da0+0x00000000000000cc]
J 24530 c1 org.gradle.internal.classloader.VisitableURLClassLoader$InstrumentingVisitableURLClassLoader.findClass(Ljava/lang/String;)Ljava/lang/Class; (36 bytes) @ 0x00007fabf5e3384c [0x00007fabf5e33780+0x00000000000000cc]
J 10851 c2 java.lang.ClassLoader.loadClass(Ljava/lang/String;Z)Ljava/lang/Class; java.base@17.0.16 (121 bytes) @ 0x00007fabfd3a0858 [0x00007fabfd39ff20+0x0000000000000938]
J 3462 c2 java.lang.ClassLoader.loadClass(Ljava/lang/String;)Ljava/lang/Class; java.base@17.0.16 (7 bytes) @ 0x00007fabfd198760 [0x00007fabfd198720+0x0000000000000040]
v  ~StubRoutines::call_stub
V  [libjvm.so+0x827fa2]  JavaCalls::call_helper(JavaValue*, methodHandle const&, JavaCallArguments*, JavaThread*)+0x302
V  [libjvm.so+0x829802]  JavaCalls::call_virtual(JavaValue*, Handle, Klass*, Symbol*, Symbol*, Handle, JavaThread*)+0x1b2
V  [libjvm.so+0xe56411]  SystemDictionary::load_instance_class_impl(Symbol*, Handle, JavaThread*)+0x1a1
V  [libjvm.so+0xe54c98]  SystemDictionary::load_instance_class(unsigned int, Symbol*, Handle, JavaThread*)+0x28
V  [libjvm.so+0xe5567c]  SystemDictionary::resolve_instance_class_or_null(Symbol*, Handle, Handle, JavaThread*)+0x8bc
V  [libjvm.so+0xe56e56]  SystemDictionary::resolve_or_fail(Symbol*, Handle, Handle, bool, JavaThread*)+0x66
V  [libjvm.so+0x5f7a81]  ConstantPool::klass_at_impl(constantPoolHandle const&, int, JavaThread*)+0x131
V  [libjvm.so+0x8208c3]  InterpreterRuntime::_new(JavaThread*, ConstantPool*, int)+0x63
j  com.android.build.gradle.internal.core.dsl.impl.AndroidTestComponentDslInfoImpl$instrumentedTestDelegate$2.invoke()Lcom/android/build/gradle/internal/core/dsl/impl/InstrumentedTestDslInfoImpl;+0
j  com.android.build.gradle.internal.core.dsl.impl.AndroidTestComponentDslInfoImpl$instrumentedTestDelegate$2.invoke()Ljava/lang/Object;+1
J 6732 c2 kotlin.SynchronizedLazyImpl.getValue()Ljava/lang/Object; (87 bytes) @ 0x00007fabfd53ef28 [0x00007fabfd53ee20+0x0000000000000108]
j  com.android.build.gradle.internal.core.dsl.impl.AndroidTestComponentDslInfoImpl.getInstrumentedTestDelegate()Lcom/android/build/gradle/internal/core/dsl/impl/InstrumentedTestDslInfoImpl;+6
j  com.android.build.gradle.internal.core.dsl.impl.AndroidTestComponentDslInfoImpl.getHandleProfiling()Lorg/gradle/api/provider/Provider;+1
j  com.android.build.api.component.impl.DeviceTestImpl.<init>(Lcom/android/build/api/variant/ComponentIdentity;Lcom/android/build/gradle/internal/scope/BuildFeatureValues;Lcom/android/build/gradle/internal/core/dsl/AndroidTestComponentDslInfo;Lcom/android/build/gradle/internal/dependency/VariantDependencies;Lcom/android/build/gradle/internal/core/VariantSources;Lcom/android/build/gradle/internal/variant/VariantPathHelper;Lcom/android/build/api/artifact/impl/ArtifactsImpl;Lcom/android/build/gradle/internal/variant/BaseVariantData;Lcom/android/build/gradle/internal/scope/MutableTaskContainer;Lcom/android/build/gradle/internal/component/VariantCreationConfig;Lcom/android/build/gradle/internal/services/VariantServices;Lcom/android/build/gradle/internal/services/TaskCreationServices;Lcom/android/build/gradle/internal/tasks/factory/GlobalTaskCreationConfig;Lcom/android/build/api/variant/impl/DeviceTestBuilderImpl;)V+266
j  com.android.build.api.component.impl.DeviceTestImpl_Decorated.<init>(Lcom/android/build/api/variant/ComponentIdentity;Lcom/android/build/gradle/internal/scope/BuildFeatureValues;Lcom/android/build/gradle/internal/core/dsl/AndroidTestComponentDslInfo;Lcom/android/build/gradle/internal/dependency/VariantDependencies;Lcom/android/build/gradle/internal/core/VariantSources;Lcom/android/build/gradle/internal/variant/VariantPathHelper;Lcom/android/build/api/artifact/impl/ArtifactsImpl;Lcom/android/build/gradle/internal/variant/BaseVariantData;Lcom/android/build/gradle/internal/scope/MutableTaskContainer;Lcom/android/build/gradle/internal/component/VariantCreationConfig;Lcom/android/build/gradle/internal/services/VariantServices;Lcom/android/build/gradle/internal/services/TaskCreationServices;Lcom/android/build/gradle/internal/tasks/factory/GlobalTaskCreationConfig;Lcom/android/build/api/variant/impl/DeviceTestBuilderImpl;)V+26
v  ~StubRoutines::call_stub
V  [libjvm.so+0x827fa2]  JavaCalls::call_helper(JavaValue*, methodHandle const&, JavaCallArguments*, JavaThread*)+0x302
V  [libjvm.so+0xcb9bdc]  invoke(InstanceKlass*, methodHandle const&, Handle, bool, objArrayHandle, BasicType, objArrayHandle, bool, JavaThread*) [clone .constprop.0]+0x74c
V  [libjvm.so+0xcba771]  Reflection::invoke_constructor(oopDesc*, objArrayHandle, JavaThread*)+0x191
V  [libjvm.so+0x9041d9]  JVM_NewInstanceFromConstructor+0xa9
J 1437  jdk.internal.reflect.NativeConstructorAccessorImpl.newInstance0(Ljava/lang/reflect/Constructor;[Ljava/lang/Object;)Ljava/lang/Object; java.base@17.0.16 (0 bytes) @ 0x00007fabfd08b9a0 [0x00007fabfd08b8c0+0x00000000000000e0]
J 2326 c1 jdk.internal.reflect.NativeConstructorAccessorImpl.newInstance([Ljava/lang/Object;)Ljava/lang/Object; java.base@17.0.16 (122 bytes) @ 0x00007fabf5963fdc [0x00007fabf5963680+0x000000000000095c]
J 10034 c2 java.lang.reflect.Constructor.newInstanceWithCaller([Ljava/lang/Object;ZLjava/lang/Class;)Ljava/lang/Object; java.base@17.0.16 (75 bytes) @ 0x00007fabfd67a4ec [0x00007fabfd67a280+0x000000000000026c]
J 14516 c1 org.gradle.internal.instantiation.generator.AsmBackedClassGenerator$InvokeConstructorStrategy.newInstance(Lorg/gradle/internal/service/ServiceLookup;Lorg/gradle/internal/instantiation/InstanceGenerator;Lorg/gradle/api/Describable;[Ljava/lang/Object;)Ljava/lang/Object; (66 bytes) @ 0x00007fabf5d5d124 [0x00007fabf5d5cae0+0x0000000000000644]
J 17066 c1 org.gradle.internal.instantiation.generator.AbstractClassGenerator$GeneratedClassImpl$GeneratedConstructorImpl.newInstance(Lorg/gradle/internal/service/ServiceLookup;Lorg/gradle/internal/instantiation/InstanceGenerator;Lorg/gradle/api/Describable;[Ljava/lang/Object;)Ljava/lang/Object; (15 bytes) @ 0x00007fabf6eda24c [0x00007fabf6eda140+0x000000000000010c]
J 14493 c1 org.gradle.internal.instantiation.generator.DependencyInjectingInstantiator.doCreate(Ljava/lang/Class;Lorg/gradle/api/Describable;[Ljava/lang/Object;)Ljava/lang/Object; (64 bytes) @ 0x00007fabf6320e94 [0x00007fabf6320ca0+0x00000000000001f4]
J 14492 c1 org.gradle.internal.instantiation.generator.DependencyInjectingInstantiator.newInstance(Ljava/lang/Class;[Ljava/lang/Object;)Ljava/lang/Object; (8 bytes) @ 0x00007fabf66e073c [0x00007fabf66e06c0+0x000000000000007c]
J 21270 c1 org.gradle.api.internal.model.DefaultObjectFactory.newInstance(Ljava/lang/Class;[Ljava/lang/Object;)Ljava/lang/Object; (12 bytes) @ 0x00007fabf74624a4 [0x00007fabf7462440+0x0000000000000064]
j  com.android.build.gradle.internal.services.BaseServicesImpl.newInstance(Ljava/lang/Class;[Ljava/lang/Object;)Ljava/lang/Object;+26
j  com.android.build.gradle.internal.variant.BaseVariantFactory.createAndroidTest(Lcom/android/build/api/variant/ComponentIdentity;Lcom/android/build/gradle/internal/scope/BuildFeatureValues;Lcom/android/build/gradle/internal/core/dsl/AndroidTestComponentDslInfo;Lcom/android/build/gradle/internal/dependency/VariantDependencies;Lcom/android/build/gradle/internal/core/VariantSources;Lcom/android/build/gradle/internal/variant/VariantPathHelper;Lcom/android/build/api/artifact/impl/ArtifactsImpl;Lcom/android/build/gradle/internal/variant/TestVariantData;Lcom/android/build/gradle/internal/scope/MutableTaskContainer;Lcom/android/build/gradle/internal/component/VariantCreationConfig;Lcom/android/build/gradle/internal/services/VariantServices;Lcom/android/build/gradle/internal/services/TaskCreationServices;Lcom/android/build/gradle/internal/tasks/factory/GlobalTaskCreationConfig;Lcom/android/build/api/variant/impl/DeviceTestBuilderImpl;)Lcom/android/build/gradle/internal/component/DeviceTestCreationConfig;+199
j  com.android.build.gradle.internal.VariantManager.createTestComponents(Lcom/android/build/gradle/internal/variant/DimensionCombination;Lcom/android/build/gradle/internal/BuildTypeData;Ljava/util/List;Lcom/android/build/gradle/internal/variant/VariantComponentInfo;Lcom/android/builder/core/ComponentType;ZLjava/lang/Object;)Lcom/android/build/gradle/internal/component/TestComponentCreationConfig;+914
j  com.android.build.gradle.internal.VariantManager.createVariantsFromCombination(Lcom/android/build/gradle/internal/variant/DimensionCombination;Lcom/android/build/gradle/internal/BuildTypeData;Lcom/android/build/api/variant/impl/GlobalVariantBuilderConfig;)Lkotlin/jvm/functions/Function0;+934
j  com.android.build.gradle.internal.VariantManager.computeVariants()V+105
j  com.android.build.gradle.internal.VariantManager.createVariants(Lcom/android/build/gradle/internal/scope/BuildFeatureValues;)V+34
j  com.android.build.gradle.internal.plugins.BasePlugin.createAndroidTasks(Lorg/gradle/api/Project;)V+529
j  com.android.build.gradle.internal.plugins.BasePlugin$createTasks$2$1.call()V+8
j  com.android.build.gradle.internal.profile.NoOpAnalyticsConfiguratorService.recordBlock(Lcom/google/wireless/android/sdk/stats/GradleBuildProfileSpan$ExecutionType;Ljava/lang/String;Ljava/lang/String;Lcom/android/builder/profile/Recorder$VoidBlock;)V+21
j  com.android.build.gradle.internal.plugins.BasePlugin$createTasks$2.accept(Lorg/gradle/api/Project;)V+63
j  com.android.build.gradle.internal.plugins.BasePlugin$createTasks$2.accept(Ljava/lang/Object;)V+5
j  com.android.build.gradle.internal.crash.CrashReporting$afterEvaluate$1.execute(Lorg/gradle/api/Project;)V+12
j  com.android.build.gradle.internal.crash.CrashReporting$afterEvaluate$1.execute(Ljava/lang/Object;)V+5
j  org.gradle.internal.code.DefaultUserCodeApplicationContext$CurrentApplication$1.execute(Ljava/lang/Object;)V+39
j  org.gradle.configuration.internal.DefaultListenerBuildOperationDecorator$BuildOperationEmittingAction$1.run(Lorg/gradle/internal/operations/BuildOperationContext;)V+11
j  org.gradle.internal.operations.DefaultBuildOperationRunner$1.execute(Lorg/gradle/internal/operations/RunnableBuildOperation;Lorg/gradle/internal/operations/BuildOperationContext;)V+2
j  org.gradle.internal.operations.DefaultBuildOperationRunner$1.execute(Lorg/gradle/internal/operations/BuildOperation;Lorg/gradle/internal/operations/BuildOperationContext;)V+6
J 22251 c1 org.gradle.internal.operations.DefaultBuildOperationRunner$2.execute(Lorg/gradle/internal/operations/BuildOperationDescriptor;Lorg/gradle/internal/operations/BuildOperationState;Lorg/gradle/internal/operations/BuildOperationState;Lorg/gradle/internal/operations/DefaultBuildOperationRunner$ReadableBuildOperationContext;Lorg/gradle/internal/operations/DefaultBuildOperationRunner$BuildOperationExecutionListener;)Lorg/gradle/internal/operations/BuildOperation; (110 bytes) @ 0x00007fabf68e223c [0x00007fabf68e2040+0x00000000000001fc]
J 22336 c1 org.gradle.internal.operations.DefaultBuildOperationRunner$2.execute(Lorg/gradle/internal/operations/BuildOperationDescriptor;Lorg/gradle/internal/operations/BuildOperationState;Lorg/gradle/internal/operations/BuildOperationState;Lorg/gradle/internal/operations/DefaultBuildOperationRunner$ReadableBuildOperationContext;Lorg/gradle/internal/operations/DefaultBuildOperationRunner$BuildOperationExecutionListener;)Ljava/lang/Object; (12 bytes) @ 0x00007fabf706bf34 [0x00007fabf706bec0+0x0000000000000074]
J 22389 c1 org.gradle.internal.operations.DefaultBuildOperationRunner.execute(Lorg/gradle/internal/operations/BuildOperationDescriptor$Builder;Lorg/gradle/internal/operations/DefaultBuildOperationRunner$BuildOperationExecution;)Ljava/lang/Object; (147 bytes) @ 0x00007fabf58290c4 [0x00007fabf5828220+0x0000000000000ea4]
J 18777 c1 org.gradle.internal.operations.DefaultBuildOperationRunner.execute(Lorg/gradle/internal/operations/BuildOperation;Lorg/gradle/internal/operations/BuildOperationWorker;)V (22 bytes) @ 0x00007fabf575e7fc [0x00007fabf575e560+0x000000000000029c]
j  org.gradle.internal.operations.DefaultBuildOperationRunner.run(Lorg/gradle/internal/operations/RunnableBuildOperation;)V+5
j  org.gradle.configuration.internal.DefaultListenerBuildOperationDecorator$BuildOperationEmittingAction.execute(Ljava/lang/Object;)V+24
j  org.gradle.internal.event.BroadcastDispatch$ActionInvocationHandler.dispatch(Lorg/gradle/internal/dispatch/MethodInvocation;)V+24
j  org.gradle.internal.event.BroadcastDispatch$ActionInvocationHandler.dispatch(Ljava/lang/Object;)V+5
j  org.gradle.internal.event.AbstractBroadcastDispatch.dispatch(Lorg/gradle/internal/dispatch/MethodInvocation;Lorg/gradle/internal/dispatch/Dispatch;)V+2
J 4535 c1 org.gradle.internal.event.BroadcastDispatch$SingletonDispatch.dispatch(Lorg/gradle/internal/dispatch/MethodInvocation;)V (10 bytes) @ 0x00007fabf5e72b9c [0x00007fabf5e72b40+0x000000000000005c]
j  org.gradle.internal.event.BroadcastDispatch$SingletonDispatch.dispatch(Ljava/lang/Object;)V+5
j  org.gradle.internal.event.AbstractBroadcastDispatch.dispatch(Lorg/gradle/internal/dispatch/MethodInvocation;Ljava/util/Iterator;)V+25
j  org.gradle.internal.event.AbstractBroadcastDispatch.dispatch(Lorg/gradle/internal/dispatch/MethodInvocation;Ljava/util/List;)V+61
J 20049 c2 org.gradle.internal.event.BroadcastDispatch$CompositeDispatch.dispatch(Ljava/lang/Object;)V (9 bytes) @ 0x00007fabfd8f746c [0x00007fabfd8f7420+0x000000000000004c]
J 4984 c1 org.gradle.internal.event.ListenerBroadcast.dispatch(Lorg/gradle/internal/dispatch/MethodInvocation;)V (9 bytes) @ 0x00007fabf57bdea4 [0x00007fabf57bde40+0x0000000000000064]
j  org.gradle.internal.event.ListenerBroadcast.dispatch(Ljava/lang/Object;)V+5
J 20938 c1 org.gradle.internal.dispatch.ProxyDispatchAdapter$DispatchingInvocationHandler.invoke(Ljava/lang/Object;Ljava/lang/reflect/Method;[Ljava/lang/Object;)Ljava/lang/Object; (266 bytes) @ 0x00007fabf73d84f4 [0x00007fabf73d7cc0+0x0000000000000834]
j  jdk.proxy1.$Proxy79.afterEvaluate(Lorg/gradle/api/Project;Lorg/gradle/api/ProjectState;)V+20 jdk.proxy1
j  org.gradle.configuration.project.LifecycleProjectEvaluator$NotifyAfterEvaluate$1.execute(Lorg/gradle/api/ProjectEvaluationListener;)V+15
j  org.gradle.configuration.project.LifecycleProjectEvaluator$NotifyAfterEvaluate$1.execute(Ljava/lang/Object;)V+5
j  org.gradle.api.internal.project.DefaultProject.stepEvaluationListener(Lorg/gradle/api/ProjectEvaluationListener;Lorg/gradle/api/Action;)Lorg/gradle/api/ProjectEvaluationListener;+19
j  org.gradle.configuration.project.LifecycleProjectEvaluator$NotifyAfterEvaluate.run(Lorg/gradle/internal/operations/BuildOperationContext;)V+25
j  org.gradle.internal.operations.DefaultBuildOperationRunner$1.execute(Lorg/gradle/internal/operations/RunnableBuildOperation;Lorg/gradle/internal/operations/BuildOperationContext;)V+2
j  org.gradle.internal.operations.DefaultBuildOperationRunner$1.execute(Lorg/gradle/internal/operations/BuildOperation;Lorg/gradle/internal/operations/BuildOperationContext;)V+6
J 22251 c1 org.gradle.internal.operations.DefaultBuildOperationRunner$2.execute(Lorg/gradle/internal/operations/BuildOperationDescriptor;Lorg/gradle/internal/operations/BuildOperationState;Lorg/gradle/internal/operations/BuildOperationState;Lorg/gradle/internal/operations/DefaultBuildOperationRunner$ReadableBuildOperationContext;Lorg/gradle/internal/operations/DefaultBuildOperationRunner$BuildOperationExecutionListener;)Lorg/gradle/internal/operations/BuildOperation; (110 bytes) @ 0x00007fabf68e223c [0x00007fabf68e2040+0x00000000000001fc]
J 22336 c1 org.gradle.internal.operations.DefaultBuildOperationRunner$2.execute(Lorg/gradle/internal/operations/BuildOperationDescriptor;Lorg/gradle/internal/operations/BuildOperationState;Lorg/gradle/internal/operations/BuildOperationState;Lorg/gradle/internal/operations/DefaultBuildOperationRunner$ReadableBuildOperationContext;Lorg/gradle/internal/operations/DefaultBuildOperationRunner$BuildOperationExecutionListener;)Ljava/lang/Object; (12 bytes) @ 0x00007fabf706bf34 [0x00007fabf706bec0+0x0000000000000074]
J 22389 c1 org.gradle.internal.operations.DefaultBuildOperationRunner.execute(Lorg/gradle/internal/operations/BuildOperationDescriptor$Builder;Lorg/gradle/internal/operations/DefaultBuildOperationRunner$BuildOperationExecution;)Ljava/lang/Object; (147 bytes) @ 0x00007fabf58290c4 [0x00007fabf5828220+0x0000000000000ea4]
...<more frames>...

Java frames: (J=compiled Java code, j=interpreted, Vv=VM code)
J 744  java.lang.ClassLoader.defineClass1(Ljava/lang/ClassLoader;Ljava/lang/String;[BIILjava/security/ProtectionDomain;Ljava/lang/String;)Ljava/lang/Class; java.base@17.0.16 (0 bytes) @ 0x00007fabfd04b3f8 [0x00007fabfd04b340+0x00000000000000b8]
J 28430 c2 java.security.SecureClassLoader.defineClass(Ljava/lang/String;[BIILjava/security/CodeSource;)Ljava/lang/Class; java.base@17.0.16 (16 bytes) @ 0x00007fabfd6e9e50 [0x00007fabfd6e98c0+0x0000000000000590]
J 7482 c1 java.net.URLClassLoader.defineClass(Ljava/lang/String;Ljdk/internal/loader/Resource;)Ljava/lang/Class; java.base@17.0.16 (224 bytes) @ 0x00007fabf5df6a14 [0x00007fabf5df53a0+0x0000000000001674]
J 12237 c1 java.net.URLClassLoader$1.run()Ljava/lang/Class; java.base@17.0.16 (81 bytes) @ 0x00007fabf66c85ac [0x00007fabf66c79c0+0x0000000000000bec]
J 25113 c1 java.net.URLClassLoader$1.run()Ljava/lang/Object; java.base@17.0.16 (5 bytes) @ 0x00007fabf635b8b4 [0x00007fabf635b840+0x0000000000000074]
J 7985 c2 java.net.URLClassLoader.findClass(Ljava/lang/String;)Ljava/lang/Class; java.base@17.0.16 (47 bytes) @ 0x00007fabfd485e6c [0x00007fabfd485da0+0x00000000000000cc]
J 24530 c1 org.gradle.internal.classloader.VisitableURLClassLoader$InstrumentingVisitableURLClassLoader.findClass(Ljava/lang/String;)Ljava/lang/Class; (36 bytes) @ 0x00007fabf5e3384c [0x00007fabf5e33780+0x00000000000000cc]
J 10851 c2 java.lang.ClassLoader.loadClass(Ljava/lang/String;Z)Ljava/lang/Class; java.base@17.0.16 (121 bytes) @ 0x00007fabfd3a0858 [0x00007fabfd39ff20+0x0000000000000938]
J 3462 c2 java.lang.ClassLoader.loadClass(Ljava/lang/String;)Ljava/lang/Class; java.base@17.0.16 (7 bytes) @ 0x00007fabfd198760 [0x00007fabfd198720+0x0000000000000040]
v  ~StubRoutines::call_stub
j  com.android.build.gradle.internal.core.dsl.impl.AndroidTestComponentDslInfoImpl$instrumentedTestDelegate$2.invoke()Lcom/android/build/gradle/internal/core/dsl/impl/InstrumentedTestDslInfoImpl;+0
j  com.android.build.gradle.internal.core.dsl.impl.AndroidTestComponentDslInfoImpl$instrumentedTestDelegate$2.invoke()Ljava/lang/Object;+1
J 6732 c2 kotlin.SynchronizedLazyImpl.getValue()Ljava/lang/Object; (87 bytes) @ 0x00007fabfd53ef28 [0x00007fabfd53ee20+0x0000000000000108]
j  com.android.build.gradle.internal.core.dsl.impl.AndroidTestComponentDslInfoImpl.getInstrumentedTestDelegate()Lcom/android/build/gradle/internal/core/dsl/impl/InstrumentedTestDslInfoImpl;+6
j  com.android.build.gradle.internal.core.dsl.impl.AndroidTestComponentDslInfoImpl.getHandleProfiling()Lorg/gradle/api/provider/Provider;+1
j  com.android.build.api.component.impl.DeviceTestImpl.<init>(Lcom/android/build/api/variant/ComponentIdentity;Lcom/android/build/gradle/internal/scope/BuildFeatureValues;Lcom/android/build/gradle/internal/core/dsl/AndroidTestComponentDslInfo;Lcom/android/build/gradle/internal/dependency/VariantDependencies;Lcom/android/build/gradle/internal/core/VariantSources;Lcom/android/build/gradle/internal/variant/VariantPathHelper;Lcom/android/build/api/artifact/impl/ArtifactsImpl;Lcom/android/build/gradle/internal/variant/BaseVariantData;Lcom/android/build/gradle/internal/scope/MutableTaskContainer;Lcom/android/build/gradle/internal/component/VariantCreationConfig;Lcom/android/build/gradle/internal/services/VariantServices;Lcom/android/build/gradle/internal/services/TaskCreationServices;Lcom/android/build/gradle/internal/tasks/factory/GlobalTaskCreationConfig;Lcom/android/build/api/variant/impl/DeviceTestBuilderImpl;)V+266
j  com.android.build.api.component.impl.DeviceTestImpl_Decorated.<init>(Lcom/android/build/api/variant/ComponentIdentity;Lcom/android/build/gradle/internal/scope/BuildFeatureValues;Lcom/android/build/gradle/internal/core/dsl/AndroidTestComponentDslInfo;Lcom/android/build/gradle/internal/dependency/VariantDependencies;Lcom/android/build/gradle/internal/core/VariantSources;Lcom/android/build/gradle/internal/variant/VariantPathHelper;Lcom/android/build/api/artifact/impl/ArtifactsImpl;Lcom/android/build/gradle/internal/variant/BaseVariantData;Lcom/android/build/gradle/internal/scope/MutableTaskContainer;Lcom/android/build/gradle/internal/component/VariantCreationConfig;Lcom/android/build/gradle/internal/services/VariantServices;Lcom/android/build/gradle/internal/services/TaskCreationServices;Lcom/android/build/gradle/internal/tasks/factory/GlobalTaskCreationConfig;Lcom/android/build/api/variant/impl/DeviceTestBuilderImpl;)V+26
v  ~StubRoutines::call_stub
J 1437  jdk.internal.reflect.NativeConstructorAccessorImpl.newInstance0(Ljava/lang/reflect/Constructor;[Ljava/lang/Object;)Ljava/lang/Object; java.base@17.0.16 (0 bytes) @ 0x00007fabfd08b92b [0x00007fabfd08b8c0+0x000000000000006b]
J 2326 c1 jdk.internal.reflect.NativeConstructorAccessorImpl.newInstance([Ljava/lang/Object;)Ljava/lang/Object; java.base@17.0.16 (122 bytes) @ 0x00007fabf5963fdc [0x00007fabf5963680+0x000000000000095c]
J 10034 c2 java.lang.reflect.Constructor.newInstanceWithCaller([Ljava/lang/Object;ZLjava/lang/Class;)Ljava/lang/Object; java.base@17.0.16 (75 bytes) @ 0x00007fabfd67a4ec [0x00007fabfd67a280+0x000000000000026c]
J 14516 c1 org.gradle.internal.instantiation.generator.AsmBackedClassGenerator$InvokeConstructorStrategy.newInstance(Lorg/gradle/internal/service/ServiceLookup;Lorg/gradle/internal/instantiation/InstanceGenerator;Lorg/gradle/api/Describable;[Ljava/lang/Object;)Ljava/lang/Object; (66 bytes) @ 0x00007fabf5d5d124 [0x00007fabf5d5cae0+0x0000000000000644]
J 17066 c1 org.gradle.internal.instantiation.generator.AbstractClassGenerator$GeneratedClassImpl$GeneratedConstructorImpl.newInstance(Lorg/gradle/internal/service/ServiceLookup;Lorg/gradle/internal/instantiation/InstanceGenerator;Lorg/gradle/api/Describable;[Ljava/lang/Object;)Ljava/lang/Object; (15 bytes) @ 0x00007fabf6eda24c [0x00007fabf6eda140+0x000000000000010c]
J 14493 c1 org.gradle.internal.instantiation.generator.DependencyInjectingInstantiator.doCreate(Ljava/lang/Class;Lorg/gradle/api/Describable;[Ljava/lang/Object;)Ljava/lang/Object; (64 bytes) @ 0x00007fabf6320e94 [0x00007fabf6320ca0+0x00000000000001f4]
J 14492 c1 org.gradle.internal.instantiation.generator.DependencyInjectingInstantiator.newInstance(Ljava/lang/Class;[Ljava/lang/Object;)Ljava/lang/Object; (8 bytes) @ 0x00007fabf66e073c [0x00007fabf66e06c0+0x000000000000007c]
J 21270 c1 org.gradle.api.internal.model.DefaultObjectFactory.newInstance(Ljava/lang/Class;[Ljava/lang/Object;)Ljava/lang/Object; (12 bytes) @ 0x00007fabf74624a4 [0x00007fabf7462440+0x0000000000000064]
j  com.android.build.gradle.internal.services.BaseServicesImpl.newInstance(Ljava/lang/Class;[Ljava/lang/Object;)Ljava/lang/Object;+26
j  com.android.build.gradle.internal.variant.BaseVariantFactory.createAndroidTest(Lcom/android/build/api/variant/ComponentIdentity;Lcom/android/build/gradle/internal/scope/BuildFeatureValues;Lcom/android/build/gradle/internal/core/dsl/AndroidTestComponentDslInfo;Lcom/android/build/gradle/internal/dependency/VariantDependencies;Lcom/android/build/gradle/internal/core/VariantSources;Lcom/android/build/gradle/internal/variant/VariantPathHelper;Lcom/android/build/api/artifact/impl/ArtifactsImpl;Lcom/android/build/gradle/internal/variant/TestVariantData;Lcom/android/build/gradle/internal/scope/MutableTaskContainer;Lcom/android/build/gradle/internal/component/VariantCreationConfig;Lcom/android/build/gradle/internal/services/VariantServices;Lcom/android/build/gradle/internal/services/TaskCreationServices;Lcom/android/build/gradle/internal/tasks/factory/GlobalTaskCreationConfig;Lcom/android/build/api/variant/impl/DeviceTestBuilderImpl;)Lcom/android/build/gradle/internal/component/DeviceTestCreationConfig;+199
j  com.android.build.gradle.internal.VariantManager.createTestComponents(Lcom/android/build/gradle/internal/variant/DimensionCombination;Lcom/android/build/gradle/internal/BuildTypeData;Ljava/util/List;Lcom/android/build/gradle/internal/variant/VariantComponentInfo;Lcom/android/builder/core/ComponentType;ZLjava/lang/Object;)Lcom/android/build/gradle/internal/component/TestComponentCreationConfig;+914
j  com.android.build.gradle.internal.VariantManager.createVariantsFromCombination(Lcom/android/build/gradle/internal/variant/DimensionCombination;Lcom/android/build/gradle/internal/BuildTypeData;Lcom/android/build/api/variant/impl/GlobalVariantBuilderConfig;)Lkotlin/jvm/functions/Function0;+934
j  com.android.build.gradle.internal.VariantManager.computeVariants()V+105
j  com.android.build.gradle.internal.VariantManager.createVariants(Lcom/android/build/gradle/internal/scope/BuildFeatureValues;)V+34
j  com.android.build.gradle.internal.plugins.BasePlugin.createAndroidTasks(Lorg/gradle/api/Project;)V+529
j  com.android.build.gradle.internal.plugins.BasePlugin$createTasks$2$1.call()V+8
j  com.android.build.gradle.internal.profile.NoOpAnalyticsConfiguratorService.recordBlock(Lcom/google/wireless/android/sdk/stats/GradleBuildProfileSpan$ExecutionType;Ljava/lang/String;Ljava/lang/String;Lcom/android/builder/profile/Recorder$VoidBlock;)V+21
j  com.android.build.gradle.internal.plugins.BasePlugin$createTasks$2.accept(Lorg/gradle/api/Project;)V+63
j  com.android.build.gradle.internal.plugins.BasePlugin$createTasks$2.accept(Ljava/lang/Object;)V+5
j  com.android.build.gradle.internal.crash.CrashReporting$afterEvaluate$1.execute(Lorg/gradle/api/Project;)V+12
j  com.android.build.gradle.internal.crash.CrashReporting$afterEvaluate$1.execute(Ljava/lang/Object;)V+5
j  org.gradle.internal.code.DefaultUserCodeApplicationContext$CurrentApplication$1.execute(Ljava/lang/Object;)V+39
j  org.gradle.configuration.internal.DefaultListenerBuildOperationDecorator$BuildOperationEmittingAction$1.run(Lorg/gradle/internal/operations/BuildOperationContext;)V+11
j  org.gradle.internal.operations.DefaultBuildOperationRunner$1.execute(Lorg/gradle/internal/operations/RunnableBuildOperation;Lorg/gradle/internal/operations/BuildOperationContext;)V+2
j  org.gradle.internal.operations.DefaultBuildOperationRunner$1.execute(Lorg/gradle/internal/operations/BuildOperation;Lorg/gradle/internal/operations/BuildOperationContext;)V+6
J 22251 c1 org.gradle.internal.operations.DefaultBuildOperationRunner$2.execute(Lorg/gradle/internal/operations/BuildOperationDescriptor;Lorg/gradle/internal/operations/BuildOperationState;Lorg/gradle/internal/operations/BuildOperationState;Lorg/gradle/internal/operations/DefaultBuildOperationRunner$ReadableBuildOperationContext;Lorg/gradle/internal/operations/DefaultBuildOperationRunner$BuildOperationExecutionListener;)Lorg/gradle/internal/operations/BuildOperation; (110 bytes) @ 0x00007fabf68e223c [0x00007fabf68e2040+0x00000000000001fc]
J 22336 c1 org.gradle.internal.operations.DefaultBuildOperationRunner$2.execute(Lorg/gradle/internal/operations/BuildOperationDescriptor;Lorg/gradle/internal/operations/BuildOperationState;Lorg/gradle/internal/operations/BuildOperationState;Lorg/gradle/internal/operations/DefaultBuildOperationRunner$ReadableBuildOperationContext;Lorg/gradle/internal/operations/DefaultBuildOperationRunner$BuildOperationExecutionListener;)Ljava/lang/Object; (12 bytes) @ 0x00007fabf706bf34 [0x00007fabf706bec0+0x0000000000000074]
J 22389 c1 org.gradle.internal.operations.DefaultBuildOperationRunner.execute(Lorg/gradle/internal/operations/BuildOperationDescriptor$Builder;Lorg/gradle/internal/operations/DefaultBuildOperationRunner$BuildOperationExecution;)Ljava/lang/Object; (147 bytes) @ 0x00007fabf58290c4 [0x00007fabf5828220+0x0000000000000ea4]
J 18777 c1 org.gradle.internal.operations.DefaultBuildOperationRunner.execute(Lorg/gradle/internal/operations/BuildOperation;Lorg/gradle/internal/operations/BuildOperationWorker;)V (22 bytes) @ 0x00007fabf575e7fc [0x00007fabf575e560+0x000000000000029c]
j  org.gradle.internal.operations.DefaultBuildOperationRunner.run(Lorg/gradle/internal/operations/RunnableBuildOperation;)V+5
j  org.gradle.configuration.internal.DefaultListenerBuildOperationDecorator$BuildOperationEmittingAction.execute(Ljava/lang/Object;)V+24
j  org.gradle.internal.event.BroadcastDispatch$ActionInvocationHandler.dispatch(Lorg/gradle/internal/dispatch/MethodInvocation;)V+24
j  org.gradle.internal.event.BroadcastDispatch$ActionInvocationHandler.dispatch(Ljava/lang/Object;)V+5
j  org.gradle.internal.event.AbstractBroadcastDispatch.dispatch(Lorg/gradle/internal/dispatch/MethodInvocation;Lorg/gradle/internal/dispatch/Dispatch;)V+2
J 4535 c1 org.gradle.internal.event.BroadcastDispatch$SingletonDispatch.dispatch(Lorg/gradle/internal/dispatch/MethodInvocation;)V (10 bytes) @ 0x00007fabf5e72b9c [0x00007fabf5e72b40+0x000000000000005c]
j  org.gradle.internal.event.BroadcastDispatch$SingletonDispatch.dispatch(Ljava/lang/Object;)V+5
j  org.gradle.internal.event.AbstractBroadcastDispatch.dispatch(Lorg/gradle/internal/dispatch/MethodInvocation;Ljava/util/Iterator;)V+25
j  org.gradle.internal.event.AbstractBroadcastDispatch.dispatch(Lorg/gradle/internal/dispatch/MethodInvocation;Ljava/util/List;)V+61
J 20049 c2 org.gradle.internal.event.BroadcastDispatch$CompositeDispatch.dispatch(Ljava/lang/Object;)V (9 bytes) @ 0x00007fabfd8f746c [0x00007fabfd8f7420+0x000000000000004c]
J 4984 c1 org.gradle.internal.event.ListenerBroadcast.dispatch(Lorg/gradle/internal/dispatch/MethodInvocation;)V (9 bytes) @ 0x00007fabf57bdea4 [0x00007fabf57bde40+0x0000000000000064]
j  org.gradle.internal.event.ListenerBroadcast.dispatch(Ljava/lang/Object;)V+5
J 20938 c1 org.gradle.internal.dispatch.ProxyDispatchAdapter$DispatchingInvocationHandler.invoke(Ljava/lang/Object;Ljava/lang/reflect/Method;[Ljava/lang/Object;)Ljava/lang/Object; (266 bytes) @ 0x00007fabf73d84f4 [0x00007fabf73d7cc0+0x0000000000000834]
j  jdk.proxy1.$Proxy79.afterEvaluate(Lorg/gradle/api/Project;Lorg/gradle/api/ProjectState;)V+20 jdk.proxy1
j  org.gradle.configuration.project.LifecycleProjectEvaluator$NotifyAfterEvaluate$1.execute(Lorg/gradle/api/ProjectEvaluationListener;)V+15
j  org.gradle.configuration.project.LifecycleProjectEvaluator$NotifyAfterEvaluate$1.execute(Ljava/lang/Object;)V+5
j  org.gradle.api.internal.project.DefaultProject.stepEvaluationListener(Lorg/gradle/api/ProjectEvaluationListener;Lorg/gradle/api/Action;)Lorg/gradle/api/ProjectEvaluationListener;+19
j  org.gradle.configuration.project.LifecycleProjectEvaluator$NotifyAfterEvaluate.run(Lorg/gradle/internal/operations/BuildOperationContext;)V+25
j  org.gradle.internal.operations.DefaultBuildOperationRunner$1.execute(Lorg/gradle/internal/operations/RunnableBuildOperation;Lorg/gradle/internal/operations/BuildOperationContext;)V+2
j  org.gradle.internal.operations.DefaultBuildOperationRunner$1.execute(Lorg/gradle/internal/operations/BuildOperation;Lorg/gradle/internal/operations/BuildOperationContext;)V+6
J 22251 c1 org.gradle.internal.operations.DefaultBuildOperationRunner$2.execute(Lorg/gradle/internal/operations/BuildOperationDescriptor;Lorg/gradle/internal/operations/BuildOperationState;Lorg/gradle/internal/operations/BuildOperationState;Lorg/gradle/internal/operations/DefaultBuildOperationRunner$ReadableBuildOperationContext;Lorg/gradle/internal/operations/DefaultBuildOperationRunner$BuildOperationExecutionListener;)Lorg/gradle/internal/operations/BuildOperation; (110 bytes) @ 0x00007fabf68e223c [0x00007fabf68e2040+0x00000000000001fc]
J 22336 c1 org.gradle.internal.operations.DefaultBuildOperationRunner$2.execute(Lorg/gradle/internal/operations/BuildOperationDescriptor;Lorg/gradle/internal/operations/BuildOperationState;Lorg/gradle/internal/operations/BuildOperationState;Lorg/gradle/internal/operations/DefaultBuildOperationRunner$ReadableBuildOperationContext;Lorg/gradle/internal/operations/DefaultBuildOperationRunner$BuildOperationExecutionListener;)Ljava/lang/Object; (12 bytes) @ 0x00007fabf706bf34 [0x00007fabf706bec0+0x0000000000000074]
J 22389 c1 org.gradle.internal.operations.DefaultBuildOperationRunner.execute(Lorg/gradle/internal/operations/BuildOperationDescriptor$Builder;Lorg/gradle/internal/operations/DefaultBuildOperationRunner$BuildOperationExecution;)Ljava/lang/Object; (147 bytes) @ 0x00007fabf58290c4 [0x00007fabf5828220+0x0000000000000ea4]
J 18777 c1 org.gradle.internal.operations.DefaultBuildOperationRunner.execute(Lorg/gradle/internal/operations/BuildOperation;Lorg/gradle/internal/operations/BuildOperationWorker;)V (22 bytes) @ 0x00007fabf575e7fc [0x00007fabf575e560+0x000000000000029c]
j  org.gradle.internal.operations.DefaultBuildOperationRunner.run(Lorg/gradle/internal/operations/RunnableBuildOperation;)V+5
j  org.gradle.configuration.project.LifecycleProjectEvaluator$EvaluateProject.lambda$run$0(Lorg/gradle/internal/operations/BuildOperationContext;Lorg/gradle/api/internal/project/ProjectInternal;)V+102
j  org.gradle.configuration.project.LifecycleProjectEvaluator$EvaluateProject$$Lambda$2502+0x00007fab90ff86a0.accept(Ljava/lang/Object;)V+12
j  org.gradle.api.internal.project.DefaultProjectStateRegistry$ProjectStateImpl.lambda$applyToMutableState$0(Ljava/util/function/Consumer;Lorg/gradle/api/internal/project/ProjectInternal;)Ljava/lang/Object;+2
j  org.gradle.api.internal.project.DefaultProjectStateRegistry$ProjectStateImpl$$Lambda$2503+0x00007fab90ff88d8.apply(Ljava/lang/Object;)Ljava/lang/Object;+8
j  org.gradle.api.internal.project.DefaultProjectStateRegistry$ProjectStateImpl.lambda$fromMutableState$1(Ljava/util/function/Function;)Ljava/lang/Object;+5
j  org.gradle.api.internal.project.DefaultProjectStateRegistry$ProjectStateImpl$$Lambda$2504+0x00007fab90ff8b20.get()Ljava/lang/Object;+8
j  org.gradle.api.internal.project.DefaultProjectStateRegistry$ProjectStateImpl$$Lambda$2505+0x00007fab90ff8d48.create()Ljava/lang/Object;+4
j  org.gradle.internal.work.DefaultWorkerLeaseService.lambda$withLocksAcquired$0(Lorg/gradle/internal/Factory;Ljava/util/Collection;)Ljava/lang/Object;+1
j  org.gradle.internal.work.DefaultWorkerLeaseService$$Lambda$201+0x00007fab9023f398.create()Ljava/lang/Object;+12
j  org.gradle.internal.work.ResourceLockStatistics$1.measure(Ljava/lang/String;Ljava/lang/Iterable;Lorg/gradle/internal/Factory;)Ljava/lang/Object;+1
j  org.gradle.internal.work.DefaultWorkerLeaseService.withLocksAcquired(Ljava/util/Collection;Lorg/gradle/internal/Factory;)Ljava/lang/Object;+21
j  org.gradle.internal.work.DefaultWorkerLeaseService.lambda$withReplacedLocks$3(Lorg/gradle/internal/resources/ResourceLock;Lorg/gradle/internal/Factory;)Ljava/lang/Object;+6
j  org.gradle.internal.work.DefaultWorkerLeaseService$$Lambda$2506+0x00007fab90ff8f70.create()Ljava/lang/Object;+12
j  org.gradle.internal.work.DefaultWorkerLeaseService.withoutLocks(Ljava/util/Collection;Lorg/gradle/internal/Factory;)Ljava/lang/Object;+10
j  org.gradle.internal.work.DefaultWorkerLeaseService.withReplacedLocks(Ljava/util/Collection;Lorg/gradle/internal/resources/ResourceLock;Lorg/gradle/internal/Factory;)Ljava/lang/Object;+27
j  org.gradle.api.internal.project.DefaultProjectStateRegistry$ProjectStateImpl.runWithModelLock(Ljava/util/function/Supplier;)Ljava/lang/Object;+129
j  org.gradle.api.internal.project.DefaultProjectStateRegistry$ProjectStateImpl.fromMutableState(Ljava/util/function/Function;)Ljava/lang/Object;+8
j  org.gradle.api.internal.project.DefaultProjectStateRegistry$ProjectStateImpl.applyToMutableState(Ljava/util/function/Consumer;)V+7
j  org.gradle.configuration.project.LifecycleProjectEvaluator$EvaluateProject.run(Lorg/gradle/internal/operations/BuildOperationContext;)V+16
j  org.gradle.internal.operations.DefaultBuildOperationRunner$1.execute(Lorg/gradle/internal/operations/RunnableBuildOperation;Lorg/gradle/internal/operations/BuildOperationContext;)V+2
j  org.gradle.internal.operations.DefaultBuildOperationRunner$1.execute(Lorg/gradle/internal/operations/BuildOperation;Lorg/gradle/internal/operations/BuildOperationContext;)V+6
J 22251 c1 org.gradle.internal.operations.DefaultBuildOperationRunner$2.execute(Lorg/gradle/internal/operations/BuildOperationDescriptor;Lorg/gradle/internal/operations/BuildOperationState;Lorg/gradle/internal/operations/BuildOperationState;Lorg/gradle/internal/operations/DefaultBuildOperationRunner$ReadableBuildOperationContext;Lorg/gradle/internal/operations/DefaultBuildOperationRunner$BuildOperationExecutionListener;)Lorg/gradle/internal/operations/BuildOperation; (110 bytes) @ 0x00007fabf68e223c [0x00007fabf68e2040+0x00000000000001fc]
J 22336 c1 org.gradle.internal.operations.DefaultBuildOperationRunner$2.execute(Lorg/gradle/internal/operations/BuildOperationDescriptor;Lorg/gradle/internal/operations/BuildOperationState;Lorg/gradle/internal/operations/BuildOperationState;Lorg/gradle/internal/operations/DefaultBuildOperationRunner$ReadableBuildOperationContext;Lorg/gradle/internal/operations/DefaultBuildOperationRunner$BuildOperationExecutionListener;)Ljava/lang/Object; (12 bytes) @ 0x00007fabf706bf34 [0x00007fabf706bec0+0x0000000000000074]
J 22389 c1 org.gradle.internal.operations.DefaultBuildOperationRunner.execute(Lorg/gradle/internal/operations/BuildOperationDescriptor$Builder;Lorg/gradle/internal/operations/DefaultBuildOperationRunner$BuildOperationExecution;)Ljava/lang/Object; (147 bytes) @ 0x00007fabf58290c4 [0x00007fabf5828220+0x0000000000000ea4]
J 18777 c1 org.gradle.internal.operations.DefaultBuildOperationRunner.execute(Lorg/gradle/internal/operations/BuildOperation;Lorg/gradle/internal/operations/BuildOperationWorker;)V (22 bytes) @ 0x00007fabf575e7fc [0x00007fabf575e560+0x000000000000029c]
j  org.gradle.internal.operations.DefaultBuildOperationRunner.run(Lorg/gradle/internal/operations/RunnableBuildOperation;)V+5
j  org.gradle.configuration.project.LifecycleProjectEvaluator.evaluate(Lorg/gradle/api/internal/project/ProjectInternal;Lorg/gradle/api/internal/project/ProjectStateInternal;)V+42
j  org.gradle.api.internal.project.DefaultProject.evaluateUnchecked()Lorg/gradle/api/internal/project/ProjectInternal;+20
j  org.gradle.api.internal.project.ProjectLifecycleController.lambda$ensureSelfConfigured$2()V+4
j  org.gradle.api.internal.project.ProjectLifecycleController$$Lambda$2500+0x00007fab90ff6b08.run()V+4
j  org.gradle.internal.model.StateTransitionController.lambda$doTransition$14(Ljava/lang/Runnable;)Lorg/gradle/internal/build/ExecutionResult;+1
j  org.gradle.internal.model.StateTransitionController$$Lambda$399+0x00007fab9044f7b8.get()Ljava/lang/Object;+4
j  org.gradle.internal.model.StateTransitionController.doTransition(Lorg/gradle/internal/model/StateTransitionController$State;Lorg/gradle/internal/model/StateTransitionController$State;Ljava/util/function/Supplier;)Lorg/gradle/internal/build/ExecutionResult;+24
j  org.gradle.internal.model.StateTransitionController.doTransition(Lorg/gradle/internal/model/StateTransitionController$State;Lorg/gradle/internal/model/StateTransitionController$State;Ljava/lang/Runnable;)V+9
j  org.gradle.internal.model.StateTransitionController.lambda$maybeTransitionIfNotCurrentlyTransitioning$10(Lorg/gradle/internal/model/StateTransitionController$State;Lorg/gradle/internal/model/StateTransitionController$State;Ljava/lang/Runnable;)V+16
j  org.gradle.internal.model.StateTransitionController$$Lambda$2501+0x00007fab90ff6d30.run()V+16
j  org.gradle.internal.work.DefaultSynchronizer.withLock(Ljava/lang/Runnable;)V+6
j  org.gradle.internal.model.StateTransitionController.maybeTransitionIfNotCurrentlyTransitioning(Lorg/gradle/internal/model/StateTransitionController$State;Lorg/gradle/internal/model/StateTransitionController$State;Ljava/lang/Runnable;)V+13
j  org.gradle.api.internal.project.ProjectLifecycleController.ensureSelfConfigured()V+16
j  org.gradle.api.internal.project.DefaultProjectStateRegistry$ProjectStateImpl.ensureConfigured()V+19
j  org.gradle.execution.TaskPathProjectEvaluator.configure(Lorg/gradle/api/internal/project/ProjectInternal;)V+6
j  org.gradle.execution.TaskPathProjectEvaluator.configureHierarchy(Lorg/gradle/api/internal/project/ProjectInternal;)V+41
j  org.gradle.configuration.DefaultProjectsPreparer.prepareProjects(Lorg/gradle/api/internal/GradleInternal;)V+52
j  org.gradle.configuration.BuildTreePreparingProjectsPreparer.prepareProjects(Lorg/gradle/api/internal/GradleInternal;)V+114
j  org.gradle.configuration.BuildOperationFiringProjectsPreparer$ConfigureBuild.run(Lorg/gradle/internal/operations/BuildOperationContext;)V+11
j  org.gradle.internal.operations.DefaultBuildOperationRunner$1.execute(Lorg/gradle/internal/operations/RunnableBuildOperation;Lorg/gradle/internal/operations/BuildOperationContext;)V+2
j  org.gradle.internal.operations.DefaultBuildOperationRunner$1.execute(Lorg/gradle/internal/operations/BuildOperation;Lorg/gradle/internal/operations/BuildOperationContext;)V+6
j  org.gradle.internal.operations.DefaultBuildOperationRunner$2.execute(Lorg/gradle/internal/operations/BuildOperationDescriptor;Lorg/gradle/internal/operations/BuildOperationState;Lorg/gradle/internal/operations/BuildOperationState;Lorg/gradle/internal/operations/DefaultBuildOperationRunner$ReadableBuildOperationContext;Lorg/gradle/internal/operations/DefaultBuildOperationRunner$BuildOperationExecutionListener;)Lorg/gradle/internal/operations/BuildOperation;+22
j  org.gradle.internal.operations.DefaultBuildOperationRunner$2.execute(Lorg/gradle/internal/operations/BuildOperationDescriptor;Lorg/gradle/internal/operations/BuildOperationState;Lorg/gradle/internal/operations/BuildOperationState;Lorg/gradle/internal/operations/DefaultBuildOperationRunner$ReadableBuildOperationContext;Lorg/gradle/internal/operations/DefaultBuildOperationRunner$BuildOperationExecutionListener;)Ljava/lang/Object;+8
j  org.gradle.internal.operations.DefaultBuildOperationRunner.execute(Lorg/gradle/internal/operations/BuildOperationDescriptor$Builder;Lorg/gradle/internal/operations/DefaultBuildOperationRunner$BuildOperationExecution;)Ljava/lang/Object;+141
j  org.gradle.internal.operations.DefaultBuildOperationRunner.execute(Lorg/gradle/internal/operations/BuildOperation;Lorg/gradle/internal/operations/BuildOperationWorker;)V+17
j  org.gradle.internal.operations.DefaultBuildOperationRunner.run(Lorg/gradle/internal/operations/RunnableBuildOperation;)V+5
j  org.gradle.configuration.BuildOperationFiringProjectsPreparer.prepareProjects(Lorg/gradle/api/internal/GradleInternal;)V+13
j  org.gradle.initialization.VintageBuildModelController.lambda$prepareProjects$2()V+8
j  org.gradle.initialization.VintageBuildModelController$$Lambda$2228+0x00007fab90e1a8e0.run()V+4
j  org.gradle.internal.model.StateTransitionController.lambda$doTransition$14(Ljava/lang/Runnable;)Lorg/gradle/internal/build/ExecutionResult;+1
j  org.gradle.internal.model.StateTransitionController$$Lambda$399+0x00007fab9044f7b8.get()Ljava/lang/Object;+4
j  org.gradle.internal.model.StateTransitionController.doTransition(Lorg/gradle/internal/model/StateTransitionController$State;Lorg/gradle/internal/model/StateTransitionController$State;Ljava/util/function/Supplier;)Lorg/gradle/internal/build/ExecutionResult;+24
j  org.gradle.internal.model.StateTransitionController.doTransition(Lorg/gradle/internal/model/StateTransitionController$State;Lorg/gradle/internal/model/StateTransitionController$State;Ljava/lang/Runnable;)V+9
j  org.gradle.internal.model.StateTransitionController.lambda$transitionIfNotPreviously$11(Lorg/gradle/internal/model/StateTransitionController$State;Lorg/gradle/internal/model/StateTransitionController$State;Ljava/lang/Runnable;)V+16
j  org.gradle.internal.model.StateTransitionController$$Lambda$401+0x00007fab9044fc08.run()V+16
j  org.gradle.internal.work.DefaultSynchronizer.withLock(Ljava/lang/Runnable;)V+6
j  org.gradle.internal.model.StateTransitionController.transitionIfNotPreviously(Lorg/gradle/internal/model/StateTransitionController$State;Lorg/gradle/internal/model/StateTransitionController$State;Ljava/lang/Runnable;)V+13
j  org.gradle.initialization.VintageBuildModelController.prepareProjects()V+16
j  org.gradle.initialization.VintageBuildModelController.prepareToScheduleTasks()V+5
j  org.gradle.internal.cc.impl.ConfigurationCacheAwareBuildModelController.prepareToScheduleTasks()V+11
j  org.gradle.internal.build.DefaultBuildLifecycleController.lambda$prepareToScheduleTasks$6()V+9
j  org.gradle.internal.build.DefaultBuildLifecycleController$$Lambda$397+0x00007fab9044f368.run()V+4
j  org.gradle.internal.model.StateTransitionController.lambda$doTransition$14(Ljava/lang/Runnable;)Lorg/gradle/internal/build/ExecutionResult;+1
j  org.gradle.internal.model.StateTransitionController$$Lambda$399+0x00007fab9044f7b8.get()Ljava/lang/Object;+4
j  org.gradle.internal.model.StateTransitionController.doTransition(Lorg/gradle/internal/model/StateTransitionController$State;Lorg/gradle/internal/model/StateTransitionController$State;Ljava/util/function/Supplier;)Lorg/gradle/internal/build/ExecutionResult;+24
j  org.gradle.internal.model.StateTransitionController.doTransition(Lorg/gradle/internal/model/StateTransitionController$State;Lorg/gradle/internal/model/StateTransitionController$State;Ljava/lang/Runnable;)V+9
j  org.gradle.internal.model.StateTransitionController.lambda$maybeTransition$9(Lorg/gradle/internal/model/StateTransitionController$State;Lorg/gradle/internal/model/StateTransitionController$State;Ljava/lang/Runnable;)V+16
j  org.gradle.internal.model.StateTransitionController$$Lambda$398+0x00007fab9044f590.run()V+16
j  org.gradle.internal.work.DefaultSynchronizer.withLock(Ljava/lang/Runnable;)V+6
j  org.gradle.internal.model.StateTransitionController.maybeTransition(Lorg/gradle/internal/model/StateTransitionController$State;Lorg/gradle/internal/model/StateTransitionController$State;Ljava/lang/Runnable;)V+13
j  org.gradle.internal.build.DefaultBuildLifecycleController.prepareToScheduleTasks()V+16
j  org.gradle.internal.buildtree.DefaultBuildTreeWorkPreparer.scheduleRequestedTasks(Lorg/gradle/internal/buildtree/BuildTreeWorkGraph;Lorg/gradle/execution/EntryTaskSelector;)Lorg/gradle/internal/buildtree/BuildTreeWorkGraph$FinalizedGraph;+4
j  org.gradle.internal.cc.impl.ConfigurationCacheAwareBuildTreeWorkController$scheduleAndRunRequestedTasks$executionResult$1.apply$lambda$0(Lorg/gradle/internal/cc/impl/ConfigurationCacheAwareBuildTreeWorkController;Lorg/gradle/internal/buildtree/BuildTreeWorkGraph;Lorg/gradle/execution/EntryTaskSelector;Lorg/gradle/internal/buildtree/BuildTreeWorkGraph;)Lorg/gradle/internal/buildtree/BuildTreeWorkGraph$FinalizedGraph;+12
j  org.gradle.internal.cc.impl.ConfigurationCacheAwareBuildTreeWorkController$scheduleAndRunRequestedTasks$executionResult$1$$Lambda$385+0x00007fab90438298.invoke(Ljava/lang/Object;)Ljava/lang/Object;+16
j  org.gradle.internal.cc.impl.DefaultConfigurationCache.loadOrScheduleRequestedTasks$lambda$1(Lkotlin/jvm/functions/Function1;Lorg/gradle/internal/buildtree/BuildTreeWorkGraph;Lorg/gradle/internal/cc/impl/DefaultConfigurationCache;)Lorg/gradle/internal/cc/impl/BuildTreeConfigurationCache$WorkGraphResult;+2
j  org.gradle.internal.cc.impl.DefaultConfigurationCache$$Lambda$386+0x00007fab904388d8.invoke()Ljava/lang/Object;+12
j  org.gradle.internal.cc.impl.DefaultConfigurationCache.runWorkThatContributesToCacheEntry(Lkotlin/jvm/functions/Function0;)Ljava/lang/Object;+6
j  org.gradle.internal.cc.impl.DefaultConfigurationCache.loadOrScheduleRequestedTasks(Lorg/gradle/internal/buildtree/BuildTreeWorkGraph;Lkotlin/jvm/functions/Function2;Lkotlin/jvm/functions/Function1;)Lorg/gradle/internal/cc/impl/BuildTreeConfigurationCache$WorkGraphResult;+163
j  org.gradle.internal.cc.impl.ConfigurationCacheAwareBuildTreeWorkController$scheduleAndRunRequestedTasks$executionResult$1.apply(Lorg/gradle/internal/buildtree/BuildTreeWorkGraph;)Lorg/gradle/internal/build/ExecutionResult;+30
j  org.gradle.internal.cc.impl.ConfigurationCacheAwareBuildTreeWorkController$scheduleAndRunRequestedTasks$executionResult$1.apply(Ljava/lang/Object;)Ljava/lang/Object;+5
j  org.gradle.composite.internal.DefaultIncludedBuildTaskGraph.withNewWorkGraph(Ljava/util/function/Function;)Ljava/lang/Object;+30
j  org.gradle.internal.cc.impl.ConfigurationCacheAwareBuildTreeWorkController.scheduleAndRunRequestedTasks(Lorg/gradle/execution/EntryTaskSelector;)Lorg/gradle/internal/build/ExecutionResult;+41
j  org.gradle.internal.buildtree.DefaultBuildTreeLifecycleController.lambda$scheduleAndRunTasks$1(Lorg/gradle/execution/EntryTaskSelector;)Lorg/gradle/internal/build/ExecutionResult;+5
j  org.gradle.internal.buildtree.DefaultBuildTreeLifecycleController$$Lambda$380+0x00007fab90434dd8.get()Ljava/lang/Object;+8
j  org.gradle.internal.buildtree.DefaultBuildTreeLifecycleController.lambda$runBuild$4(Ljava/util/function/Supplier;)Ljava/lang/Object;+1
j  org.gradle.internal.buildtree.DefaultBuildTreeLifecycleController$$Lambda$381+0x00007fab90435000.get()Ljava/lang/Object;+8
j  org.gradle.internal.model.StateTransitionController.lambda$transition$6(Ljava/util/function/Supplier;)Lorg/gradle/internal/build/ExecutionResult;+1
j  org.gradle.internal.model.StateTransitionController$$Lambda$383+0x00007fab90435450.get()Ljava/lang/Object;+4
j  org.gradle.internal.model.StateTransitionController.doTransition(Lorg/gradle/internal/model/StateTransitionController$State;Lorg/gradle/internal/model/StateTransitionController$State;Ljava/util/function/Supplier;)Lorg/gradle/internal/build/ExecutionResult;+24
j  org.gradle.internal.model.StateTransitionController.lambda$transition$7(Lorg/gradle/internal/model/StateTransitionController$State;Lorg/gradle/internal/model/StateTransitionController$State;Ljava/util/function/Supplier;)Ljava/lang/Object;+9
j  org.gradle.internal.model.StateTransitionController$$Lambda$382+0x00007fab90435228.create()Ljava/lang/Object;+16
j  org.gradle.internal.work.DefaultSynchronizer.withLock(Lorg/gradle/internal/Factory;)Ljava/lang/Object;+6
j  org.gradle.internal.model.StateTransitionController.transition(Lorg/gradle/internal/model/StateTransitionController$State;Lorg/gradle/internal/model/StateTransitionController$State;Ljava/util/function/Supplier;)Ljava/lang/Object;+13
j  org.gradle.internal.buildtree.DefaultBuildTreeLifecycleController.runBuild(Ljava/util/function/Supplier;)Ljava/lang/Object;+17
j  org.gradle.internal.buildtree.DefaultBuildTreeLifecycleController.scheduleAndRunTasks(Lorg/gradle/execution/EntryTaskSelector;)V+8
j  org.gradle.internal.buildtree.DefaultBuildTreeLifecycleController.scheduleAndRunTasks()V+2
j  org.gradle.tooling.internal.provider.ExecuteBuildActionRunner.run(Lorg/gradle/internal/invocation/BuildAction;Lorg/gradle/internal/buildtree/BuildTreeLifecycleController;)Lorg/gradle/internal/buildtree/BuildActionRunner$Result;+12
j  org.gradle.launcher.exec.ChainingBuildActionRunner.run(Lorg/gradle/internal/invocation/BuildAction;Lorg/gradle/internal/buildtree/BuildTreeLifecycleController;)Lorg/gradle/internal/buildtree/BuildActionRunner$Result;+34
j  org.gradle.internal.buildtree.ProblemReportingBuildActionRunner.run(Lorg/gradle/internal/invocation/BuildAction;Lorg/gradle/internal/buildtree/BuildTreeLifecycleController;)Lorg/gradle/internal/buildtree/BuildActionRunner$Result;+12
j  org.gradle.launcher.exec.BuildOutcomeReportingBuildActionRunner.run(Lorg/gradle/internal/invocation/BuildAction;Lorg/gradle/internal/buildtree/BuildTreeLifecycleController;)Lorg/gradle/internal/buildtree/BuildActionRunner$Result;+69
j  org.gradle.tooling.internal.provider.FileSystemWatchingBuildActionRunner.run(Lorg/gradle/internal/invocation/BuildAction;Lorg/gradle/internal/buildtree/BuildTreeLifecycleController;)Lorg/gradle/internal/buildtree/BuildActionRunner$Result;+317
j  org.gradle.launcher.exec.BuildCompletionNotifyingBuildActionRunner.run(Lorg/gradle/internal/invocation/BuildAction;Lorg/gradle/internal/buildtree/BuildTreeLifecycleController;)Lorg/gradle/internal/buildtree/BuildActionRunner$Result;+6
j  org.gradle.launcher.exec.RootBuildLifecycleBuildActionExecutor.lambda$execute$0(Lorg/gradle/internal/invocation/BuildAction;Lorg/gradle/internal/buildtree/BuildTreeLifecycleController;)Lorg/gradle/internal/buildtree/BuildActionRunner$Result;+6
j  org.gradle.launcher.exec.RootBuildLifecycleBuildActionExecutor$$Lambda$373+0x00007fab90428208.apply(Ljava/lang/Object;)Ljava/lang/Object;+12
j  org.gradle.composite.internal.DefaultRootBuildState.run(Ljava/util/function/Function;)Ljava/lang/Object;+92
j  org.gradle.launcher.exec.RootBuildLifecycleBuildActionExecutor.execute(Lorg/gradle/internal/invocation/BuildAction;)Lorg/gradle/internal/buildtree/BuildActionRunner$Result;+91
j  org.gradle.launcher.exec.BuildTreeLifecycleBuildActionExecutor.runRootBuildAction(Lorg/gradle/internal/invocation/BuildAction;Lorg/gradle/internal/service/ServiceRegistry;Lorg/gradle/internal/buildtree/BuildTreeModelControllerServices$Supplier;)Lorg/gradle/internal/buildtree/BuildActionRunner$Result;+39
j  org.gradle.launcher.exec.BuildTreeLifecycleBuildActionExecutor.execute(Lorg/gradle/internal/invocation/BuildAction;Lorg/gradle/internal/session/BuildSessionContext;)Lorg/gradle/internal/buildtree/BuildActionRunner$Result;+44
j  org.gradle.launcher.exec.RunAsBuildOperationBuildActionExecutor$2.call(Lorg/gradle/internal/operations/BuildOperationContext;)Lorg/gradle/internal/buildtree/BuildActionRunner$Result;+25
j  org.gradle.launcher.exec.RunAsBuildOperationBuildActionExecutor$2.call(Lorg/gradle/internal/operations/BuildOperationContext;)Ljava/lang/Object;+2
j  org.gradle.internal.operations.DefaultBuildOperationRunner$CallableBuildOperationWorker.execute(Lorg/gradle/internal/operations/CallableBuildOperation;Lorg/gradle/internal/operations/BuildOperationContext;)V+3
j  org.gradle.internal.operations.DefaultBuildOperationRunner$CallableBuildOperationWorker.execute(Lorg/gradle/internal/operations/BuildOperation;Lorg/gradle/internal/operations/BuildOperationContext;)V+6
j  org.gradle.internal.operations.DefaultBuildOperationRunner$2.execute(Lorg/gradle/internal/operations/BuildOperationDescriptor;Lorg/gradle/internal/operations/BuildOperationState;Lorg/gradle/internal/operations/BuildOperationState;Lorg/gradle/internal/operations/DefaultBuildOperationRunner$ReadableBuildOperationContext;Lorg/gradle/internal/operations/DefaultBuildOperationRunner$BuildOperationExecutionListener;)Lorg/gradle/internal/operations/BuildOperation;+22
j  org.gradle.internal.operations.DefaultBuildOperationRunner$2.execute(Lorg/gradle/internal/operations/BuildOperationDescriptor;Lorg/gradle/internal/operations/BuildOperationState;Lorg/gradle/internal/operations/BuildOperationState;Lorg/gradle/internal/operations/DefaultBuildOperationRunner$ReadableBuildOperationContext;Lorg/gradle/internal/operations/DefaultBuildOperationRunner$BuildOperationExecutionListener;)Ljava/lang/Object;+8
j  org.gradle.internal.operations.DefaultBuildOperationRunner.execute(Lorg/gradle/internal/operations/BuildOperationDescriptor$Builder;Lorg/gradle/internal/operations/DefaultBuildOperationRunner$BuildOperationExecution;)Ljava/lang/Object;+141
j  org.gradle.internal.operations.DefaultBuildOperationRunner.execute(Lorg/gradle/internal/operations/BuildOperation;Lorg/gradle/internal/operations/BuildOperationWorker;)V+17
j  org.gradle.internal.operations.DefaultBuildOperationRunner.call(Lorg/gradle/internal/operations/CallableBuildOperation;)Ljava/lang/Object;+12
j  org.gradle.launcher.exec.RunAsBuildOperationBuildActionExecutor.execute(Lorg/gradle/internal/invocation/BuildAction;Lorg/gradle/internal/session/BuildSessionContext;)Lorg/gradle/internal/buildtree/BuildActionRunner$Result;+23
j  org.gradle.launcher.exec.RunAsWorkerThreadBuildActionExecutor.lambda$execute$0(Lorg/gradle/internal/invocation/BuildAction;Lorg/gradle/internal/session/BuildSessionContext;)Lorg/gradle/internal/buildtree/BuildActionRunner$Result;+6
j  org.gradle.launcher.exec.RunAsWorkerThreadBuildActionExecutor$$Lambda$199+0x00007fab9023d7d8.create()Ljava/lang/Object;+12
j  org.gradle.internal.work.DefaultWorkerLeaseService.lambda$withLocksAcquired$0(Lorg/gradle/internal/Factory;Ljava/util/Collection;)Ljava/lang/Object;+1
j  org.gradle.internal.work.DefaultWorkerLeaseService$$Lambda$201+0x00007fab9023f398.create()Ljava/lang/Object;+12
j  org.gradle.internal.work.ResourceLockStatistics$1.measure(Ljava/lang/String;Ljava/lang/Iterable;Lorg/gradle/internal/Factory;)Ljava/lang/Object;+1
j  org.gradle.internal.work.DefaultWorkerLeaseService.withLocksAcquired(Ljava/util/Collection;Lorg/gradle/internal/Factory;)Ljava/lang/Object;+21
j  org.gradle.internal.work.DefaultWorkerLeaseService.withLocks(Ljava/util/Collection;Lorg/gradle/internal/Factory;)Ljava/lang/Object;+25
j  org.gradle.internal.work.DefaultWorkerLeaseService.runAsWorkerThread(Lorg/gradle/internal/Factory;)Ljava/lang/Object;+33
j  org.gradle.launcher.exec.RunAsWorkerThreadBuildActionExecutor.execute(Lorg/gradle/internal/invocation/BuildAction;Lorg/gradle/internal/session/BuildSessionContext;)Lorg/gradle/internal/buildtree/BuildActionRunner$Result;+12
j  org.gradle.tooling.internal.provider.continuous.ContinuousBuildActionExecutor.execute(Lorg/gradle/internal/invocation/BuildAction;Lorg/gradle/internal/session/BuildSessionContext;)Lorg/gradle/internal/buildtree/BuildActionRunner$Result;+58
j  org.gradle.tooling.internal.provider.SubscribableBuildActionExecutor.execute(Lorg/gradle/internal/invocation/BuildAction;Lorg/gradle/internal/session/BuildSessionContext;)Lorg/gradle/internal/buildtree/BuildActionRunner$Result;+30
j  org.gradle.internal.session.DefaultBuildSessionContext.execute(Lorg/gradle/internal/invocation/BuildAction;)Lorg/gradle/internal/buildtree/BuildActionRunner$Result;+64
j  org.gradle.internal.buildprocess.execution.BuildSessionLifecycleBuildActionExecutor$ActionImpl.apply(Lorg/gradle/internal/session/BuildSessionContext;)Lorg/gradle/launcher/exec/BuildActionResult;+6
j  org.gradle.internal.buildprocess.execution.BuildSessionLifecycleBuildActionExecutor$ActionImpl.apply(Ljava/lang/Object;)Ljava/lang/Object;+5
j  org.gradle.internal.session.BuildSessionState.run(Ljava/util/function/Function;)Ljava/lang/Object;+5
j  org.gradle.internal.buildprocess.execution.BuildSessionLifecycleBuildActionExecutor.execute(Lorg/gradle/internal/invocation/BuildAction;Lorg/gradle/launcher/exec/BuildActionParameters;Lorg/gradle/initialization/BuildRequestContext;)Lorg/gradle/launcher/exec/BuildActionResult;+105
j  org.gradle.internal.buildprocess.execution.BuildSessionLifecycleBuildActionExecutor.execute(Lorg/gradle/internal/invocation/BuildAction;Ljava/lang/Object;Ljava/lang/Object;)Lorg/gradle/launcher/exec/BuildActionResult;+10
j  org.gradle.internal.buildprocess.execution.StartParamsValidatingActionExecutor.execute(Lorg/gradle/internal/invocation/BuildAction;Lorg/gradle/launcher/exec/BuildActionParameters;Lorg/gradle/initialization/BuildRequestContext;)Lorg/gradle/launcher/exec/BuildActionResult;+142
j  org.gradle.internal.buildprocess.execution.StartParamsValidatingActionExecutor.execute(Lorg/gradle/internal/invocation/BuildAction;Ljava/lang/Object;Ljava/lang/Object;)Lorg/gradle/launcher/exec/BuildActionResult;+10
j  org.gradle.internal.buildprocess.execution.SessionFailureReportingActionExecutor.execute(Lorg/gradle/internal/invocation/BuildAction;Lorg/gradle/launcher/exec/BuildActionParameters;Lorg/gradle/initialization/BuildRequestContext;)Lorg/gradle/launcher/exec/BuildActionResult;+7
j  org.gradle.internal.buildprocess.execution.SessionFailureReportingActionExecutor.execute(Lorg/gradle/internal/invocation/BuildAction;Ljava/lang/Object;Ljava/lang/Object;)Lorg/gradle/launcher/exec/BuildActionResult;+10
j  org.gradle.internal.buildprocess.execution.SetupLoggingActionExecutor.execute(Lorg/gradle/internal/invocation/BuildAction;Lorg/gradle/launcher/exec/BuildActionParameters;Lorg/gradle/initialization/BuildRequestContext;)Lorg/gradle/launcher/exec/BuildActionResult;+50
j  org.gradle.internal.buildprocess.execution.SetupLoggingActionExecutor.execute(Lorg/gradle/internal/invocation/BuildAction;Ljava/lang/Object;Ljava/lang/Object;)Lorg/gradle/launcher/exec/BuildActionResult;+10
j  org.gradle.launcher.daemon.server.exec.ExecuteBuild.doBuild(Lorg/gradle/launcher/daemon/server/api/DaemonCommandExecution;Lorg/gradle/launcher/daemon/protocol/Build;)V+147
j  org.gradle.launcher.daemon.server.exec.BuildCommandOnly.execute(Lorg/gradle/launcher/daemon/server/api/DaemonCommandExecution;)V+49
j  org.gradle.launcher.daemon.server.api.DaemonCommandExecution.proceed()Z+23
j  org.gradle.launcher.daemon.server.exec.WatchForDisconnection.execute(Lorg/gradle/launcher/daemon/server/api/DaemonCommandExecution;)V+19
j  org.gradle.launcher.daemon.server.api.DaemonCommandExecution.proceed()Z+23
j  org.gradle.launcher.daemon.server.exec.ResetDeprecationLogger.execute(Lorg/gradle/launcher/daemon/server/api/DaemonCommandExecution;)V+7
j  org.gradle.launcher.daemon.server.api.DaemonCommandExecution.proceed()Z+23
j  org.gradle.launcher.daemon.server.exec.RequestStopIfSingleUsedDaemon.execute(Lorg/gradle/launcher/daemon/server/api/DaemonCommandExecution;)V+33
j  org.gradle.launcher.daemon.server.api.DaemonCommandExecution.proceed()Z+23
j  org.gradle.launcher.daemon.server.exec.ForwardClientInput.lambda$execute$0(Lorg/gradle/launcher/daemon/server/api/DaemonCommandExecution;Lorg/gradle/internal/daemon/clientinput/StdinHandler;)Ljava/lang/Object;+11
j  org.gradle.launcher.daemon.server.exec.ForwardClientInput$$Lambda$110+0x00007fab90137558.apply(Ljava/lang/Object;)Ljava/lang/Object;+8
j  org.gradle.internal.daemon.clientinput.ClientInputForwarder.forwardInput(Ljava/util/function/Function;)Ljava/lang/Object;+46
j  org.gradle.launcher.daemon.server.exec.ForwardClientInput.execute(Lorg/gradle/launcher/daemon/server/api/DaemonCommandExecution;)V+10
j  org.gradle.launcher.daemon.server.api.DaemonCommandExecution.proceed()Z+23
j  org.gradle.launcher.daemon.server.exec.LogAndCheckHealth.execute(Lorg/gradle/launcher/daemon/server/api/DaemonCommandExecution;)V+51
j  org.gradle.launcher.daemon.server.api.DaemonCommandExecution.proceed()Z+23
j  org.gradle.launcher.daemon.server.exec.LogToClient.doBuild(Lorg/gradle/launcher/daemon/server/api/DaemonCommandExecution;Lorg/gradle/launcher/daemon/protocol/Build;)V+87
j  org.gradle.launcher.daemon.server.exec.BuildCommandOnly.execute(Lorg/gradle/launcher/daemon/server/api/DaemonCommandExecution;)V+49
j  org.gradle.launcher.daemon.server.api.DaemonCommandExecution.proceed()Z+23
j  org.gradle.launcher.daemon.server.exec.EstablishBuildEnvironment.doBuild(Lorg/gradle/launcher/daemon/server/api/DaemonCommandExecution;Lorg/gradle/launcher/daemon/protocol/Build;)V+356
j  org.gradle.launcher.daemon.server.exec.BuildCommandOnly.execute(Lorg/gradle/launcher/daemon/server/api/DaemonCommandExecution;)V+49
j  org.gradle.launcher.daemon.server.api.DaemonCommandExecution.proceed()Z+23
j  org.gradle.launcher.daemon.server.exec.StartBuildOrRespondWithBusy$1.run()V+44
j  org.gradle.launcher.daemon.server.DaemonStateCoordinator.lambda$runCommand$0(Ljava/lang/Runnable;)V+1
j  org.gradle.launcher.daemon.server.DaemonStateCoordinator$$Lambda$109+0x00007fab90136178.run()V+8
j  org.gradle.internal.concurrent.ExecutorPolicy$CatchAndRecordFailures.onExecute(Ljava/lang/Runnable;)V+1
j  org.gradle.internal.concurrent.AbstractManagedExecutor$1.run()V+25
j  java.util.concurrent.ThreadPoolExecutor.runWorker(Ljava/util/concurrent/ThreadPoolExecutor$Worker;)V+92 java.base@17.0.16
j  java.util.concurrent.ThreadPoolExecutor$Worker.run()V+5 java.base@17.0.16
j  java.lang.Thread.run()V+11 java.base@17.0.16
v  ~StubRoutines::call_stub

Compiled method (n/a)  208502  744     n 0       java.lang.ClassLoader::defineClass1 (native)
 total in heap  [0x00007fabfd04b190,0x00007fabfd04b618] = 1160
 relocation     [0x00007fabfd04b2f0,0x00007fabfd04b328] = 56
 main code      [0x00007fabfd04b340,0x00007fabfd04b618] = 728

[Constant Pool (empty)]

[MachCode]
[Entry Point]
  # {method} {0x00007fab8f0111a8} 'defineClass1' '(Ljava/lang/ClassLoader;Ljava/lang/String;[BIILjava/security/ProtectionDomain;Ljava/lang/String;)Ljava/lang/Class;' in 'java/lang/ClassLoader'
  # parm0:    rsi:rsi   = 'java/lang/ClassLoader'
  # parm1:    rdx:rdx   = 'java/lang/String'
  # parm2:    rcx:rcx   = '[B'
  # parm3:    r8        = int
  # parm4:    r9        = int
  # parm5:    rdi:rdi   = 'java/security/ProtectionDomain'
  # parm6:    [sp+0x70]   = 'java/lang/String'  (sp of caller)
  0x00007fabfd04b340: 448b 5608 | 49bb 0000 | 008f ab7f | 0000 4d03 | d349 3bc2 | 0f84 0600 

  0x00007fabfd04b358: ;   {runtime_call ic_miss_stub}
  0x00007fabfd04b358: 0000 e921 | aea8 ff90 
[Verified Entry Point]
  0x00007fabfd04b360: 8984 2400 | c0fe ff55 | 488b ec48 | 83ec 6048 | 817d 1000 | 0000 0048 | 8d45 1048 | 0f44 4510 
  0x00007fabfd04b380: 4889 4424 | 1048 897c | 2440 4883 | ff00 488d | 4424 4048 | 0f44 4424 | 4048 8944 | 2408 4c89 
  0x00007fabfd04b3a0: 0c24 4d8b | c848 894c | 2428 4883 | f900 4c8d | 4424 284c | 0f44 4424 | 2848 8954 | 2420 4883 
  0x00007fabfd04b3c0: fa00 488d | 4c24 2048 | 0f44 4c24 | 2048 8974 | 2418 4883 | fe00 488d | 5424 1848 | 0f44 5424 
  0x00007fabfd04b3e0: ;   {oop(a 'java/lang/Class'{0x00000007ffd01218} = 'java/lang/ClassLoader')}
  0x00007fabfd04b3e0: 1849 be18 | 12d0 ff07 | 0000 004c | 8974 2448 | 4c8d 7424 | 4849 8bf6 

  0x00007fabfd04b3f8: ;   {internal_word}
  0x00007fabfd04b3f8: c5f8 7749 | baf8 b304 | fdab 7f00 | 004d 8997 | 9802 0000 | 4989 a790 

  0x00007fabfd04b410: ;   {external_word}
  0x00007fabfd04b410: 0200 0080 | 3d0b 9d9f | 1700 0f84 | 3e00 0000 | 5652 5141 

  0x00007fabfd04b424: ;   {metadata({method} {0x00007fab8f0111a8} 'defineClass1' '(Ljava/lang/ClassLoader;Ljava/lang/String;[BIILjava/security/ProtectionDomain;Ljava/lang/String;)Ljava/lang/Class;' in 'java/lang/ClassLoader')}
  0x00007fabfd04b424: 5041 5148 | bea8 1101 | 8fab 7f00 | 0049 8bff | f7c4 0f00 | 0000 0f84 | 1200 0000 | 4883 ec08 
  0x00007fabfd04b444: ;   {runtime_call SharedRuntime::dtrace_method_entry(JavaThread*, Method*)}
  0x00007fabfd04b444: e8e7 7b3b | 1748 83c4 | 08e9 0500 

  0x00007fabfd04b450: ;   {runtime_call SharedRuntime::dtrace_method_entry(JavaThread*, Method*)}
  0x00007fabfd04b450: 0000 e8d9 | 7b3b 1741 | 5941 5859 | 5a5e 498d | bfb0 0200 | 0041 c787 | 3803 0000 | 0400 0000 
  0x00007fabfd04b470: ;   {runtime_call Java_java_lang_ClassLoader_defineClass1}
  0x00007fabfd04b470: e8ab bf28 | 16c5 f877 | 41c7 8738 | 0300 0005 | 0000 00f0 | 8344 24c0 | 0049 3baf | 4003 0000 
  0x00007fabfd04b490: 0f87 1100 | 0000 4181 | bf28 0300 | 0000 0000 | 000f 8424 | 0000 00c5 | f877 4889 | 45f8 498b 
  0x00007fabfd04b4b0: ff4c 8be4 | 4883 ec00 | 4883 e4f0 

  0x00007fabfd04b4bc: ;   {runtime_call JavaThread::check_special_condition_for_native_trans(JavaThread*)}
  0x00007fabfd04b4bc: e8df 8857 | 1749 8be4 | 4d33 e448 | 8b45 f841 | c787 3803 | 0000 0800 | 0000 4181 | bfa8 0300 
  0x00007fabfd04b4dc: 0002 0000 | 000f 8408 

  0x00007fabfd04b4e4: ;   {external_word}
  0x00007fabfd04b4e4: 0100 0080 | 3d37 9c9f | 1700 0f84 | 3800 0000 | 4889 45f8 

  0x00007fabfd04b4f8: ;   {metadata({method} {0x00007fab8f0111a8} 'defineClass1' '(Ljava/lang/ClassLoader;Ljava/lang/String;[BIILjava/security/ProtectionDomain;Ljava/lang/String;)Ljava/lang/Class;' in 'java/lang/ClassLoader')}
  0x00007fabfd04b4f8: 48be a811 | 018f ab7f | 0000 498b | fff7 c40f | 0000 000f | 8412 0000 | 0048 83ec 

  0x00007fabfd04b514: ;   {runtime_call SharedRuntime::dtrace_method_exit(JavaThread*, Method*)}
  0x00007fabfd04b514: 08e8 c67b | 3b17 4883 | c408 e905 

  0x00007fabfd04b520: ;   {runtime_call SharedRuntime::dtrace_method_exit(JavaThread*, Method*)}
  0x00007fabfd04b520: 0000 00e8 | b87b 3b17 | 488b 45f8 | 49c7 8790 | 0200 0000 | 0000 0049 | c787 9802 | 0000 0000 
  0x00007fabfd04b540: 0000 c5f8 | 7748 85c0 | 0f84 7b00 | 0000 48f7 | c001 0000 | 000f 846b | 0000 0048 | 8b40 ff41 
  0x00007fabfd04b560: 807f 3800 | 0f84 5700 | 0000 4883 | f800 0f84 | 4d00 0000 | 498b 4f20 | 4883 f900 | 0f84 1400 
  0x00007fabfd04b580: 0000 4883 | e908 4989 | 4f20 4903 | 4f30 4889 | 01e9 2b00 | 0000 5049 | 8bf7 488b | f8f7 c40f 
  0x00007fabfd04b5a0: 0000 000f | 8412 0000 | 0048 83ec 

  0x00007fabfd04b5ac: ;   {runtime_call G1BarrierSetRuntime::write_ref_field_pre_entry(oopDesc*, JavaThread*)}
  0x00007fabfd04b5ac: 08e8 4e58 | da16 4883 | c408 e905 

  0x00007fabfd04b5b8: ;   {runtime_call G1BarrierSetRuntime::write_ref_field_pre_entry(oopDesc*, JavaThread*)}
  0x00007fabfd04b5b8: 0000 00e8 | 4058 da16 | 58e9 0300 | 0000 488b | 0049 8b8f | d800 0000 | c781 0001 | 0000 0000 
  0x00007fabfd04b5d8: 0000 c949 | 817f 0800 | 0000 000f | 8501 0000 

  0x00007fabfd04b5e8: ;   {runtime_call StubRoutines (1)}
  0x00007fabfd04b5e8: 00c3 e911 | a6a3 ffc5 | f877 4889 | 45f8 4c8b | e448 83ec | 0048 83e4 

  0x00007fabfd04b600: ;   {runtime_call SharedRuntime::reguard_yellow_pages()}
  0x00007fabfd04b600: f0e8 8a89 | 3b17 498b | e44d 33e4 | 488b 45f8 | e9d2 feff | fff4 f4f4 
[/MachCode]


Compiled method (c2)  208538 28430       4       java.security.SecureClassLoader::defineClass (16 bytes)
 total in heap  [0x00007fabfd6e9590,0x00007fabfd6eda00] = 17520
 relocation     [0x00007fabfd6e96f0,0x00007fabfd6e98b8] = 456
 main code      [0x00007fabfd6e98c0,0x00007fabfd6ec060] = 10144
 stub code      [0x00007fabfd6ec060,0x00007fabfd6ec148] = 232
 oops           [0x00007fabfd6ec148,0x00007fabfd6ec158] = 16
 metadata       [0x00007fabfd6ec158,0x00007fabfd6ec2d0] = 376
 scopes data    [0x00007fabfd6ec2d0,0x00007fabfd6ed0b0] = 3552
 scopes pcs     [0x00007fabfd6ed0b0,0x00007fabfd6ed680] = 1488
 dependencies   [0x00007fabfd6ed680,0x00007fabfd6ed6b0] = 48
 handler table  [0x00007fabfd6ed6b0,0x00007fabfd6ed950] = 672
 nul chk table  [0x00007fabfd6ed950,0x00007fabfd6eda00] = 176

[Constant Pool (empty)]

[MachCode]
[Entry Point]
  # {method} {0x00007fab8f4390f0} 'defineClass' '(Ljava/lang/String;[BIILjava/security/CodeSource;)Ljava/lang/Class;' in 'java/security/SecureClassLoader'
  # this:     rsi:rsi   = 'java/security/SecureClassLoader'
  # parm0:    rdx:rdx   = 'java/lang/String'
  # parm1:    rcx:rcx   = '[B'
  # parm2:    r8        = int
  # parm3:    r9        = int
  # parm4:    rdi:rdi   = 'java/security/CodeSource'
  #           [sp+0xb0]  (sp of caller)
  0x00007fabfd6e98c0: 448b 5608 | 49bb 0000 | 008f ab7f | 0000 4d03 | d349 3bc2 

  0x00007fabfd6e98d4: ;   {runtime_call ic_miss_stub}
  0x00007fabfd6e98d4: 0f85 a6c8 | 3eff 6690 | 0f1f 4000 
[Verified Entry Point]
  0x00007fabfd6e98e0: 8984 2400 | c0fe ff55 | 4881 eca0 | 0000 0044 | 894c 2430 | 4489 4424 | 1448 894c | 2428 4889 
  0x00007fabfd6e9900: 5424 2048 | 8974 2418 | 4889 7c24 | 4048 85ff | 0f84 2e1c | 0000 498b | 9708 0100 | 004c 8bd2 
  0x00007fabfd6e9920: 4983 c210 | 4d3b 9718 | 0100 000f | 8314 1500 | 004d 8997 | 0801 0000 | 410f 0d8a | 0001 0000 
  0x00007fabfd6e9940: 48c7 0201 

  0x00007fabfd6e9944: ;   {metadata('java/security/SecureClassLoader$CodeSourceKey')}
  0x00007fabfd6e9944: 0000 00c7 | 4208 a8c5 | 1400 4c8b | 5424 404d | 8bc2 49c1 | e803 4489 | 420c 498b | 8f08 0100 
  0x00007fabfd6e9964: 004c 8b54 | 2418 418b | 6a50 4c8b | d149 83c2 | 1866 6666 | 0f1f 8400 | 0000 0000 | 4d3b 9718 
  0x00007fabfd6e9984: 0100 000f | 83d8 1400 | 004d 8997 | 0801 0000 | 410f 0d8a | 0001 0000 | 48c7 0101 

  0x00007fabfd6e99a0: ;   {metadata('java/security/SecureClassLoader$1')}
  0x00007fabfd6e99a0: 0000 00c7 | 4108 c0c7 | 1400 4489 | 6114 4489 | 410c 4c8b | 5424 184d | 8bda 49c1 | eb03 4489 
  0x00007fabfd6e99c0: 5910 458b 

  0x00007fabfd6e99c4: ;   {metadata('java/util/concurrent/ConcurrentHashMap')}
  0x00007fabfd6e99c4: 5cec 0841 | 81fb 70e6 | 0000 0f85 | d418 0000 | 498d 34ec 

  0x00007fabfd6e99d8: ;   {optimized virtual_call}
  0x00007fabfd6e99d8: c5f8 77e8 

  0x00007fabfd6e99dc: ; ImmutableOopMap {[24]=Oop [32]=Oop [40]=Oop }
                      ;*invokeinterface computeIfAbsent {reexecute=0 rethrow=0 return_oop=1}
                      ; - java.security.SecureClassLoader::getProtectionDomain@29 (line 222)
                      ; - java.security.SecureClassLoader::defineClass@9 (line 150)
  0x00007fabfd6e99dc: 8037 3c00 

  0x00007fabfd6e99e0: ; implicit exception: dispatches to 0x00007fabfd6ebcc0
  0x00007fabfd6e99e0: 448b 5008 

  0x00007fabfd6e99e4: ;   {metadata('java/security/ProtectionDomain')}
  0x00007fabfd6e99e4: 4181 fac8 | ee00 000f | 85f7 2100 | 0048 8944 | 2438 4c8b | 5424 200f | 1f44 0000 

  0x00007fabfd6e9a00: ; implicit exception: dispatches to 0x00007fabfd6ebd34
  0x00007fabfd6e9a00: 458b 4214 

  0x00007fabfd6e9a04: ; implicit exception: dispatches to 0x00007fabfd6ebcdc
  0x00007fabfd6e9a04: 438b 74c4 | 0c85 f60f | 86db 1800 | 0045 0fbe | 4a10 4585 | c90f 859d | 1a00 004f | 8d14 c44f 
  0x00007fabfd6e9a24: 8d5c c410 | b82f 0000 | 0049 8bfb | 8bd6 488b | df83 fa10 | 0f8c 7900 | 0000 83fa | 200f 8c36 
  0x00007fabfd6e9a44: 0000 00c5 | f96e c0c4 | e27d 78c0 | c5f5 efc9 | 8bca 83e1 | e083 e21f | c5fe 6f13 | c5ed 74d0 
  0x00007fabfd6e9a64: c4e2 7d17 | ca0f 8369 | 0000 0048 | 83c3 2083 | e920 75e4 | e90d 0000 | 00c5 f96e | c0c5 f1ef 
  0x00007fabfd6e9a84: c9c4 e279 | 00c1 83fa | 100f 8c24 | 0000 008b | ca83 e1f0 | 83e2 0fc5 | fa6f 13c5 | e974 d0c4 
  0x00007fabfd6e9aa4: e279 17ca | 0f83 2a00 | 0000 4883 | c310 83e9 | 1075 e485 | d20f 8412 | 0000 000f | b60b 3bc1 
  0x00007fabfd6e9ac4: 741c 4883 | c301 83ea | 0174 02eb | eebb ffff | ffff eb0d | c5fd d7ca | 0fbc c148 | 03d8 482b 
  0x00007fabfd6e9ae4: df83 fbff | 0f85 fe19 | 0000 410f | b62b 83fd | 5b0f 8475 | 1a00 008b | ee41 8bc9 | d3fd 448b 
  0x00007fabfd6e9b04: cd41 83c1 | fb45 85c9 | 7c0a 4180 | 3b6a 0f84 | 6206 0000 | 488b 5c24 | 184c 8b4c | 2438 458b 
  0x00007fabfd6e9b24: 4910 4489 | 4c24 3444 | 8bcd 41ff | c98b ceff | c944 3bc9 | 410f 4cc9 | 0f1f 4000 | 85c9 7c34 
  0x00007fabfd6e9b44: 0f1f 8400 | 0000 0000 | 6666 6690 | 3bce 0f83 | c316 0000 | 0f1f 8400 | 0000 0000 | 4180 7c0a 
  0x00007fabfd6e9b64: 102e 7415 | 4d8b 8f48 | 0300 00ff 

  0x00007fabfd6e9b70: ; ImmutableOopMap {r10=Oop r11=Derived_oop_r10 r8=NarrowOop rbx=Oop [24]=Oop [32]=Oop [40]=Oop [52]=NarrowOop [56]=Oop }
                      ;*goto {reexecute=1 rethrow=0 return_oop=0}
                      ; - (reexecute) java.lang.StringLatin1::lastIndexOf@35 (line 294)
                      ; - java.lang.String::lastIndexOf@13 (line 2489)
                      ; - java.lang.String::lastIndexOf@8 (line 2451)
                      ; - java.lang.ClassLoader::checkCerts@3 (line 1153)
                      ; - java.lang.ClassLoader::preDefineClass@113 (line 907)
                      ; - java.lang.ClassLoader::defineClass@4 (line 1015)
                      ; - java.security.SecureClassLoader::defineClass@12 (line 150)
                      ;   {poll}
  0x00007fabfd6e9b70: c941 8501 | 85c9 7dd8 | b9ff ffff | ff66 6690 | 83f9 ff0f | 84fe 0700 | 0085 c90f | 8c97 1900 
  0x00007fabfd6e9b90: 003b cd0f | 8ffb 1900 | 003b cd0f | 1f44 0000 | 0f84 7a06 | 0000 85c9 | 0f84 7712 | 0000 4d8b 
  0x00007fabfd6e9bb0: af08 0100 | 004d 8bcd | 4983 c118 | 0f1f 4000 | 4d3b 8f18 | 0100 000f | 83e7 1200 | 00c4 c1f9 
  0x00007fabfd6e9bd0: 6ec3 4d89 | 8f08 0100 | 0041 0f0d | 8900 0100 | 0049 c745 | 0001 0000 | 004d 8bcd | 4983 c110 
  0x00007fabfd6e9bf0: ;   {metadata('java/lang/String')}
  0x00007fabfd6e9bf0: 41c7 4508 | 20ec 0000 | 4589 650c | c5f5 efc9 | c4c1 79d6 | 0981 f900 | 0010 000f | 8707 1700 
  0x00007fabfd6e9c10: 004c 63d9 | 3bf1 8be9 | 0f4c ee3b | f566 6690 | 0f82 7317 | 0000 3bcd | 0f82 6b17 | 0000 4983 
  0x00007fabfd6e9c30: c317 498b | d348 83e2 | f80f 1f80 | 0000 0000 | 81f9 0000 | 1000 0f87 | ee12 0000 | 4d8b 8f08 
  0x00007fabfd6e9c50: 0100 0049 | 8bf9 4803 | fa0f 1f80 | 0000 0000 | 493b bf18 | 0100 000f | 83cd 1200 | 0049 89bf 
  0x00007fabfd6e9c70: 0801 0000 | 0f0d 8f00 | 0100 0049 | c701 0100 | 0000 0f0d | 8f40 0100 

  0x00007fabfd6e9c88: ;   {metadata({type array byte})}
  0x00007fabfd6e9c88: 0041 c741 | 0848 6800 | 0041 8949 | 0c0f 0d8f | 8001 0000 | 4d8b d149 | 83c2 1049 | c1eb 034d 
  0x00007fabfd6e9ca8: 8bf1 49c1 | ee03 4489 | 7424 0c85 | ed0f 846a | 1600 003b | e966 6690 | 0f8c 6c05 | 0000 498b 
  0x00007fabfd6e9cc8: e948 83c2 | f048 c1ea | 03c4 e1f9 | 7ec7 498b | f20f 1f80 | 0000 0000 | c5f8 7749 | ba20 f9ab 
  0x00007fabfd6e9ce8: fcab 7f00 | 0041 ffd2 | 4c8b cd44 | 8b54 240c | 4589 5514 | 4d8b d54d | 8bd9 4d33 | da49 c1eb 
  0x00007fabfd6e9d08: 154d 85db | 741b 49c1 | ea09 48bf | 00e0 6d0e | ac7f 0000 | 4903 fa90 | 803f 040f | 8501 0600 
  0x00007fabfd6e9d28: 0045 8865 | 1044 8b5c | 2434 478b | 4cdc 1445 | 85c9 660f | 1f44 0000 | 0f85 0108 | 0000 478b 
  0x00007fabfd6e9d48: 4cdc 1045 | 85c9 0f85 | bb08 0000 

  0x00007fabfd6e9d54: ;   {oop(""{0x00000007ffe00010})}
  0x00007fabfd6e9d54: 49b9 1000 | e0ff 0700 | 0000 49b8 | 00e0 6d0e | ac7f 0000 

  0x00007fabfd6e9d68: ;   {oop(a 'java/security/cert/Certificate'[0] {0x00000007004231e0})}
  0x00007fabfd6e9d68: 4533 db48 | b9e0 3142 | 0007 0000 | 0044 8b53 | 2c45 85d2 | 0f1f 4000 | 0f84 fa14 | 0000 4889 
  0x00007fabfd6e9d88: 4c24 5044 | 895c 2410 | 4c89 4424 | 484c 894c | 2440 4889 | 5c24 084b | 8d34 d441 | b801 0000 
  0x00007fabfd6e9da8: 0049 8bd5 

  0x00007fabfd6e9dac: ;   {optimized virtual_call}
  0x00007fabfd6e9dac: c5f8 77e8 

  0x00007fabfd6e9db0: ; ImmutableOopMap {[8]=Oop [24]=Oop [32]=Oop [40]=Oop [56]=Oop [64]=Oop [80]=Oop }
                      ;*invokevirtual putVal {reexecute=0 rethrow=0 return_oop=1}
                      ; - java.util.concurrent.ConcurrentHashMap::putIfAbsent@4 (line 1541)
                      ; - java.lang.ClassLoader::checkCerts@62 (line 1161)
                      ; - java.lang.ClassLoader::preDefineClass@113 (line 907)
                      ; - java.lang.ClassLoader::defineClass@4 (line 1015)
                      ; - java.security.SecureClassLoader::defineClass@12 (line 150)
  0x00007fabfd6e9db0: 2c4a 4e00 | 4885 c074 | 3944 8b58 | 0866 6690 

  0x00007fabfd6e9dc0: ;   {metadata('java/security/cert/Certificate'[])}
  0x00007fabfd6e9dc0: 4181 fbf0 | 8e12 000f | 8547 1e00 | 0048 8bc8 | 488b 7c24 | 5044 8b57 | 0c44 8b49 | 0c66 6690 
  0x00007fabfd6e9de0: 4585 d20f | 87dd 1100 | 0045 85c9 | 0f87 be17 | 0000 4c8b | 5424 3845 | 8b4a 100f | 1f44 0000 
  0x00007fabfd6e9e00: ; implicit exception: dispatches to 0x00007fabfd6ebda4
  0x00007fabfd6e9e00: 438b 6ccc | 0c45 8b5c | ec38 4585 | db0f 8485 | 1400 004b | 8d34 dc49 | 8d14 ec90 

  0x00007fabfd6e9e1c: ;   {optimized virtual_call}
  0x00007fabfd6e9e1c: c5f8 77e8 

  0x00007fabfd6e9e20: ; ImmutableOopMap {[24]=Oop [32]=Oop [40]=Oop [56]=Oop [64]=Oop }
                      ;*invokevirtual toExternalForm {reexecute=0 rethrow=0 return_oop=1}
                      ; - java.net.URL::toExternalForm@5 (line 1039)
                      ; - java.net.URL::toString@1 (line 1025)
                      ; - java.lang.ClassLoader::defineClassSourceLocation@22 (line 917)
                      ; - java.lang.ClassLoader::defineClass@12 (line 1016)
                      ; - java.security.SecureClassLoader::defineClass@12 (line 150)
  0x00007fabfd6e9e20: bcae e6ff | 488b 7424 | 1848 8b54 | 2420 488b | 4c24 2844 | 8b44 2414 | 448b 4c24 | 3048 8b7c 
  0x00007fabfd6e9e40: 2438 4889 | 0424 6690 

  0x00007fabfd6e9e48: ;   {static_call}
  0x00007fabfd6e9e48: c5f8 77e8 

  0x00007fabfd6e9e4c: ; ImmutableOopMap {[24]=Oop [56]=Oop [64]=Oop }
                      ;*invokestatic defineClass1 {reexecute=0 rethrow=0 return_oop=1}
                      ; - java.lang.ClassLoader::defineClass@27 (line 1017)
                      ; - java.security.SecureClassLoader::defineClass@12 (line 150)
  0x00007fabfd6e9e4c: 1015 96ff | 4889 4424 | 0844 8b58 | 3c45 85db | 7409 4b8d | 14dc e9af | 0200 004c | 8b50 1045 
  0x00007fabfd6e9e6c: 8b42 0845 | 85c0 0f8c | 9015 0000 | 448b 582c | 0f1f 4000 | 4585 db0f | 846f 0300 | 004f 8d0c 
  0x00007fabfd6e9e8c: dc45 8b41 | 1447 8b5c | c40c 410f | be49 1041 | 8bdb d3fb | 8bd3 ffca | 85c9 0f85 | 3c17 0000 
  0x00007fabfd6e9eac: 4b8d 2cc4 | 458b d341 | ffca 413b | d244 0f4c | d266 6690 | 4585 d27c | 3466 6666 | 0f1f 8400 
  0x00007fabfd6e9ecc: 0000 0000 | 453b d30f | 837b 1300 | 000f 1f80 | 0000 0000 | 4280 7c15 | 102e 7417 | 498b 8f48 
  0x00007fabfd6e9eec: 0300 0041 

  0x00007fabfd6e9ef0: ; ImmutableOopMap {r8=NarrowOop r9=Oop rbp=Oop [8]=Oop [24]=Oop [56]=Oop [64]=Oop }
                      ;*goto {reexecute=1 rethrow=0 return_oop=0}
                      ; - (reexecute) java.lang.StringLatin1::lastIndexOf@35 (line 294)
                      ; - java.lang.String::lastIndexOf@13 (line 2489)
                      ; - java.lang.String::lastIndexOf@8 (line 2451)
                      ; - java.lang.Class::getPackageName@47 (line 1083)
                      ; - java.lang.ClassLoader::postDefineClass@2 (line 924)
                      ; - java.lang.ClassLoader::defineClass@37 (line 1018)
                      ; - java.security.SecureClassLoader::defineClass@12 (line 150)
                      ;   {poll}
  0x00007fabfd6e9ef0: ffca 8501 | 4585 d27d | d741 baff | ffff ff90 | 4183 faff | 0f84 b301 | 0000 4585 | d20f 8c22 
  0x00007fabfd6e9f10: 1700 0044 | 3bd3 0f8f | 4817 0000 | 0f1f 4000 | 443b d30f | 8401 0300 | 0045 85d2 | 0f84 020f 
  0x00007fabfd6e9f30: 0000 4d8b | af08 0100 | 004d 8bcd | 4983 c118 | 4d3b 8f18 | 0100 000f | 8308 1200 | 004d 898f 
  0x00007fabfd6e9f50: 0801 0000 | 410f 0d89 | 0001 0000 | 49c7 4500 | 0100 0000 | 4d8b cd49 

  0x00007fabfd6e9f68: ;   {metadata('java/lang/String')}
  0x00007fabfd6e9f68: 83c1 1041 | c745 0820 | ec00 0045 | 8965 0cc5 | fdef c0c4 | c179 d601 | 4181 fa00 | 0010 000f 
  0x00007fabfd6e9f88: 878f 1400 | 0049 63ca | 453b da45 | 8bca 450f | 4ccb 4489 | 4c24 2490 | 453b d90f | 82ed 1400 
  0x00007fabfd6e9fa8: 0045 3bd1 | 0f82 e414 | 0000 4883 | c117 488b | d148 83e2 | f866 6690 | 4181 fa00 | 0010 000f 
  0x00007fabfd6e9fc8: 87ea 1100 | 004d 8bb7 | 0801 0000 | 4d8b de4c | 03da 660f | 1f44 0000 | 4d3b 9f18 | 0100 000f 
  0x00007fabfd6e9fe8: 83ca 1100 | 004d 899f | 0801 0000 | 410f 0d8b | 0001 0000 | 49c7 0601 | 0000 0041 | 0f0d 8b40 
  0x00007fabfd6ea008: ;   {metadata({type array byte})}
  0x00007fabfd6ea008: 0100 0041 | c746 0848 | 6800 0045 | 8956 0c41 | 0f0d 8b80 | 0100 004d | 8bce 4983 | c110 48c1 
  0x00007fabfd6ea028: e903 498b | de48 c1eb | 0344 8b5c | 2424 4585 | db0f 84e6 | 1300 004f | 8d5c c410 | 8b6c 2424 
  0x00007fabfd6ea048: 413b ea0f | 8cd6 0300 | 0048 83c2 | f048 c1ea | 0349 8bfb | 498b f190 | c5f8 7749 | ba20 f9ab 
  0x00007fabfd6ea068: fcab 7f00 | 0041 ffd2 | 4180 7f38 | 0075 0041 | 895d 144d | 8bd6 4d8b | dd4d 33d3 | 49c1 ea15 
  0x00007fabfd6ea088: 4d85 d274 | 1c49 c1eb | 0948 bf00 | e06d 0eac | 7f00 0049 | 03fb 6690 | 803f 040f | 854c 0400 
  0x00007fabfd6ea0a8: 0045 8865 | 1049 8bf5 

  0x00007fabfd6ea0b0: ;   {optimized virtual_call}
  0x00007fabfd6ea0b0: c5f8 77e8 

  0x00007fabfd6ea0b4: ; ImmutableOopMap {[8]=Oop [24]=Oop [56]=Oop }
                      ;*invokevirtual intern {reexecute=0 rethrow=0 return_oop=1}
                      ; - java.lang.Class::getPackageName@65 (line 1084)
                      ; - java.lang.ClassLoader::postDefineClass@2 (line 924)
                      ; - java.lang.ClassLoader::defineClass@37 (line 1018)
                      ; - java.security.SecureClassLoader::defineClass@12 (line 150)
  0x00007fabfd6ea0b4: a8e0 94ff | 4889 4424 | 4066 6690 | 4180 7f38 | 000f 85cb | 0200 0048 | 8b5c 2440 | 4c8b d349 
  0x00007fabfd6ea0d4: c1ea 034c | 8b5c 2408 | 4589 533c | 4d8b d34c | 8bdb 4d33 | da49 c1eb | 154d 85db | 741f 4885 
  0x00007fabfd6ea0f4: db74 1a49 | c1ea 0948 | bf00 e06d | 0eac 7f00 | 0049 03fa | 803f 040f | 85c2 0200 | 0048 8b54 
  0x00007fabfd6ea114: 2440 4c8b | 5424 0845 | 8b52 3049 | 8bca 48c1 | e103 488b | 7424 1890 

  0x00007fabfd6ea12c: ;   {optimized virtual_call}
  0x00007fabfd6ea12c: c5f8 77e8 

  0x00007fabfd6ea130: ; ImmutableOopMap {[8]=Oop [24]=Oop [56]=Oop }
                      ;*invokevirtual getNamedPackage {reexecute=0 rethrow=0 return_oop=1}
                      ; - java.lang.ClassLoader::postDefineClass@9 (line 924)
                      ; - java.lang.ClassLoader::defineClass@37 (line 1018)
                      ; - java.security.SecureClassLoader::defineClass@12 (line 150)
  0x00007fabfd6ea130: ccfa a9ff | 4c8b 5424 | 3845 8b5a | 1066 6690 

  0x00007fabfd6ea140: ; implicit exception: dispatches to 0x00007fabfd6ebe20
  0x00007fabfd6ea140: 478b 44dc | 1445 85c0 | 0f85 cd08 | 0000 478b | 44dc 1045 | 85c0 0f85 | 7909 0000 | 488b 4424 
  0x00007fabfd6ea160: 08c5 f877 | 4881 c4a0 | 0000 005d 

  0x00007fabfd6ea16c: ;   {poll_return}
  0x00007fabfd6ea16c: 493b a740 | 0300 000f | 87b3 1e00 | 00c3 660f | 1f44 0000 | 83fe 040f | 864f 1200 | 0043 807c 
  0x00007fabfd6ea18c: c411 610f | 8583 f9ff | ff66 6666 | 0f1f 8400 | 0000 0000 | 4380 7cc4 | 1276 0f85 | 6cf9 ffff 
  0x00007fabfd6ea1ac: 4380 7cc4 | 1361 0f85 | 60f9 ffff | 0f1f 8400 | 0000 0000 | 4380 7cc4 | 142e 0f85 | 4cf9 ffff 
  0x00007fabfd6ea1cc: ;   {oop(a 'jdk/internal/loader/ClassLoaders$PlatformClassLoader'{0x0000000700417c28})}
  0x00007fabfd6ea1cc: 49b9 287c | 4100 0700 | 0000 488b | 4c24 180f | 1f44 0000 | 493b c90f | 85af 1400 

  0x00007fabfd6ea1e8: ;   {oop(a 'jdk/internal/loader/ClassLoaders$PlatformClassLoader'{0x0000000700417c28})}
  0x00007fabfd6ea1e8: 0048 bb28 | 7c41 0007 | 0000 00e9 | 25f9 ffff | 488b f090 

  0x00007fabfd6ea1fc: ;   {optimized virtual_call}
  0x00007fabfd6ea1fc: c5f8 77e8 

  0x00007fabfd6ea200: ; ImmutableOopMap {[8]=Oop [24]=Oop [56]=Oop [64]=Oop }
                      ;*invokevirtual initClassName {reexecute=0 rethrow=0 return_oop=1}
                      ; - java.lang.Class::getName@14 (line 863)
                      ; - java.lang.Class::getPackageName@40 (line 1082)
                      ; - java.lang.ClassLoader::postDefineClass@2 (line 924)
                      ; - java.lang.ClassLoader::defineClass@37 (line 1018)
                      ; - java.security.SecureClassLoader::defineClass@12 (line 150)
  0x00007fabfd6ea200: dcac 95ff | 4c8b c848 | 85c0 0f85 | 7dfc ffff | bef6 ffff | ff66 6690 

  0x00007fabfd6ea218: ;   {runtime_call UncommonTrapBlob}
  0x00007fabfd6ea218: c5f8 77e8 

  0x00007fabfd6ea21c: ; ImmutableOopMap {}
                      ;*invokevirtual lastIndexOf {reexecute=0 rethrow=0 return_oop=0}
                      ; - java.lang.Class::getPackageName@47 (line 1083)
                      ; - java.lang.ClassLoader::postDefineClass@2 (line 924)
                      ; - java.lang.ClassLoader::defineClass@37 (line 1018)
                      ; - java.security.SecureClassLoader::defineClass@12 (line 150)
  0x00007fabfd6ea21c: 6048 3fff | 4c8b 6c24 | 20e9 03fb | ffff 4d8b | e9e9 7bfe | ffff 4863 | d54c 8bc2 | 4983 c010 
  0x00007fabfd6ea23c: 498b c848 | 83e1 f849 | 8bf9 4803 | f949 c1e8 | 034d 2bd8 | 498b cb48 | 33c0 4883 | f908 7f10 
  0x00007fabfd6ea25c: 48ff c978 | 5748 8904 | cf48 ffc9 | 7df7 eb4c | c5f5 efc9 | e90d 0000 | 00c5 fe7f | 0fc5 fe7f 
  0x00007fabfd6ea27c: 4f20 4883 | c740 4883 | e908 7ded | 4883 c104 | 7c0c c5fe | 7f0f 4883 | c720 4883 | e904 4883 
  0x00007fabfd6ea29c: c104 7e18 | b801 0000 | 00c4 e271 | f7c0 4883 | e801 c5f8 | 92f8 62f1 | fe2f 7f0f | 0f1f 8400 
  0x00007fabfd6ea2bc: 0000 0000 | 4883 fa20 | 772a 49bb | ffff ffff | ffff ffff | c442 e8f5 | dbc4 c1fb | 92fb c4c1 
  0x00007fabfd6ea2dc: f97e c362 | d17f af6f | 0362 d17f | 2f7f 02e9 | 03fa ffff | 4d8b da4c | 894c 2448 | 4c89 6c24 
  0x00007fabfd6ea2fc: 404c 8bf3 | c4e1 f97e | c749 8bf3 | c5f8 7749 | ba60 d8ab | fcab 7f00 | 0041 ffd2 | 498b de4c 
  0x00007fabfd6ea31c: 8b6c 2440 | 4c8b 4c24 | 48e9 c9f9 | ffff 4d8b | 5740 4d8b | 5f50 f083 | 4424 c000 | 803f 000f 
  0x00007fabfd6ea33c: 1f44 0000 | 0f84 e3f9 | ffff 4488 | 274d 85d2 | 7527 498b | f766 6666 | 0f1f 8400 | 0000 0000 
  0x00007fabfd6ea35c: 6666 6690 | c5f8 7749 | ba30 0edf | 13ac 7f00 | 0041 ffd2 | e9b4 f9ff | ff4b 897c | 13f8 4983 
  0x00007fabfd6ea37c: c2f8 4d89 | 5740 e9a2 

  0x00007fabfd6ea384: ;   {oop(""{0x00000007ffe00010})}
  0x00007fabfd6ea384: f9ff ff49 | bd10 00e0 | ff07 0000 | 00e9 97f9 | ffff 4c8b | 5424 0845 | 8b5a 3c90 | 4585 db0f 
  0x00007fabfd6ea3a4: 8422 fdff | ff4d 8b57 | 2049 8bfb | 48c1 e703 | 4d85 d20f | 845b 1200 | 004d 8b5f | 304b 897c 
  0x00007fabfd6ea3c4: 13f8 4983 | c2f8 4d89 | 5720 e9f8 | fcff ff4d | 8b57 504d | 8b5f 40f0 | 8344 24c0 | 0080 3f00 
  0x00007fabfd6ea3e4: 0f84 27fd | ffff 4488 | 274d 85db | 7523 498b | f766 6666 | 0f1f 8400 | 0000 0000 | c5f8 7749 
  0x00007fabfd6ea404: ba30 0edf | 13ac 7f00 | 0041 ffd2 | e9fc fcff | ff4b 897c | 1af8 4983 | c3f8 4d89 | 5f40 e9ea 
  0x00007fabfd6ea424: fcff ff48 | 63d5 4c8b | d249 83c2 | 104d 8bc2 | 4983 e0f8 | 498b fe49 | 03f8 49c1 | ea03 492b 
  0x00007fabfd6ea444: ca48 33c0 | 4883 f908 | 7f10 48ff | c978 5748 | 8904 cf48 | ffc9 7df7 | eb4c c5fd | efc0 e90d 
  0x00007fabfd6ea464: 0000 00c5 | fe7f 07c5 | fe7f 4720 | 4883 c740 | 4883 e908 | 7ded 4883 | c104 7c0c | c5fe 7f07 
  0x00007fabfd6ea484: 4883 c720 | 4883 e904 | 4883 c104 | 7e18 b801 | 0000 00c4 | e271 f7c0 | 4883 e801 | c5f8 92f8 
  0x00007fabfd6ea4a4: 62f1 fe2f | 7f07 4883 | fa20 7725 | 49ba ffff | ffff ffff | ffff c442 | e8f5 d2c4 | c1fb 92fa 
  0x00007fabfd6ea4c4: 62d1 7faf | 6f03 62d1 | 7f2f 7f01 | e99b fbff | ff49 8bfb | 498b f10f | 1f44 0000 | c5f8 7749 
  0x00007fabfd6ea4e4: ba60 d8ab | fcab 7f00 | 0041 ffd2 | e97b fbff | ff4d 8b57 | 404d 8b5f | 50f0 8344 | 24c0 0080 
  0x00007fabfd6ea504: 3f00 0f84 | 9dfb ffff | 4488 274d | 85d2 7521 | 498b f766 | 0f1f 8400 | 0000 0000 | c5f8 7749 
  0x00007fabfd6ea524: ba30 0edf | 13ac 7f00 | 0041 ffd2 | e974 fbff | ff4b 897c | 13f8 4983 | c2f8 4d89 | 5740 e962 
  0x00007fabfd6ea544: fbff ff47 | 8b44 cc0c | 478b 5ccc | 0849 63c8 | 4b8d 2ccc | 48c1 e102 | 4883 c117 | 4883 e1f8 
  0x00007fabfd6ea564: 4181 f800 | 0004 000f | 8786 1200 | 004d 8bb7 | 0801 0000 | 4d8b d64c | 03d1 6690 | 4d3b 9718 
  0x00007fabfd6ea584: 0100 000f | 836a 1200 | 004d 8997 | 0801 0000 | 410f 0d8a | 0001 0000 | 49c7 0601 | 0000 0045 
  0x00007fabfd6ea5a4: 895e 0845 | 8946 0c41 | 0f0d 8a40 | 0100 0041 | 0f0d 8a80 | 0100 004b | 8d7c cc10 | 498b f648 
  0x00007fabfd6ea5c4: 83c6 1048 | 83c1 f048 | c1e9 0348 | 8bd1 6666 | 0f1f 8400 | 0000 0000 | 6666 6690 | c5f8 7749 
  0x00007fabfd6ea5e4: ba20 f9ab | fcab 7f00 | 0041 ffd2 

  0x00007fabfd6ea5f0: ;   {oop(""{0x00000007ffe00010})}
  0x00007fabfd6ea5f0: 49b9 1000 | e0ff 0700 | 0000 49b8 | 00e0 6d0e | ac7f 0000 | 4533 db49 | 8bee e904 | 0400 0049 
  0x00007fabfd6ea610: 8b87 0801 | 0000 4c8b | d049 83c2 | 184b 8d34 | dc4d 3b97 | 1801 0000 | 0f83 5912 | 0000 4d89 
  0x00007fabfd6ea630: 9708 0100 | 0041 0f0d | 8a00 0100 | 0048 c700 | 0100 0000 

  0x00007fabfd6ea644: ;   {metadata('java/util/ArrayList')}
  0x00007fabfd6ea644: c740 0840 | e100 0044 | 8960 0c44 

  0x00007fabfd6ea650: ;   {oop(a 'java/lang/Object'[0] {0x0000000700418288})}
  0x00007fabfd6ea650: 8960 10c7 | 4014 5130 | 08e0 4c8b | d847 8b54 | cc0c 4585 

  0x00007fabfd6ea664: ;   {oop(""{0x00000007ffe00010})}
  0x00007fabfd6ea664: d276 1b48 | bf10 00e0 | ff07 0000 | 0048 ba00 | e06d 0eac | 7f00 0045 | 33c0 33c9 | eb60 33d2 
  0x00007fabfd6ea684: ;   {oop(""{0x00000007ffe00010})}
  0x00007fabfd6ea684: 48bd 1000 | e0ff 0700 | 0000 49be | 00e0 6d0e | ac7f 0000 | 4533 d20f | 1f44 0000 | e90d 0100 
  0x00007fabfd6ea6a4: 0066 6666 | 0f1f 8400 | 0000 0000 | 4889 6c24 | 184c 8b54 | 2408 4c89 | 5424 2048 | 8b5c 2440 
  0x00007fabfd6ea6c4: 488b 7c24 | 4848 8b54 | 2450 4c8b | 6c24 5844 | 8b44 2460 | 488b 7424 | 684c 8b5c | 2470 478b 
  0x00007fabfd6ea6e4: 54cc 0c41 | 3bca 0f83 | 0113 0000 | 4f8d 14cc | 458b 548a | 100f 1f80 | 0000 0000 

  0x00007fabfd6ea700: ; implicit exception: dispatches to 0x00007fabfd6ebe4c
  0x00007fabfd6ea700: 478b 4cd4 | 1047 8b54 | cc10 894c | 2464 4c89 | 5c24 7048 | 8974 2468 | 4489 4424 | 604c 896c 
  0x00007fabfd6ea720: 2458 4889 | 5424 5048 | 897c 2448 | 4889 5c24 | 404c 8b5c | 2420 4c89 | 5c24 0848 | 8b6c 2418 
  0x00007fabfd6ea740: 498b d248 | c1e2 0348 | 8b74 2470 

  0x00007fabfd6ea74c: ;   {optimized virtual_call}
  0x00007fabfd6ea74c: c5f8 77e8 

  0x00007fabfd6ea750: ; ImmutableOopMap {rbp=Oop [8]=Oop [40]=Oop [52]=NarrowOop [56]=Oop [64]=Oop [72]=Oop [88]=Oop [104]=Oop [112]=Oop }
                      ;*invokevirtual addAll {reexecute=0 rethrow=0 return_oop=0}
                      ; - java.security.CodeSource::getCertificates@57 (line 210)
                      ; - java.lang.ClassLoader::checkCerts@34 (line 1158)
                      ; - java.lang.ClassLoader::preDefineClass@113 (line 907)
                      ; - java.lang.ClassLoader::defineClass@4 (line 1015)
                      ; - java.security.SecureClassLoader::defineClass@12 (line 150)
  0x00007fabfd6ea750: 2cbf 3eff | 4d8b 8748 | 0300 0044 | 8b54 2434 | 478b 4cd4 | 108b 4c24 

  0x00007fabfd6ea768: ; ImmutableOopMap {r9=NarrowOop rbp=Oop [8]=Oop [40]=Oop [52]=NarrowOop [56]=Oop [64]=Oop [72]=Oop [88]=Oop [104]=Oop [112]=Oop }
                      ;*goto {reexecute=1 rethrow=0 return_oop=0}
                      ; - (reexecute) java.security.CodeSource::getCertificates@64 (line 209)
                      ; - java.lang.ClassLoader::checkCerts@34 (line 1158)
                      ; - java.lang.ClassLoader::preDefineClass@113 (line 907)
                      ; - java.lang.ClassLoader::defineClass@4 (line 1015)
                      ; - java.security.SecureClassLoader::defineClass@12 (line 150)
                      ;   {poll}
  0x00007fabfd6ea768: 64ff c141 | 8500 478b | 5ccc 0c41 | 3bcb 0f8c | 34ff ffff | 4c8b 5c24 | 7041 8b53 | 1048 896c 
  0x00007fabfd6ea788: 2418 4c8b | 5424 084c | 8954 2420 | 488b 5c24 | 4048 8b6c | 2448 4c8b | 7424 504c | 8b6c 2458 
  0x00007fabfd6ea7a8: 448b 5424 | 6048 8b74 | 2468 81fa | 0000 0400 | 0f87 7213 | 0000 4863 | ca81 fa00 | 0004 000f 
  0x00007fabfd6ea7c8: 8718 1100 | 004d 8b87 | 0801 0000 | 48c1 e102 | 4883 c117 | 4c8b c949 | 83e1 f849 | 8bf8 4903 
  0x00007fabfd6ea7e8: f949 3bbf | 1801 0000 | 0f83 ef10 | 0000 4989 | bf08 0100 | 000f 0d8f | 0001 0000 | 49c7 0001 
  0x00007fabfd6ea808: 0000 000f | 0d8f 4001 

  0x00007fabfd6ea810: ;   {metadata('java/security/cert/Certificate'[])}
  0x00007fabfd6ea810: 0000 41c7 | 4008 f08e | 1200 4189 | 500c 0f0d | 8f80 0100 | 0049 8bf8 | 4883 c710 | 48c1 e903 
  0x00007fabfd6ea830: 4883 c1fe | 4833 c048 | 83f9 087f | 1048 ffc9 | 7857 4889 | 04cf 48ff | c97d f7eb | 4cc5 fdef 
  0x00007fabfd6ea850: c0e9 0d00 | 0000 c5fe | 7f07 c5fe | 7f47 2048 | 83c7 4048 | 83e9 087d | ed48 83c1 | 047c 0cc5 
  0x00007fabfd6ea870: fe7f 0748 | 83c7 2048 | 83e9 0448 | 83c1 047e | 18b8 0100 | 0000 c4e2 | 71f7 c048 | 83e8 01c5 
  0x00007fabfd6ea890: f892 f862 | f1fe 2f7f | 074c 8b4c | 2418 4c89 | 4c24 0848 | 895c 2440 | 448b 4c24 | 3444 894c 
  0x00007fabfd6ea8b0: 2410 4889 | 6c24 484c | 8974 2450 | 4c89 6c24 | 5844 8954 | 2460 4889 | 7424 684c | 895c 2470 
  0x00007fabfd6ea8d0: 498b d048 | 8b74 2470 

  0x00007fabfd6ea8d8: ;   {optimized virtual_call}
  0x00007fabfd6ea8d8: c5f8 77e8 

  0x00007fabfd6ea8dc: ; ImmutableOopMap {[8]=Oop [16]=NarrowOop [32]=Oop [40]=Oop [56]=Oop [64]=Oop [72]=Oop [88]=Oop [104]=Oop }
                      ;*invokevirtual toArray {reexecute=0 rethrow=0 return_oop=1}
                      ; - java.security.CodeSource::getCertificates@76 (line 213)
                      ; - java.lang.ClassLoader::checkCerts@34 (line 1158)
                      ; - java.lang.ClassLoader::preDefineClass@113 (line 907)
                      ; - java.lang.ClassLoader::defineClass@4 (line 1015)
                      ; - java.security.SecureClassLoader::defineClass@12 (line 150)
  0x00007fabfd6ea8dc: a0bd 3eff | 4c8b d844 

  0x00007fabfd6ea8e4: ;   {metadata('java/security/cert/Certificate'[])}
  0x00007fabfd6ea8e4: 8b50 0841 | 81fa f08e | 1200 0f85 | 5813 0000 | 4180 7f38 | 000f 85b5 | 0d00 008b | 6c24 104c 
  0x00007fabfd6ea904: 8b54 2468 | 4d8b c24d | 8bd3 49c1 | ea03 4589 | 54ec 144d | 8bd3 4d33 | d049 c1ea | 154d 85d2 
  0x00007fabfd6ea924: 7420 49c1 | e809 48bf | 00e0 6d0e | ac7f 0000 | 4903 f880 | 3f04 660f | 1f44 0000 | 0f85 ed0d 
  0x00007fabfd6ea944: 0000 458b | 430c 458b | 5308 4d63 | c849 c1e1 | 0249 83c1 | 1749 83e1 | f866 6690 | 4181 f800 
  0x00007fabfd6ea964: 0004 000f | 87cb 0f00 | 0049 8baf | 0801 0000 | 488b cd49 | 03c9 660f | 1f44 0000 | 493b 8f18 
  0x00007fabfd6ea984: 0100 000f | 83ab 0f00 | 0049 898f | 0801 0000 | 0f0d 8900 | 0100 0048 | c745 0001 | 0000 0044 
  0x00007fabfd6ea9a4: 8955 0844 | 8945 0c0f | 0d89 4001 | 0000 0f0d | 8980 0100 | 0049 8bfb | 4883 c710 | 488b f548 
  0x00007fabfd6ea9c4: 83c6 1049 | 83c1 f049 | c1e9 0349 | 8bd1 6666 | 0f1f 8400 | 0000 0000 | 6666 6690 | c5f8 7749 
  0x00007fabfd6ea9e4: ba20 f9ab | fcab 7f00 | 0041 ffd2 | 4c8b 5424 | 084c 8954 | 2418 488b | 5c24 404c | 8b4c 2448 
  0x00007fabfd6eaa04: 4c8b 4424 | 504c 8b6c | 2458 448b | 5c24 6048 | 8bcd e95a | f3ff ff43 | 8b4c c40c | 478b 5cc4 
  0x00007fabfd6eaa24: 084b 8d2c | c44c 63c9 | 49c1 e102 | 4983 c117 | 4983 e1f8 | 0f1f 8400 | 0000 0000 | 81f9 0000 
  0x00007fabfd6eaa44: 0400 0f87 | 0a0e 0000 | 498b 8708 | 0100 004c | 8bd0 4d03 | d10f 1f80 | 0000 0000 | 4d3b 9718 
  0x00007fabfd6eaa64: 0100 000f | 83e9 0d00 | 004d 8997 | 0801 0000 | 410f 0d8a | 0001 0000 | 48c7 0001 | 0000 0044 
  0x00007fabfd6eaa84: 8958 0889 | 480c 410f | 0d8a 4001 | 0000 410f | 0d8a 8001 | 0000 488b | d84b 8d7c | c410 488b 
  0x00007fabfd6eaaa4: f348 83c6 | 1049 83c1 | f049 c1e9 | 0349 8bd1 | 0f1f 8400 | 0000 0000 | 6666 6690 | c5f8 7749 
  0x00007fabfd6eaac4: ba20 f9ab | fcab 7f00 | 0041 ffd2 | e93b 0300 | 0049 8b87 | 0801 0000 | 4c8b d049 | 83c2 184b 
  0x00007fabfd6eaae4: 8d1c dc4d | 3b97 1801 | 0000 0f83 | 740e 0000 | 4d89 9708 | 0100 0041 | 0f0d 8a00 | 0100 0048 
  0x00007fabfd6eab04: c700 0100 

  0x00007fabfd6eab08: ;   {metadata('java/util/ArrayList')}
  0x00007fabfd6eab08: 0000 c740 | 0840 e100 | 0044 8960 | 0c44 8960 | 1043 8b4c 

  0x00007fabfd6eab1c: ;   {oop(a 'java/lang/Object'[0] {0x0000000700418288})}
  0x00007fabfd6eab1c: c40c c740 | 1451 3008 | e04c 8bd0 | 85c9 7723 | 448b 4c24 | 10e9 a600 | 0000 6666 | 0f1f 8400 
  0x00007fabfd6eab3c: 0000 0000 | 4489 5424 | 1048 8b5c | 2420 4c8b | 5424 2843 | 8b7c c40c | 448b 4c24 | 1044 3bcf 
  0x00007fabfd6eab5c: 0f1f 4000 | 0f83 ea0e | 0000 49c1 | e003 478b | 4488 1043 | 8b4c c410 

  0x00007fabfd6eab74: ; implicit exception: dispatches to 0x00007fabfd6ebe9c
  0x00007fabfd6eab74: 458b 44cc | 104c 8954 | 2428 4889 | 5c24 2044 | 895c 2410 | 418b e949 | 8bd0 48c1 | e203 498b 
  0x00007fabfd6eab94: f266 6690 

  0x00007fabfd6eab98: ;   {optimized virtual_call}
  0x00007fabfd6eab98: c5f8 77e8 

  0x00007fabfd6eab9c: ; ImmutableOopMap {[8]=Oop [16]=NarrowOop [24]=Oop [32]=Oop [40]=Oop }
                      ;*invokevirtual addAll {reexecute=0 rethrow=0 return_oop=0}
                      ; - java.security.CodeSource::getCertificates@57 (line 210)
                      ; - java.lang.ClassLoader::postDefineClass@24 (line 927)
                      ; - java.lang.ClassLoader::defineClass@37 (line 1018)
                      ; - java.security.SecureClassLoader::defineClass@12 (line 150)
  0x00007fabfd6eab9c: e0ba 3eff | 4d8b 8f48 | 0300 0044 | 8b5c 2410 | 478b 44dc | 1044 8bd5 

  0x00007fabfd6eabb4: ; ImmutableOopMap {r11=NarrowOop r8=NarrowOop [8]=Oop [24]=Oop [32]=Oop [40]=Oop }
                      ;*goto {reexecute=1 rethrow=0 return_oop=0}
                      ; - (reexecute) java.security.CodeSource::getCertificates@64 (line 209)
                      ; - java.lang.ClassLoader::postDefineClass@24 (line 927)
                      ; - java.lang.ClassLoader::defineClass@37 (line 1018)
                      ; - java.security.SecureClassLoader::defineClass@12 (line 150)
                      ;   {poll}
  0x00007fabfd6eabb4: 41ff c241 | 8501 660f | 1f44 0000 

  0x00007fabfd6eabc0: ; implicit exception: dispatches to 0x00007fabfd6ebeac
  0x00007fabfd6eabc0: 478b 4cc4 | 0c45 3bd1 | 0f8c 72ff | ffff 4c8b | 5424 2845 | 8b4a 1048 | 8b5c 2420 | 0f1f 4000 
  0x00007fabfd6eabe0: 4181 f900 | 0004 000f | 874b 0f00 | 0049 63c9 | 4181 f900 | 0004 000f | 87ac 0d00 | 0049 8b97 
  0x00007fabfd6eac00: 0801 0000 | 48c1 e102 | 4883 c117 | 4c8b c149 | 83e0 f848 | 8bfa 4903 | f80f 1f80 | 0000 0000 
  0x00007fabfd6eac20: 493b bf18 | 0100 000f | 837c 0d00 | 0049 89bf | 0801 0000 | 0f0d 8f00 | 0100 0048 | c702 0100 
  0x00007fabfd6eac40: 0000 0f0d | 8f40 0100 

  0x00007fabfd6eac48: ;   {metadata('java/security/cert/Certificate'[])}
  0x00007fabfd6eac48: 00c7 4208 | f08e 1200 | 4489 4a0c | 0f0d 8f80 | 0100 0048 | 8bfa 4883 | c710 48c1 | e903 4883 
  0x00007fabfd6eac68: c1fe 4833 | c048 83f9 | 087f 1048 | ffc9 7857 | 4889 04cf | 48ff c97d | f7eb 4cc5 | fdef c0e9 
  0x00007fabfd6eac88: 0d00 0000 | c5fe 7f07 | c5fe 7f47 | 2048 83c7 | 4048 83e9 | 087d ed48 | 83c1 047c | 0cc5 fe7f 
  0x00007fabfd6eaca8: 0748 83c7 | 2048 83e9 | 0448 83c1 | 047e 18b8 | 0100 0000 | c4e2 71f7 | c048 83e8 | 01c5 f892 
  0x00007fabfd6eacc8: f862 f1fe | 2f7f 0741 | 8beb 4889 | 5c24 104c | 8954 2420 | 488b 7424 | 2066 6690 

  0x00007fabfd6eace4: ;   {optimized virtual_call}
  0x00007fabfd6eace4: c5f8 77e8 

  0x00007fabfd6eace8: ; ImmutableOopMap {rbp=NarrowOop [8]=Oop [16]=Oop [24]=Oop }
                      ;*invokevirtual toArray {reexecute=0 rethrow=0 return_oop=1}
                      ; - java.security.CodeSource::getCertificates@76 (line 213)
                      ; - java.lang.ClassLoader::postDefineClass@24 (line 927)
                      ; - java.lang.ClassLoader::defineClass@37 (line 1018)
                      ; - java.security.SecureClassLoader::defineClass@12 (line 150)
  0x00007fabfd6eace8: 94b9 3eff | 4c8b e844 | 8b58 0866 | 0f1f 8400 | 0000 0000 | 6666 6690 

  0x00007fabfd6ead00: ;   {metadata('java/security/cert/Certificate'[])}
  0x00007fabfd6ead00: 4181 fbf0 | 8e12 000f | 857f 0f00 | 0041 807f | 3800 0f85 | db09 0000 | 8bdd 4d8b | d54c 8954 
  0x00007fabfd6ead20: 2428 4c8b | 5424 104c | 8b5c 2428 | 4d8b c349 | c1e8 0345 | 8944 dc14 | 4d33 da49 | c1eb 1590 
  0x00007fabfd6ead40: 4d85 db74 | 1649 c1ea | 094c 8b44 | 2448 4d03 | c241 8038 | 040f 852f | 0a00 004c | 8b54 2428 
  0x00007fabfd6ead60: 458b 5a0c | 458b 5208 | 4963 eb48 | c1e5 0248 | 83c5 1748 | 83e5 f866 | 0f1f 8400 | 0000 0000 
  0x00007fabfd6ead80: 4181 fb00 | 0004 000f | 8747 0c00 | 0049 8b87 | 0801 0000 | 4c8b c04c | 03c5 660f | 1f44 0000 
  0x00007fabfd6eada0: 4d3b 8718 | 0100 000f | 8327 0c00 | 004d 8987 | 0801 0000 | 410f 0d88 | 0001 0000 | 48c7 0001 
  0x00007fabfd6eadc0: 0000 0044 | 8950 0844 | 8958 0c41 | 0f0d 8840 | 0100 0041 | 0f0d 8880 | 0100 0048 | 8bd8 488b 
  0x00007fabfd6eade0: 7c24 2848 | 83c7 1048 | 8bf3 4883 | c610 4883 | c5f0 48c1 | ed03 488b | d50f 1f80 | 0000 0000 
  0x00007fabfd6eae00: c5f8 7749 | ba20 f9ab | fcab 7f00 | 0041 ffd2 | 488b 7424 | 0848 8bd3 

  0x00007fabfd6eae18: ;   {optimized virtual_call}
  0x00007fabfd6eae18: c5f8 77e8 

  0x00007fabfd6eae1c: ; ImmutableOopMap {[8]=Oop }
                      ;*invokevirtual setSigners {reexecute=0 rethrow=0 return_oop=0}
                      ; - java.lang.ClassLoader::setSigners@2 (line 1308)
                      ; - java.lang.ClassLoader::postDefineClass@35 (line 929)
                      ; - java.lang.ClassLoader::defineClass@37 (line 1018)
                      ; - java.security.SecureClassLoader::defineClass@12 (line 150)
  0x00007fabfd6eae1c: 60b8 3eff | e937 f3ff 

  0x00007fabfd6eae24: ;   {oop(""{0x00000007ffe00010})}
  0x00007fabfd6eae24: ff49 bd10 | 00e0 ff07 | 0000 00e9 | f9ee ffff 

  0x00007fabfd6eae34: ;   {oop(""{0x00000007ffe00010})}
  0x00007fabfd6eae34: 49bd 1000 | e0ff 0700 | 0000 6690 | e968 f2ff 

  0x00007fabfd6eae44: ;   {metadata('java/security/SecureClassLoader$CodeSourceKey')}
  0x00007fabfd6eae44: ff48 bea8 | c514 8fab | 7f00 0048 | 8b6c 2418 

  0x00007fabfd6eae54: ;   {runtime_call _new_instance_Java}
  0x00007fabfd6eae54: c5f8 77e8 

  0x00007fabfd6eae58: ; ImmutableOopMap {rbp=Oop [24]=Oop [32]=Oop [40]=Oop [64]=Oop }
                      ;*new {reexecute=0 rethrow=0 return_oop=1}
                      ; - java.security.SecureClassLoader::getProtectionDomain@6 (line 221)
                      ; - java.security.SecureClassLoader::defineClass@9 (line 150)
  0x00007fabfd6eae58: 2480 49ff | 488b d090 | e9e9 eaff | ff44 8944 | 2410 4889 | 5424 384c | 8b54 2418 | 4c89 5424 
  0x00007fabfd6eae78: 084c 8b54 

  0x00007fabfd6eae7c: ;   {metadata('java/security/SecureClassLoader$1')}
  0x00007fabfd6eae7c: 2440 48be | c0c7 148f | ab7f 0000 | 4c89 5424 | 4866 6690 

  0x00007fabfd6eae90: ;   {runtime_call _new_instance_Java}
  0x00007fabfd6eae90: c5f8 77e8 

  0x00007fabfd6eae94: ; ImmutableOopMap {rbp=NarrowOop [8]=Oop [16]=NarrowOop [32]=Oop [40]=Oop [56]=Oop [72]=Oop }
                      ;*new {reexecute=0 rethrow=0 return_oop=1}
                      ; - java.security.SecureClassLoader::getProtectionDomain@20 (line 222)
                      ; - java.security.SecureClassLoader::defineClass@9 (line 150)
  0x00007fabfd6eae94: e87f 49ff | 4c8b 5c24 | 084c 895c | 2418 488b | 5424 3844 | 8b44 2410 | 488b c8e9 | faea ffff 
  0x00007fabfd6eaeb4: 894c 245c | 8b4c 2434 | 894c 2458 | 4889 5c24 | 504c 895c | 2448 4c89 | 5424 4089 | 7424 3444 
  0x00007fabfd6eaed4: 8944 2410 | 4c8b 5424 | 204c 8954 | 2408 488b 

  0x00007fabfd6eaee4: ;   {metadata('java/lang/String')}
  0x00007fabfd6eaee4: 6c24 1848 | be20 ec00 | 8fab 7f00 | 0066 6690 

  0x00007fabfd6eaef4: ;   {runtime_call _new_instance_Java}
  0x00007fabfd6eaef4: c5f8 77e8 

  0x00007fabfd6eaef8: ; ImmutableOopMap {rbp=Oop [8]=Oop [16]=NarrowOop [40]=Oop [56]=Oop [64]=Oop [72]=Derived_oop_[64] [80]=Oop [88]=NarrowOop }
                      ;*new {reexecute=0 rethrow=0 return_oop=1}
                      ; - java.lang.StringLatin1::newString@7 (line 769)
                      ; - java.lang.String::substring@41 (line 2714)
                      ; - java.lang.ClassLoader::checkCerts@21 (line 1154)
                      ; - java.lang.ClassLoader::preDefineClass@113 (line 907)
                      ; - java.lang.ClassLoader::defineClass@4 (line 1015)
                      ; - java.security.SecureClassLoader::defineClass@12 (line 150)
  0x00007fabfd6eaef8: 847f 49ff | 4889 6c24 | 184c 8b54 | 2408 4c89 | 5424 2044 | 8b44 2410 | 8b74 2434 | 4c8b 5424 
  0x00007fabfd6eaf18: 40c5 fb10 | 4424 4848 | 8b5c 2450 | 448b 4c24 | 5844 894c | 2434 8b4c | 245c 4c8b | e8e9 cbec 
  0x00007fabfd6eaf38: ffff 4889 | 5424 704c | 895c 2468 | 4c89 6c24 | 6089 4c24 | 5844 8b4c | 2434 4489 | 4c24 1048 
  0x00007fabfd6eaf58: 895c 2450 | c5fb 1144 | 2448 4c89 | 5424 404c | 8b5c 2418 | 4c89 5c24 

  0x00007fabfd6eaf70: ;   {metadata({type array byte})}
  0x00007fabfd6eaf70: 0848 be48 | 6800 8fab | 7f00 008b | d144 8944 | 2434 6690 

  0x00007fabfd6eaf84: ;   {runtime_call _new_array_nozero_Java}
  0x00007fabfd6eaf84: c5f8 77e8 

  0x00007fabfd6eaf88: ; ImmutableOopMap {[8]=Oop [16]=NarrowOop [32]=Oop [40]=Oop [52]=NarrowOop [56]=Oop [64]=Oop [72]=Derived_oop_[64] [80]=Oop [96]=Oop }
                      ;*newarray {reexecute=0 rethrow=0 return_oop=1}
                      ; - java.util.Arrays::copyOfRange@41 (line 3822)
                      ; - java.lang.StringLatin1::newString@16 (line 769)
                      ; - java.lang.String::substring@41 (line 2714)
                      ; - java.lang.ClassLoader::checkCerts@21 (line 1154)
                      ; - java.lang.ClassLoader::preDefineClass@113 (line 907)
                      ; - java.lang.ClassLoader::defineClass@4 (line 1015)
                      ; - java.security.SecureClassLoader::defineClass@12 (line 150)
  0x00007fabfd6eaf88: f484 49ff | 4c8b 5c24 | 084c 895c | 2418 c5fb | 1044 2448 | 488b 5c24 | 5044 8b44 | 2410 4489 
  0x00007fabfd6eafa8: 4424 348b | 4c24 584c | 8b6c 2460 | 4c8b 5c24 | 6848 8b54 | 2470 4c8b | c8e9 d6ec | ffff 453b 
  0x00007fabfd6eafc8: d10f 85df | 0000 0045 | 8bc2 41ff | c845 3bc2 | 0f83 9f0b | 0000 6690 | 4585 c90f | 8694 0b00 
  0x00007fabfd6eafe8: 0045 8bc1 | 41ff c833 | dbeb 338b | 5c24 68ff | c30f 1f80 | 0000 0000 | 3b5c 247c | 0f8d ca00 
  0x00007fabfd6eb008: 0000 488b | 7c24 5848 | 8b4c 2408 | 448b 5424 | 7c44 8b4c | 2478 448b | 8424 8000 | 0000 8b54 
  0x00007fabfd6eb028: 9f10 453b | c10f 8349 | 0a00 0085 | d20f 8441 | 0a00 004d | 8d1c d433 | ed48 897c | 2458 4489 
  0x00007fabfd6eb048: 5424 7c44 | 894c 2478 | 4489 8424 | 8000 0000 | 895c 2468 | 8954 246c | 4c89 9c24 | 8800 0000 
  0x00007fabfd6eb068: eb0b 660f | 1f44 0000 | 488b 4c24 | 0844 8b54 | a910 4889 | 4c24 0849 | 8bd2 48c1 | e203 488b 
  0x00007fabfd6eb088: b424 8800 | 0000 6690 

  0x00007fabfd6eb090: ;   {optimized virtual_call}
  0x00007fabfd6eb090: c5f8 77e8 

  0x00007fabfd6eb094: ; ImmutableOopMap {[8]=Oop [24]=Oop [32]=Oop [40]=Oop [56]=Oop [64]=Oop [88]=Oop [108]=NarrowOop [136]=Oop }
                      ;*invokevirtual equals {reexecute=0 rethrow=0 return_oop=0}
                      ; - java.lang.ClassLoader::compareCerts@81 (line 1188)
                      ; - java.lang.ClassLoader::checkCerts@80 (line 1162)
                      ; - java.lang.ClassLoader::preDefineClass@113 (line 907)
                      ; - java.lang.ClassLoader::defineClass@4 (line 1015)
                      ; - java.security.SecureClassLoader::defineClass@12 (line 150)
  0x00007fabfd6eb094: e8b5 3eff | 85c0 660f | 1f44 0000 | 0f85 4dff | ffff ffc5 | 3b6c 2478 | 7cc2 be45 | ffff ff48 
  0x00007fabfd6eb0b4: 8b6c 2418 | 4c8b 5424 | 284c 8954 | 2418 448b | 5c24 1444 | 895c 2410 

  0x00007fabfd6eb0cc: ;   {runtime_call UncommonTrapBlob}
  0x00007fabfd6eb0cc: c5f8 77e8 

  0x00007fabfd6eb0d0: ; ImmutableOopMap {rbp=Oop [24]=Oop [32]=Oop [56]=Oop }
                      ;*ifne {reexecute=1 rethrow=0 return_oop=0}
                      ; - (reexecute) java.lang.ClassLoader::checkCerts@83 (line 1162)
                      ; - java.lang.ClassLoader::preDefineClass@113 (line 907)
                      ; - java.lang.ClassLoader::defineClass@4 (line 1015)
                      ; - java.security.SecureClassLoader::defineClass@12 (line 150)
  0x00007fabfd6eb0d0: ac39 3fff | 4533 d2eb | 1344 8b54 | 2460 41ff | c244 3b54 | 2478 0f8d | 06ed ffff | 4c8b 5c24 
  0x00007fabfd6eb0f0: 0847 8b4c | 9310 4585 | c90f 84d5 | 0900 004f | 8d04 cc33 | ed44 8954 | 2460 4489 | 4c24 644c 
  0x00007fabfd6eb110: 8984 2480 | 0000 0066 | 0f1f 8400 | 0000 0000 | 4c8b 5424 | 5845 8b5c | aa10 498b | d348 c1e2 
  0x00007fabfd6eb130: 0348 8bb4 | 2480 0000 | 0066 6690 

  0x00007fabfd6eb13c: ;   {optimized virtual_call}
  0x00007fabfd6eb13c: c5f8 77e8 

  0x00007fabfd6eb140: ; ImmutableOopMap {[8]=Oop [24]=Oop [32]=Oop [40]=Oop [56]=Oop [64]=Oop [88]=Oop [100]=NarrowOop [128]=Oop }
                      ;*invokevirtual equals {reexecute=0 rethrow=0 return_oop=0}
                      ; - java.lang.ClassLoader::compareCerts@166 (line 1200)
                      ; - java.lang.ClassLoader::checkCerts@80 (line 1162)
                      ; - java.lang.ClassLoader::preDefineClass@113 (line 907)
                      ; - java.lang.ClassLoader::defineClass@4 (line 1015)
                      ; - java.security.SecureClassLoader::defineClass@12 (line 150)
  0x00007fabfd6eb140: 3cb5 3eff | 85c0 7591 | ffc5 3b6c | 247c 7cd0 | e959 ffff | ff44 8954 | 242c 4489 | 5c24 2844 
  0x00007fabfd6eb160: 8944 2414 | 4c8b 5424 | 084c 8954 | 2420 4c8b | 5424 384c | 8954 2408 

  0x00007fabfd6eb178: ;   {metadata('java/lang/String')}
  0x00007fabfd6eb178: 48be 20ec | 008f ab7f | 0000 6690 

  0x00007fabfd6eb184: ;   {runtime_call _new_instance_Java}
  0x00007fabfd6eb184: c5f8 77e8 

  0x00007fabfd6eb188: ; ImmutableOopMap {rbp=Oop [8]=Oop [20]=NarrowOop [24]=Oop [32]=Oop }
                      ;*new {reexecute=0 rethrow=0 return_oop=1}
                      ; - java.lang.StringLatin1::newString@7 (line 769)
                      ; - java.lang.String::substring@41 (line 2714)
                      ; - java.lang.Class::getPackageName@62 (line 1084)
                      ; - java.lang.ClassLoader::postDefineClass@2 (line 924)
                      ; - java.lang.ClassLoader::defineClass@37 (line 1018)
                      ; - java.security.SecureClassLoader::defineClass@12 (line 150)
  0x00007fabfd6eb188: f47c 49ff | 4c8b 5424 | 084c 8954 | 2438 4c8b | 5424 204c | 8954 2408 | 448b 4424 | 1444 8b5c 
  0x00007fabfd6eb1a8: 2428 448b | 5424 2c4c | 8be8 e9c9 | edff ff48 | 896c 2468 | 4889 5424 | 4048 894c | 2430 4c89 
  0x00007fabfd6eb1c8: 6c24 2844 | 8954 2420 | 4489 4424 | 1448 8b6c 

  0x00007fabfd6eb1d8: ;   {metadata({type array byte})}
  0x00007fabfd6eb1d8: 2438 48be | 4868 008f | ab7f 0000 | 418b d290 

  0x00007fabfd6eb1e8: ;   {runtime_call _new_array_nozero_Java}
  0x00007fabfd6eb1e8: c5f8 77e8 

  0x00007fabfd6eb1ec: ; ImmutableOopMap {rbp=Oop [8]=Oop [20]=NarrowOop [24]=Oop [40]=Oop [104]=Oop }
                      ;*newarray {reexecute=0 rethrow=0 return_oop=1}
                      ; - java.util.Arrays::copyOfRange@41 (line 3822)
                      ; - java.lang.StringLatin1::newString@16 (line 769)
                      ; - java.lang.String::substring@41 (line 2714)
                      ; - java.lang.Class::getPackageName@62 (line 1084)
                      ; - java.lang.ClassLoader::postDefineClass@2 (line 924)
                      ; - java.lang.ClassLoader::defineClass@37 (line 1018)
                      ; - java.security.SecureClassLoader::defineClass@12 (line 150)
  0x00007fabfd6eb1ec: 9082 49ff | 4889 6c24 | 3844 8b44 | 2414 448b | 5424 204c | 8b6c 2428 | 488b 4c24 | 3048 8b54 
  0x00007fabfd6eb20c: 2440 4c8b | f048 8b6c | 2468 e904 | eeff ffbe | e4ff ffff | 894c 2408 | 448b 5424 | 1444 8954 
  0x00007fabfd6eb22c: 240c 448b | 5c24 3044 | 895c 2410 | 4889 5c24 | 4044 8b54 | 2434 4489 | 5424 1444 | 8944 2434 
  0x00007fabfd6eb24c: ;   {runtime_call UncommonTrapBlob}
  0x00007fabfd6eb24c: c5f8 77e8 

  0x00007fabfd6eb250: ; ImmutableOopMap {[20]=NarrowOop [24]=Oop [32]=Oop [40]=Oop [52]=NarrowOop [56]=Oop [64]=Oop }
                      ;*baload {reexecute=0 rethrow=0 return_oop=0}
                      ; - java.lang.StringLatin1::lastIndexOf@24 (line 295)
                      ; - java.lang.String::lastIndexOf@13 (line 2489)
                      ; - java.lang.String::lastIndexOf@8 (line 2451)
                      ; - java.lang.ClassLoader::checkCerts@3 (line 1153)
                      ; - java.lang.ClassLoader::preDefineClass@113 (line 907)
                      ; - java.lang.ClassLoader::defineClass@4 (line 1015)
                      ; - java.security.SecureClassLoader::defineClass@12 (line 150)
  0x00007fabfd6eb250: 2c38 3fff | bee4 ffff | ff48 8b6c | 2408 4c8b | 5c24 384c | 895c 2420 | 4c89 4c24 | 3044 8944 
  0x00007fabfd6eb270: 2440 4489 | 5424 4490 

  0x00007fabfd6eb278: ;   {runtime_call UncommonTrapBlob}
  0x00007fabfd6eb278: c5f8 77e8 

  0x00007fabfd6eb27c: ; ImmutableOopMap {rbp=Oop [24]=Oop [32]=Oop [48]=Oop [64]=NarrowOop }
                      ;*baload {reexecute=0 rethrow=0 return_oop=0}
                      ; - java.lang.StringLatin1::lastIndexOf@24 (line 295)
                      ; - java.lang.String::lastIndexOf@13 (line 2489)
                      ; - java.lang.String::lastIndexOf@8 (line 2451)
                      ; - java.lang.Class::getPackageName@47 (line 1083)
                      ; - java.lang.ClassLoader::postDefineClass@2 (line 924)
                      ; - java.lang.ClassLoader::defineClass@37 (line 1018)
                      ; - java.security.SecureClassLoader::defineClass@12 (line 150)
  0x00007fabfd6eb27c: 0038 3fff | bef6 ffff | ff49 8bed | 4889 4c24 | 0866 6690 

  0x00007fabfd6eb290: ;   {runtime_call UncommonTrapBlob}
  0x00007fabfd6eb290: c5f8 77e8 

  0x00007fabfd6eb294: ; ImmutableOopMap {rbp=Oop [8]=Oop }
                      ;*invokevirtual putIfAbsent {reexecute=0 rethrow=0 return_oop=0}
                      ; - java.lang.ClassLoader::checkCerts@62 (line 1161)
                      ; - java.lang.ClassLoader::preDefineClass@113 (line 907)
                      ; - java.lang.ClassLoader::defineClass@4 (line 1015)
                      ; - java.security.SecureClassLoader::defineClass@12 (line 150)
  0x00007fabfd6eb294: e837 3fff | bef6 ffff | ff66 6690 

  0x00007fabfd6eb2a0: ;   {runtime_call UncommonTrapBlob}
  0x00007fabfd6eb2a0: c5f8 77e8 

  0x00007fabfd6eb2a4: ; ImmutableOopMap {rbp=NarrowOop }
                      ;*invokevirtual toExternalForm {reexecute=0 rethrow=0 return_oop=0}
                      ; - java.net.URL::toExternalForm@5 (line 1039)
                      ; - java.net.URL::toString@1 (line 1025)
                      ; - java.lang.ClassLoader::defineClassSourceLocation@22 (line 917)
                      ; - java.lang.ClassLoader::defineClass@12 (line 1016)
                      ; - java.security.SecureClassLoader::defineClass@12 (line 150)
  0x00007fabfd6eb2a4: d837 3fff | bede ffff | ff4c 8954 | 2408 4c8b | 5424 204c | 8954 2418 | 4c8b 5424 | 284c 8954 
  0x00007fabfd6eb2c4: 2420 448b | 5424 1444 | 8954 2410 | 448b 5424 | 3044 8954 | 2414 4889 | 5424 2848 | 894c 2430 
  0x00007fabfd6eb2e4: ;   {runtime_call UncommonTrapBlob}
  0x00007fabfd6eb2e4: c5f8 77e8 

  0x00007fabfd6eb2e8: ; ImmutableOopMap {rbp=NarrowOop [8]=Oop [24]=Oop [32]=Oop [40]=Oop [48]=Oop }
                      ;*invokeinterface computeIfAbsent {reexecute=0 rethrow=0 return_oop=0}
                      ; - java.security.SecureClassLoader::getProtectionDomain@29 (line 222)
                      ; - java.security.SecureClassLoader::defineClass@9 (line 150)
  0x00007fabfd6eb2e8: 9437 3fff | be45 ffff | ff4c 8954 | 2408 448b | 5424 1444 | 8954 2410 | 448b 5c24 | 3044 895c 
  0x00007fabfd6eb308: 2414 4889 | 4424 3090 

  0x00007fabfd6eb310: ;   {runtime_call UncommonTrapBlob}
  0x00007fabfd6eb310: c5f8 77e8 

  0x00007fabfd6eb314: ; ImmutableOopMap {[8]=Oop [24]=Oop [40]=Oop [48]=Oop }
                      ;*ifeq {reexecute=1 rethrow=0 return_oop=0}
                      ; - (reexecute) java.lang.ClassLoader::checkName@8 (line 1145)
                      ; - java.lang.ClassLoader::preDefineClass@1 (line 890)
                      ; - java.lang.ClassLoader::defineClass@4 (line 1015)
                      ; - java.security.SecureClassLoader::defineClass@12 (line 150)
  0x00007fabfd6eb314: 6837 3fff | 4c63 d90f | 1f44 0000 | e9ef e8ff | ff49 83c3 | fe49 8bcb | 498b fa48 | 33c0 4883 
  0x00007fabfd6eb334: f908 7f10 | 48ff c978 | 5748 8904 | cf48 ffc9 | 7df7 eb4c | c5fd efc0 | e90d 0000 | 00c5 fe7f 
  0x00007fabfd6eb354: 07c5 fe7f | 4720 4883 | c740 4883 | e908 7ded | 4883 c104 | 7c0c c5fe | 7f07 4883 | c720 4883 
  0x00007fabfd6eb374: e904 4883 | c104 7e18 | b801 0000 | 00c4 e271 | f7c0 4883 | e801 c5f8 | 92f8 62f1 | fe2f 7f07 
  0x00007fabfd6eb394: e95a e9ff | ffbe ccff | ffff 894c | 2408 448b | 5424 1444 | 8954 240c | 448b 5c24 | 3044 895c 
  0x00007fabfd6eb3b4: 2410 4889 | 5c24 4044 | 8b5c 2434 | 4489 5c24 | 144c 896c | 2450 4489 | 4424 5890 

  0x00007fabfd6eb3d0: ;   {runtime_call UncommonTrapBlob}
  0x00007fabfd6eb3d0: c5f8 77e8 

  0x00007fabfd6eb3d4: ; ImmutableOopMap {[20]=NarrowOop [24]=Oop [32]=Oop [40]=Oop [56]=Oop [64]=Oop [80]=Oop [88]=NarrowOop }
                      ;*newarray {reexecute=1 rethrow=0 return_oop=0}
                      ; - (reexecute) java.util.Arrays::copyOfRange@41 (line 3822)
                      ; - java.lang.StringLatin1::newString@16 (line 769)
                      ; - java.lang.String::substring@41 (line 2714)
                      ; - java.lang.ClassLoader::checkCerts@21 (line 1154)
                      ; - java.lang.ClassLoader::preDefineClass@113 (line 907)
                      ; - java.lang.ClassLoader::defineClass@4 (line 1015)
                      ; - java.security.SecureClassLoader::defineClass@12 (line 150)
  0x00007fabfd6eb3d4: a836 3fff | bee4 ffff | ff44 8b54 | 2414 4489 | 5424 1044 | 8b5c 2430 | 4489 5c24 | 144c 8b54 
  0x00007fabfd6eb3f4: 2438 4c89 | 5424 3044 | 8944 243c 

  0x00007fabfd6eb400: ;   {runtime_call UncommonTrapBlob}
  0x00007fabfd6eb400: c5f8 77e8 

  0x00007fabfd6eb404: ; ImmutableOopMap {[24]=Oop [32]=Oop [40]=Oop [48]=Oop [60]=NarrowOop }
                      ;*baload {reexecute=0 rethrow=0 return_oop=0}
                      ; - java.lang.String::startsWith@80 (line 2270)
                      ; - java.lang.String::startsWith@3 (line 2302)
                      ; - java.lang.ClassLoader::preDefineClass@43 (line 896)
                      ; - java.lang.ClassLoader::defineClass@4 (line 1015)
                      ; - java.security.SecureClassLoader::defineClass@12 (line 150)
  0x00007fabfd6eb404: 7836 3fff | be45 ffff | ff48 8944 | 2428 6690 

  0x00007fabfd6eb414: ;   {runtime_call UncommonTrapBlob}
  0x00007fabfd6eb414: c5f8 77e8 

  0x00007fabfd6eb418: ; ImmutableOopMap {[8]=Oop [24]=Oop [40]=Oop [56]=Oop }
                      ;*ifeq {reexecute=1 rethrow=0 return_oop=0}
                      ; - (reexecute) java.lang.Class::getPackageName@13 (line 1078)
                      ; - java.lang.ClassLoader::postDefineClass@2 (line 924)
                      ; - java.lang.ClassLoader::defineClass@37 (line 1018)
                      ; - java.security.SecureClassLoader::defineClass@12 (line 150)
  0x00007fabfd6eb418: 6436 3fff | 4963 ca90 | e96b ebff | ff48 83c1 | fe49 8bf9 | 4833 c048 | 83f9 087f | 1048 ffc9 
  0x00007fabfd6eb438: 7857 4889 | 04cf 48ff | c97d f7eb | 4cc5 fdef | c0e9 0d00 | 0000 c5fe | 7f07 c5fe | 7f47 2048 
  0x00007fabfd6eb458: 83c7 4048 | 83e9 087d | ed48 83c1 | 047c 0cc5 | fe7f 0748 | 83c7 2048 | 83e9 0448 | 83c1 047e 
  0x00007fabfd6eb478: 18b8 0100 | 0000 c4e2 | 71f7 c048 | 83e8 01c5 | f892 f862 | f1fe 2f7f | 07e9 daeb | ffff becc 
  0x00007fabfd6eb498: ffff ff4c | 8b5c 2438 | 4c89 5c24 | 204c 896c | 2438 4489 | 4424 4044 | 8954 2448 

  0x00007fabfd6eb4b4: ;   {runtime_call UncommonTrapBlob}
  0x00007fabfd6eb4b4: c5f8 77e8 

  0x00007fabfd6eb4b8: ; ImmutableOopMap {[8]=Oop [24]=Oop [32]=Oop [56]=Oop [64]=NarrowOop }
                      ;*newarray {reexecute=1 rethrow=0 return_oop=0}
                      ; - (reexecute) java.util.Arrays::copyOfRange@41 (line 3822)
                      ; - java.lang.StringLatin1::newString@16 (line 769)
                      ; - java.lang.String::substring@41 (line 2714)
                      ; - java.lang.Class::getPackageName@62 (line 1084)
                      ; - java.lang.ClassLoader::postDefineClass@2 (line 924)
                      ; - java.lang.ClassLoader::defineClass@37 (line 1018)
                      ; - java.security.SecureClassLoader::defineClass@12 (line 150)
  0x00007fabfd6eb4b8: c435 3fff | 4585 c940 | 0f95 c540 | 0fb6 ed83 | f501 be45 | ffff ff44 | 8b5c 2414 | 4489 5c24 
  0x00007fabfd6eb4d8: 1044 8b54 | 2430 4489 | 5424 1490 

  0x00007fabfd6eb4e4: ;   {runtime_call UncommonTrapBlob}
  0x00007fabfd6eb4e4: c5f8 77e8 

  0x00007fabfd6eb4e8: ; ImmutableOopMap {[24]=Oop [32]=Oop [40]=Oop [56]=Oop }
                      ;*ifeq {reexecute=1 rethrow=0 return_oop=0}
                      ; - (reexecute) java.lang.String::indexOf@4 (line 2423)
                      ; - java.lang.String::indexOf@3 (line 2380)
                      ; - java.lang.ClassLoader::checkName@16 (line 1147)
                      ; - java.lang.ClassLoader::preDefineClass@1 (line 890)
                      ; - java.lang.ClassLoader::defineClass@4 (line 1015)
                      ; - java.security.SecureClassLoader::defineClass@12 (line 150)
  0x00007fabfd6eb4e8: 9435 3fff | be45 ffff | ff4c 8b54 | 2420 4c89 | 5424 0844 | 8b54 2414 | 4489 5424 | 1044 8b5c 
  0x00007fabfd6eb508: 2430 4489 | 5c24 144c | 8b54 2438 | 4c89 5424 | 3089 5c24 | 4066 6690 

  0x00007fabfd6eb520: ;   {runtime_call UncommonTrapBlob}
  0x00007fabfd6eb520: c5f8 77e8 

  0x00007fabfd6eb524: ; ImmutableOopMap {[8]=Oop [24]=Oop [40]=Oop [48]=Oop }
                      ;*if_icmpne {reexecute=1 rethrow=0 return_oop=0}
                      ; - (reexecute) java.lang.ClassLoader::checkName@20 (line 1147)
                      ; - java.lang.ClassLoader::preDefineClass@1 (line 890)
                      ; - java.lang.ClassLoader::defineClass@4 (line 1015)
                      ; - java.security.SecureClassLoader::defineClass@12 (line 150)
  0x00007fabfd6eb524: 5835 3fff | be45 ffff | ff89 4c24 | 0c89 4c24 | 1048 895c | 2440 6690 

  0x00007fabfd6eb53c: ;   {runtime_call UncommonTrapBlob}
  0x00007fabfd6eb53c: c5f8 77e8 

  0x00007fabfd6eb540: ; ImmutableOopMap {[24]=Oop [32]=Oop [40]=Oop [52]=NarrowOop [56]=Oop [64]=Oop }
                      ;*if_icmpgt {reexecute=1 rethrow=0 return_oop=0}
                      ; - (reexecute) java.lang.String::checkBoundsBeginEnd@6 (line 4605)
                      ; - java.lang.String::substring@8 (line 2709)
                      ; - java.lang.ClassLoader::checkCerts@21 (line 1154)
                      ; - java.lang.ClassLoader::preDefineClass@113 (line 907)
                      ; - java.lang.ClassLoader::defineClass@4 (line 1015)
                      ; - java.security.SecureClassLoader::defineClass@12 (line 150)
  0x00007fabfd6eb540: 3c35 3fff | be45 ffff | ff48 8b6c | 2418 4889 | 5424 0848 | 894c 2420 | 4489 4424 | 1044 894c 
  0x00007fabfd6eb560: 2414 4889 | 7c24 3090 

  0x00007fabfd6eb568: ;   {runtime_call UncommonTrapBlob}
  0x00007fabfd6eb568: c5f8 77e8 

  0x00007fabfd6eb56c: ; ImmutableOopMap {rbp=Oop [8]=Oop [32]=Oop [48]=Oop [64]=Oop }
                      ;*ifnonnull {reexecute=1 rethrow=0 return_oop=0}
                      ; - (reexecute) java.security.SecureClassLoader::getProtectionDomain@1 (line 213)
                      ; - java.security.SecureClassLoader::defineClass@9 (line 150)
  0x00007fabfd6eb56c: 1035 3fff | be45 ffff | ff44 8b54 | 2414 4489 | 5424 1044 | 8b5c 2430 | 4489 5c24 | 1466 6690 
  0x00007fabfd6eb58c: ;   {runtime_call UncommonTrapBlob}
  0x00007fabfd6eb58c: c5f8 77e8 

  0x00007fabfd6eb590: ; ImmutableOopMap {[24]=Oop [32]=Oop [40]=Oop [56]=Oop }
                      ;*if_icmpne {reexecute=1 rethrow=0 return_oop=0}
                      ; - (reexecute) java.lang.ClassLoader::checkName@30 (line 1147)
                      ; - java.lang.ClassLoader::preDefineClass@1 (line 890)
                      ; - java.lang.ClassLoader::defineClass@4 (line 1015)
                      ; - java.security.SecureClassLoader::defineClass@12 (line 150)
  0x00007fabfd6eb590: ec34 3fff | be45 ffff | ff89 4c24 | 0c89 4c24 | 1048 895c | 2440 6690 

  0x00007fabfd6eb5a8: ;   {runtime_call UncommonTrapBlob}
  0x00007fabfd6eb5a8: c5f8 77e8 

  0x00007fabfd6eb5ac: ; ImmutableOopMap {[24]=Oop [32]=Oop [40]=Oop [52]=NarrowOop [56]=Oop [64]=Oop }
                      ;*if_icmple {reexecute=1 rethrow=0 return_oop=0}
                      ; - (reexecute) java.lang.String::checkBoundsBeginEnd@11 (line 4605)
                      ; - java.lang.String::substring@8 (line 2709)
                      ; - java.lang.ClassLoader::checkCerts@21 (line 1154)
                      ; - java.lang.ClassLoader::preDefineClass@113 (line 907)
                      ; - java.lang.ClassLoader::defineClass@4 (line 1015)
                      ; - java.security.SecureClassLoader::defineClass@12 (line 150)
  0x00007fabfd6eb5ac: d034 3fff | be45 ffff | ff48 8b6c | 2418 4c8b | 5424 284c | 8954 2418 | 448b 5424 | 1444 8954 
  0x00007fabfd6eb5cc: 2410 448b | 5c24 3044 | 895c 2414 | 4489 4c24 | 3066 6690 

  0x00007fabfd6eb5e0: ;   {runtime_call UncommonTrapBlob}
  0x00007fabfd6eb5e0: c5f8 77e8 

  0x00007fabfd6eb5e4: ; ImmutableOopMap {rbp=Oop [24]=Oop [32]=Oop [56]=Oop }
                      ;*ifne {reexecute=1 rethrow=0 return_oop=0}
                      ; - (reexecute) java.lang.ClassLoader::compareCerts@7 (line 1176)
                      ; - java.lang.ClassLoader::checkCerts@80 (line 1162)
                      ; - java.lang.ClassLoader::preDefineClass@113 (line 907)
                      ; - java.lang.ClassLoader::defineClass@4 (line 1015)
                      ; - java.security.SecureClassLoader::defineClass@12 (line 150)
  0x00007fabfd6eb5e4: 9834 3fff | 85c9 400f | 95c5 400f | b6ed 83f5 | 01be 45ff | ffff 4c8b | 5424 384c | 8954 2428 
  0x00007fabfd6eb604: 4c89 4c24 | 4089 5424 | 4866 6690 

  0x00007fabfd6eb610: ;   {runtime_call UncommonTrapBlob}
  0x00007fabfd6eb610: c5f8 77e8 

  0x00007fabfd6eb614: ; ImmutableOopMap {[8]=Oop [24]=Oop [40]=Oop [64]=Oop }
                      ;*ifeq {reexecute=1 rethrow=0 return_oop=0}
                      ; - (reexecute) java.lang.String::lastIndexOf@4 (line 2489)
                      ; - java.lang.String::lastIndexOf@8 (line 2451)
                      ; - java.lang.Class::getPackageName@47 (line 1083)
                      ; - java.lang.ClassLoader::postDefineClass@2 (line 924)
                      ; - java.lang.ClassLoader::defineClass@37 (line 1018)
                      ; - java.security.SecureClassLoader::defineClass@12 (line 150)
  0x00007fabfd6eb614: 6834 3fff | 498b f70f | 1f44 0000 | c5f8 7749 | ba00 0edf | 13ac 7f00 | 0041 ffd2 | e996 eaff 
  0x00007fabfd6eb634: ffbe 45ff | ffff 488b | 6c24 084c | 8b5c 2438 | 4c89 5c24 | 204c 894c | 2430 4489 | 5424 4089 
  0x00007fabfd6eb654: 5c24 4444 | 8954 2448 

  0x00007fabfd6eb65c: ;   {runtime_call UncommonTrapBlob}
  0x00007fabfd6eb65c: c5f8 77e8 

  0x00007fabfd6eb660: ; ImmutableOopMap {rbp=Oop [24]=Oop [32]=Oop [48]=Oop }
                      ;*if_icmpgt {reexecute=1 rethrow=0 return_oop=0}
                      ; - (reexecute) java.lang.String::checkBoundsBeginEnd@6 (line 4605)
                      ; - java.lang.String::substring@8 (line 2709)
                      ; - java.lang.Class::getPackageName@62 (line 1084)
                      ; - java.lang.ClassLoader::postDefineClass@2 (line 924)
                      ; - java.lang.ClassLoader::defineClass@37 (line 1018)
                      ; - java.security.SecureClassLoader::defineClass@12 (line 150)
  0x00007fabfd6eb660: 1c34 3fff | be45 ffff | ff48 8b6c | 2408 4c8b | 5c24 384c | 895c 2420 | 4c89 4c24 | 3044 8954 
  0x00007fabfd6eb680: 2440 895c | 2444 4489 | 5424 4889 | 5c24 4c90 

  0x00007fabfd6eb690: ;   {runtime_call UncommonTrapBlob}
  0x00007fabfd6eb690: c5f8 77e8 

  0x00007fabfd6eb694: ; ImmutableOopMap {rbp=Oop [24]=Oop [32]=Oop [48]=Oop }
                      ;*if_icmple {reexecute=1 rethrow=0 return_oop=0}
                      ; - (reexecute) java.lang.String::checkBoundsBeginEnd@11 (line 4605)
                      ; - java.lang.String::substring@8 (line 2709)
                      ; - java.lang.Class::getPackageName@62 (line 1084)
                      ; - java.lang.ClassLoader::postDefineClass@2 (line 924)
                      ; - java.lang.ClassLoader::defineClass@37 (line 1018)
                      ; - java.security.SecureClassLoader::defineClass@12 (line 150)
  0x00007fabfd6eb694: e833 3fff | be37 0100 | 0048 8b6c | 2418 448b | 5424 1444 | 8954 2410 

  0x00007fabfd6eb6ac: ;   {runtime_call UncommonTrapBlob}
  0x00007fabfd6eb6ac: c5f8 77e8 

  0x00007fabfd6eb6b0: ; ImmutableOopMap {rbp=Oop [32]=Oop [40]=Oop }
                      ;*new {reexecute=0 rethrow=0 return_oop=0}
                      ; - java.lang.ClassLoader::preDefineClass@56 (line 898)
                      ; - java.lang.ClassLoader::defineClass@4 (line 1015)
                      ; - java.security.SecureClassLoader::defineClass@12 (line 150)
  0x00007fabfd6eb6b0: cc33 3fff | 8b6c 2410 | 458b 54ec | 1466 6690 | 4585 d20f | 843a f2ff | ff4d 8b47 | 2049 8bfa 
  0x00007fabfd6eb6d0: 48c1 e703 | 4d85 c00f | 8468 0400 | 004d 8b57 | 304b 897c | 02f8 4983 | c0f8 4d89 | 4720 e910 
  0x00007fabfd6eb6f0: f2ff ff8b | dd45 8b54 | ec14 660f | 1f44 0000 | 4585 d20f | 8411 f6ff | ff4d 8b5f | 2049 8bfa 
  0x00007fabfd6eb710: 48c1 e703 | 4d85 db0f | 8448 0400 | 004d 8b57 | 304b 897c | 1af8 4983 | c3f8 4d89 | 5f20 e9e7 
  0x00007fabfd6eb730: f5ff ff4d | 8b57 404d | 8b5f 50f0 | 8344 24c0 | 0080 3f00 | 742a 4488 | 274d 85d2 | 740f 4b89 
  0x00007fabfd6eb750: 7c13 f849 | 83c2 f84d | 8957 40eb | 1349 8bf7 | c5f8 7749 | ba30 0edf | 13ac 7f00 | 0041 ffd2 
  0x00007fabfd6eb770: 458b 54ec | 1445 85d2 | 0f84 4a04 | 0000 4d8b | da49 c1e3 | 03e9 bcf1 | ffff 4d8b | 5740 4d8b 
  0x00007fabfd6eb790: 5f50 f083 | 4424 c000 | 0f1f 8400 | 0000 0000 | 4180 3800 | 742d 4588 | 204d 85d2 | 740f 4f89 
  0x00007fabfd6eb7b0: 4413 f849 | 83c2 f84d | 8957 40eb | 1649 8bf8 | 498b f7c5 | f877 49ba | 300e df13 | ac7f 0000 
  0x00007fabfd6eb7d0: 41ff d245 | 8b5c dc14 | 4585 db0f | 1f44 0000 | 0f84 f203 | 0000 4d8b | d349 c1e2 | 034c 8954 
  0x00007fabfd6eb7f0: 2428 e964 | f5ff ff48 | 894c 2450 | 458b d044 | 894c 2410 | 4c89 6c24 | 4848 895c | 2440 4c8b 
  0x00007fabfd6eb810: 4424 184c | 8944 2408 | 48be 0000 | 008f ab7f | 0000 4903 | f341 8bd2 

  0x00007fabfd6eb828: ;   {runtime_call _new_array_Java}
  0x00007fabfd6eb828: c5f8 77e8 

  0x00007fabfd6eb82c: ; ImmutableOopMap {rbp=Oop [8]=Oop [16]=NarrowOop [32]=Oop [40]=Oop [56]=Oop [64]=Oop [72]=Oop }
                      ;*invokevirtual clone {reexecute=1 rethrow=0 return_oop=1}
                      ; - (reexecute) java.security.CodeSource::getCertificates@11 (line 203)
                      ; - java.lang.ClassLoader::checkCerts@34 (line 1158)
                      ; - java.lang.ClassLoader::preDefineClass@113 (line 907)
                      ; - java.lang.ClassLoader::defineClass@4 (line 1015)
                      ; - java.security.SecureClassLoader::defineClass@12 (line 150)
  0x00007fabfd6eb82c: 5079 49ff | 4c8b 5c24 | 084c 895c | 2418 488b | 5c24 404c | 8b6c 2448 | 448b 4c24 | 1048 8b4c 
  0x00007fabfd6eb84c: 2450 4c8b | f0e9 65ed | ffff 4c89 | 4c24 2044 | 8944 2410 | 48be 0000 | 008f ab7f | 0000 4903 
  0x00007fabfd6eb86c: f38b d190 

  0x00007fabfd6eb870: ;   {runtime_call _new_array_Java}
  0x00007fabfd6eb870: c5f8 77e8 

  0x00007fabfd6eb874: ; ImmutableOopMap {rbp=Oop [8]=Oop [16]=NarrowOop [24]=Oop }
                      ;*invokevirtual clone {reexecute=1 rethrow=0 return_oop=1}
                      ; - (reexecute) java.security.CodeSource::getCertificates@11 (line 203)
                      ; - java.lang.ClassLoader::postDefineClass@24 (line 927)
                      ; - java.lang.ClassLoader::defineClass@37 (line 1018)
                      ; - java.security.SecureClassLoader::defineClass@12 (line 150)
  0x00007fabfd6eb874: 0879 49ff | 448b 4424 | 104c 8b4c | 2420 e913 | f2ff ff48 | 8974 2458 | 4489 4c24 | 504c 896c 
  0x00007fabfd6eb894: 2448 4889 | 5c24 404c | 8b54 2420 | 4c89 5424 | 0848 8b6c 

  0x00007fabfd6eb8a8: ;   {metadata('java/util/ArrayList')}
  0x00007fabfd6eb8a8: 2418 48be | 40e1 008f | ab7f 0000 

  0x00007fabfd6eb8b4: ;   {runtime_call _new_instance_Java}
  0x00007fabfd6eb8b4: c5f8 77e8 

  0x00007fabfd6eb8b8: ; ImmutableOopMap {rbp=Oop [8]=Oop [40]=Oop [52]=NarrowOop [56]=Oop [64]=Oop [72]=Oop [80]=NarrowOop [88]=Oop }
                      ;*new {reexecute=0 rethrow=0 return_oop=1}
                      ; - java.security.CodeSource::getCertificates@25 (line 207)
                      ; - java.lang.ClassLoader::checkCerts@34 (line 1158)
                      ; - java.lang.ClassLoader::preDefineClass@113 (line 907)
                      ; - java.lang.ClassLoader::defineClass@4 (line 1015)
                      ; - java.security.SecureClassLoader::defineClass@12 (line 150)
  0x00007fabfd6eb8b8: c475 49ff | 4889 6c24 | 184c 8b54 | 2408 4c89 | 5424 2048 | 8b5c 2440 | 4c8b 6c24 | 4844 8b4c 
  0x00007fabfd6eb8d8: 2450 488b | 7424 5890 | e96e edff | ff4c 895c | 2470 4889 | 7424 6844 | 8954 2460 | 4c89 6c24 
  0x00007fabfd6eb8f8: 584c 8974 | 2450 4889 | 6c24 4844 | 8b54 2434 | 4489 5424 | 1048 895c | 2440 4c8b | 5424 184c 
  0x00007fabfd6eb918: 8954 2408 

  0x00007fabfd6eb91c: ;   {metadata('java/security/cert/Certificate'[])}
  0x00007fabfd6eb91c: 48be f08e | 128f ab7f | 0000 6690 

  0x00007fabfd6eb928: ;   {runtime_call _new_array_Java}
  0x00007fabfd6eb928: c5f8 77e8 

  0x00007fabfd6eb92c: ; ImmutableOopMap {[8]=Oop [16]=NarrowOop [32]=Oop [40]=Oop [56]=Oop [64]=Oop [72]=Oop [88]=Oop [104]=Oop [112]=Oop }
                      ;*anewarray {reexecute=0 rethrow=0 return_oop=1}
                      ; - java.security.CodeSource::getCertificates@73 (line 214)
                      ; - java.lang.ClassLoader::checkCerts@34 (line 1158)
                      ; - java.lang.ClassLoader::preDefineClass@113 (line 907)
                      ; - java.lang.ClassLoader::defineClass@4 (line 1015)
                      ; - java.security.SecureClassLoader::defineClass@12 (line 150)
  0x00007fabfd6eb92c: 5078 49ff | 4c8b c0e9 | 98ef ffff | 4c89 4c24 | 1849 8beb | 48be 0000 | 008f ab7f | 0000 4903 
  0x00007fabfd6eb94c: f241 8bd0 

  0x00007fabfd6eb950: ;   {runtime_call _new_array_Java}
  0x00007fabfd6eb950: c5f8 77e8 

  0x00007fabfd6eb954: ; ImmutableOopMap {rbp=Oop [8]=Oop [32]=Oop [40]=Oop [56]=Oop [64]=Oop [72]=Oop [88]=Oop }
                      ;*invokevirtual clone {reexecute=1 rethrow=0 return_oop=1}
                      ; - (reexecute) java.security.CodeSource::getCertificates@89 (line 215)
                      ; - java.lang.ClassLoader::checkCerts@34 (line 1158)
                      ; - java.lang.ClassLoader::preDefineClass@113 (line 907)
                      ; - java.lang.ClassLoader::defineClass@4 (line 1015)
                      ; - java.security.SecureClassLoader::defineClass@12 (line 150)
  0x00007fabfd6eb954: 2878 49ff | 4c8b dd4c | 8b4c 2418 | 488b e8e9 | 51f0 ffff | 4889 5c24 | 2844 8944 | 2420 4489 
  0x00007fabfd6eb974: 5c24 1448 | 8b6c 2408 

  0x00007fabfd6eb97c: ;   {metadata('java/util/ArrayList')}
  0x00007fabfd6eb97c: 48be 40e1 | 008f ab7f | 0000 6690 

  0x00007fabfd6eb988: ;   {runtime_call _new_instance_Java}
  0x00007fabfd6eb988: c5f8 77e8 

  0x00007fabfd6eb98c: ; ImmutableOopMap {rbp=Oop [20]=NarrowOop [24]=Oop [32]=NarrowOop [40]=Oop }
                      ;*new {reexecute=0 rethrow=0 return_oop=1}
                      ; - java.security.CodeSource::getCertificates@25 (line 207)
                      ; - java.lang.ClassLoader::postDefineClass@24 (line 927)
                      ; - java.lang.ClassLoader::defineClass@37 (line 1018)
                      ; - java.security.SecureClassLoader::defineClass@12 (line 150)
  0x00007fabfd6eb98c: f074 49ff | 4889 6c24 | 0844 8b5c | 2414 448b | 4424 2048 | 8b5c 2428 | e970 f1ff | ff4c 8954 
  0x00007fabfd6eb9ac: 2420 4889 | 5c24 1041 

  0x00007fabfd6eb9b4: ;   {metadata('java/security/cert/Certificate'[])}
  0x00007fabfd6eb9b4: 8beb 48be | f08e 128f | ab7f 0000 | 418b d190 

  0x00007fabfd6eb9c4: ;   {runtime_call _new_array_Java}
  0x00007fabfd6eb9c4: c5f8 77e8 

  0x00007fabfd6eb9c8: ; ImmutableOopMap {rbp=NarrowOop [8]=Oop [16]=Oop [24]=Oop [32]=Oop }
                      ;*anewarray {reexecute=0 rethrow=0 return_oop=1}
                      ; - java.security.CodeSource::getCertificates@73 (line 214)
                      ; - java.lang.ClassLoader::postDefineClass@24 (line 927)
                      ; - java.lang.ClassLoader::defineClass@37 (line 1018)
                      ; - java.security.SecureClassLoader::defineClass@12 (line 150)
  0x00007fabfd6eb9c8: b477 49ff | 488b d0e9 | 08f3 ffff | 48be 0000 | 008f ab7f | 0000 4903 | f241 8bd3 

  0x00007fabfd6eb9e4: ;   {runtime_call _new_array_Java}
  0x00007fabfd6eb9e4: c5f8 77e8 

  0x00007fabfd6eb9e8: ; ImmutableOopMap {[8]=Oop [24]=Oop [40]=Oop }
                      ;*invokevirtual clone {reexecute=1 rethrow=0 return_oop=1}
                      ; - (reexecute) java.security.CodeSource::getCertificates@89 (line 215)
                      ; - java.lang.ClassLoader::postDefineClass@24 (line 927)
                      ; - java.lang.ClassLoader::defineClass@37 (line 1018)
                      ; - java.security.SecureClassLoader::defineClass@12 (line 150)
  0x00007fabfd6eb9e8: 9477 49ff | e9ea f3ff | ffbe e4ff | ffff 488b | 6c24 184c | 8b54 2428 | 4c89 5424 | 1844 8b44 
  0x00007fabfd6eba08: 2414 4489 | 4424 1044 | 8b54 2430 | 4489 5424 | 144c 8b54 | 2438 4c89 | 5424 2848 | 895c 2438 
  0x00007fabfd6eba28: 4c89 6c24 | 4044 8b54 | 2434 4489 | 5424 304c | 895c 2450 | 4489 4c24 | 5889 4c24 | 5c66 6690 
  0x00007fabfd6eba48: ;   {runtime_call UncommonTrapBlob}
  0x00007fabfd6eba48: c5f8 77e8 

  0x00007fabfd6eba4c: ; ImmutableOopMap {rbp=Oop [24]=Oop [32]=Oop [40]=Oop [48]=NarrowOop [56]=Oop [64]=Oop [80]=Oop [88]=NarrowOop }
                      ;*aaload {reexecute=0 rethrow=0 return_oop=0}
                      ; - java.security.CodeSource::getCertificates@50 (line 210)
                      ; - java.lang.ClassLoader::checkCerts@34 (line 1158)
                      ; - java.lang.ClassLoader::preDefineClass@113 (line 907)
                      ; - java.lang.ClassLoader::defineClass@4 (line 1015)
                      ; - java.security.SecureClassLoader::defineClass@12 (line 150)
  0x00007fabfd6eba4c: 3030 3fff | bee4 ffff | ff48 8b4c | 2418 4889 | 4c24 1044 | 895c 2418 | 4c89 5424 | 2844 8944 
  0x00007fabfd6eba6c: 2430 4489 | 4c24 3490 

  0x00007fabfd6eba74: ;   {runtime_call UncommonTrapBlob}
  0x00007fabfd6eba74: c5f8 77e8 

  0x00007fabfd6eba78: ; ImmutableOopMap {[8]=Oop [16]=Oop [24]=NarrowOop [40]=Oop [48]=NarrowOop }
                      ;*aaload {reexecute=0 rethrow=0 return_oop=0}
                      ; - java.security.CodeSource::getCertificates@50 (line 210)
                      ; - java.lang.ClassLoader::postDefineClass@24 (line 927)
                      ; - java.lang.ClassLoader::defineClass@37 (line 1018)
                      ; - java.security.SecureClassLoader::defineClass@12 (line 150)
  0x00007fabfd6eba78: 0430 3fff | be76 ffff | ff48 8b6c | 2418 4c8b | 5c24 284c | 895c 2418 | 448b 5c24 | 1444 895c 
  0x00007fabfd6eba98: 2410 448b | 4424 3044 | 8944 2414 | 4c8b 5c24 | 384c 895c | 2428 4889 | 7c24 4044 | 8954 2448 
  0x00007fabfd6ebab8: 895c 244c | 8954 2450 | 4889 4c24 | 5844 894c | 2460 6690 

  0x00007fabfd6ebacc: ;   {runtime_call UncommonTrapBlob}
  0x00007fabfd6ebacc: c5f8 77e8 

  0x00007fabfd6ebad0: ; ImmutableOopMap {rbp=Oop [24]=Oop [32]=Oop [40]=Oop [64]=Oop [80]=NarrowOop [88]=Oop }
                      ;*if_icmpge {reexecute=1 rethrow=0 return_oop=0}
                      ; - (reexecute) java.lang.ClassLoader::compareCerts@67 (line 1187)
                      ; - java.lang.ClassLoader::checkCerts@80 (line 1162)
                      ; - java.lang.ClassLoader::preDefineClass@113 (line 907)
                      ; - java.lang.ClassLoader::defineClass@4 (line 1015)
                      ; - java.security.SecureClassLoader::defineClass@12 (line 150)
  0x00007fabfd6ebad0: ac2f 3fff | be76 ffff | ff48 8b6c | 2418 4c8b | 4424 284c | 8944 2418 | 8b4c 2414 | 894c 2410 
  0x00007fabfd6ebaf0: 448b 4424 | 3044 8944 | 2414 4c8b | 4424 384c | 8944 2428 | 4c8b 4424 | 584c 895c | 2438 4489 
  0x00007fabfd6ebb10: 5424 4444 | 894c 2448 | 4c89 4424 | 5044 8b54 | 247c 4489 | 5424 5890 

  0x00007fabfd6ebb28: ;   {runtime_call UncommonTrapBlob}
  0x00007fabfd6ebb28: c5f8 77e8 

  0x00007fabfd6ebb2c: ; ImmutableOopMap {rbp=Oop [24]=Oop [32]=Oop [40]=Oop [56]=Oop [72]=NarrowOop [80]=Oop }
                      ;*if_icmpge {reexecute=1 rethrow=0 return_oop=0}
                      ; - (reexecute) java.lang.ClassLoader::compareCerts@152 (line 1199)
                      ; - java.lang.ClassLoader::checkCerts@80 (line 1162)
                      ; - java.lang.ClassLoader::preDefineClass@113 (line 907)
                      ; - java.lang.ClassLoader::defineClass@4 (line 1015)
                      ; - java.security.SecureClassLoader::defineClass@12 (line 150)
  0x00007fabfd6ebb2c: 502f 3fff | 4863 cae9 | 89ec ffff | 4963 c90f | 1f44 0000 | e9ab f0ff | ff48 8bd8 | 498b f7c5 
  0x00007fabfd6ebb4c: f877 49ba | 000e df13 | ac7f 0000 | 41ff d24c | 8bdb 6690 | e99e edff | ff49 8bf7 | c5f8 7749 
  0x00007fabfd6ebb6c: ba00 0edf | 13ac 7f00 | 0041 ffd2 | e99d f1ff | ffbe 76ff | ffff 488b | 6c24 184c | 8b5c 2428 
  0x00007fabfd6ebb8c: 4c89 5c24 | 1844 8b44 | 2414 4489 | 4424 1044 | 8b5c 2430 | 4489 5c24 | 144c 8b5c | 2438 4c89 
  0x00007fabfd6ebbac: 5c24 2848 | 894c 2430 | 4889 7c24 | 4044 8954 | 244c 6690 

  0x00007fabfd6ebbc0: ;   {runtime_call UncommonTrapBlob}
  0x00007fabfd6ebbc0: c5f8 77e8 

  0x00007fabfd6ebbc4: ; ImmutableOopMap {rbp=Oop [24]=Oop [32]=Oop [40]=Oop [48]=Oop [64]=Oop [80]=Oop }
                      ;*if_icmpge {reexecute=1 rethrow=0 return_oop=0}
                      ; - (reexecute) java.lang.ClassLoader::compareCerts@40 (line 1185)
                      ; - java.lang.ClassLoader::checkCerts@80 (line 1162)
                      ; - java.lang.ClassLoader::preDefineClass@113 (line 907)
                      ; - java.lang.ClassLoader::defineClass@4 (line 1015)
                      ; - java.security.SecureClassLoader::defineClass@12 (line 150)
  0x00007fabfd6ebbc4: b82e 3fff | bef6 ffff | ff66 6690 

  0x00007fabfd6ebbd0: ;   {runtime_call UncommonTrapBlob}
  0x00007fabfd6ebbd0: c5f8 77e8 

  0x00007fabfd6ebbd4: ; ImmutableOopMap {}
                      ;*invokevirtual clone {reexecute=1 rethrow=0 return_oop=0}
                      ; - (reexecute) java.security.CodeSource::getCertificates@89 (line 215)
                      ; - java.lang.ClassLoader::checkCerts@34 (line 1158)
                      ; - java.lang.ClassLoader::preDefineClass@113 (line 907)
                      ; - java.lang.ClassLoader::defineClass@4 (line 1015)
                      ; - java.security.SecureClassLoader::defineClass@12 (line 150)
  0x00007fabfd6ebbd4: a82e 3fff | bef6 ffff | ff66 6690 

  0x00007fabfd6ebbe0: ;   {runtime_call UncommonTrapBlob}
  0x00007fabfd6ebbe0: c5f8 77e8 

  0x00007fabfd6ebbe4: ; ImmutableOopMap {}
                      ;*invokevirtual clone {reexecute=1 rethrow=0 return_oop=0}
                      ; - (reexecute) java.security.CodeSource::getCertificates@89 (line 215)
                      ; - java.lang.ClassLoader::postDefineClass@24 (line 927)
                      ; - java.lang.ClassLoader::defineClass@37 (line 1018)
                      ; - java.security.SecureClassLoader::defineClass@12 (line 150)
  0x00007fabfd6ebbe4: 982e 3fff | bede ffff | ff48 8b6c | 2418 4c8b | 5424 204c | 8954 2408 | 448b 5c24 | 1444 895c 
  0x00007fabfd6ebc04: 2410 4889 | 4424 2090 

  0x00007fabfd6ebc0c: ;   {runtime_call UncommonTrapBlob}
  0x00007fabfd6ebc0c: c5f8 77e8 

  0x00007fabfd6ebc10: ; ImmutableOopMap {rbp=Oop [8]=Oop [32]=Oop [40]=Oop }
                      ;*checkcast {reexecute=0 rethrow=0 return_oop=0}
                      ; - java.security.SecureClassLoader::getProtectionDomain@34 (line 222)
                      ; - java.security.SecureClassLoader::defineClass@9 (line 150)
  0x00007fabfd6ebc10: 6c2e 3fff | bede ffff | ff48 8b6c | 2418 448b | 5c24 1444 | 895c 2410 | 448b 5424 | 3044 8954 
  0x00007fabfd6ebc30: 2414 4c8b | 5424 384c | 8954 2430 | 4889 4424 | 4066 6690 

  0x00007fabfd6ebc44: ;   {runtime_call UncommonTrapBlob}
  0x00007fabfd6ebc44: c5f8 77e8 

  0x00007fabfd6ebc48: ; ImmutableOopMap {rbp=Oop [8]=Oop [32]=Oop [40]=Oop [48]=Oop [64]=Oop [80]=Oop }
                      ;*checkcast {reexecute=0 rethrow=0 return_oop=0}
                      ; - java.lang.ClassLoader::checkCerts@65 (line 1161)
                      ; - java.lang.ClassLoader::preDefineClass@113 (line 907)
                      ; - java.lang.ClassLoader::defineClass@4 (line 1015)
                      ; - java.security.SecureClassLoader::defineClass@12 (line 150)
  0x00007fabfd6ebc48: 342e 3fff | bede ffff | ff48 8b6c | 2408 4c8b | 5424 284c | 8954 2418 | 448b 5424 | 3044 8954 
  0x00007fabfd6ebc68: 2428 4c8b | 5424 384c | 8954 2430 | 4c8b 5424 | 404c 8954 | 2438 4889 | 4424 4890 

  0x00007fabfd6ebc84: ;   {runtime_call UncommonTrapBlob}
  0x00007fabfd6ebc84: c5f8 77e8 

  0x00007fabfd6ebc88: ; ImmutableOopMap {rbp=Oop [16]=NarrowOop [24]=Oop [32]=Oop [48]=Oop [56]=Oop [72]=Oop [88]=Oop }
                      ;*checkcast {reexecute=0 rethrow=0 return_oop=0}
                      ; - java.security.CodeSource::getCertificates@79 (line 213)
                      ; - java.lang.ClassLoader::checkCerts@34 (line 1158)
                      ; - java.lang.ClassLoader::preDefineClass@113 (line 907)
                      ; - java.lang.ClassLoader::defineClass@4 (line 1015)
                      ; - java.security.SecureClassLoader::defineClass@12 (line 150)
  0x00007fabfd6ebc88: f42d 3fff | bede ffff | ff4c 8b54 | 2418 4c89 | 5424 1048 | 8944 2428 

  0x00007fabfd6ebca0: ;   {runtime_call UncommonTrapBlob}
  0x00007fabfd6ebca0: c5f8 77e8 

  0x00007fabfd6ebca4: ; ImmutableOopMap {rbp=NarrowOop [8]=Oop [16]=Oop [40]=Oop }
                      ;*checkcast {reexecute=0 rethrow=0 return_oop=0}
                      ; - java.security.CodeSource::getCertificates@79 (line 213)
                      ; - java.lang.ClassLoader::postDefineClass@24 (line 927)
                      ; - java.lang.ClassLoader::defineClass@37 (line 1018)
                      ; - java.security.SecureClassLoader::defineClass@12 (line 150)
  0x00007fabfd6ebca4: d82d 3fff | bef6 ffff | ff48 8bea | 4889 4c24 | 0866 6690 

  0x00007fabfd6ebcb8: ;   {runtime_call UncommonTrapBlob}
  0x00007fabfd6ebcb8: c5f8 77e8 

  0x00007fabfd6ebcbc: ; ImmutableOopMap {rbp=Oop [8]=Oop }
                      ;*invokeinterface computeIfAbsent {reexecute=0 rethrow=0 return_oop=0}
                      ; - java.security.SecureClassLoader::getProtectionDomain@29 (line 222)
                      ; - java.security.SecureClassLoader::defineClass@9 (line 150)
  0x00007fabfd6ebcbc: c02d 3fff | bef4 ffff | ff48 8b6c | 2418 448b | 5424 1444 | 8954 2410 

  0x00007fabfd6ebcd4: ;   {runtime_call UncommonTrapBlob}
  0x00007fabfd6ebcd4: c5f8 77e8 

  0x00007fabfd6ebcd8: ; ImmutableOopMap {rbp=Oop [32]=Oop [40]=Oop }
                      ;*checkcast {reexecute=0 rethrow=0 return_oop=0}
                      ; - java.security.SecureClassLoader::getProtectionDomain@34 (line 222)
                      ; - java.security.SecureClassLoader::defineClass@9 (line 150)
  0x00007fabfd6ebcd8: a42d 3fff | bef6 ffff | ff66 6690 

  0x00007fabfd6ebce4: ;   {runtime_call UncommonTrapBlob}
  0x00007fabfd6ebce4: c5f8 77e8 

  0x00007fabfd6ebce8: ; ImmutableOopMap {}
                      ;*arraylength {reexecute=0 rethrow=0 return_oop=0}
                      ; - java.lang.String::isEmpty@4 (line 1494)
                      ; - java.lang.ClassLoader::checkName@5 (line 1145)
                      ; - java.lang.ClassLoader::preDefineClass@1 (line 890)
                      ; - java.lang.ClassLoader::defineClass@4 (line 1015)
                      ; - java.security.SecureClassLoader::defineClass@12 (line 150)
  0x00007fabfd6ebce8: 942d 3fff | bef6 ffff | ff66 6690 

  0x00007fabfd6ebcf4: ;   {runtime_call UncommonTrapBlob}
  0x00007fabfd6ebcf4: c5f8 77e8 

  0x00007fabfd6ebcf8: ; ImmutableOopMap {}
                      ;*invokevirtual getPackageName {reexecute=0 rethrow=0 return_oop=0}
                      ; - java.lang.ClassLoader::postDefineClass@2 (line 924)
                      ; - java.lang.ClassLoader::defineClass@37 (line 1018)
                      ; - java.security.SecureClassLoader::defineClass@12 (line 150)
  0x00007fabfd6ebcf8: 842d 3fff | 4d85 d240 | 0f95 c540 | 0fb6 ed83 | f501 be45 | ffff ff4c | 8b54 2438 | 4c89 5424 
  0x00007fabfd6ebd18: 2866 6690 

  0x00007fabfd6ebd1c: ;   {runtime_call UncommonTrapBlob}
  0x00007fabfd6ebd1c: c5f8 77e8 

  0x00007fabfd6ebd20: ; ImmutableOopMap {[8]=Oop [24]=Oop [40]=Oop }
                      ;*ifeq {reexecute=1 rethrow=0 return_oop=0}
                      ; - (reexecute) java.lang.Class::getPackageName@29 (line 1079)
                      ; - java.lang.ClassLoader::postDefineClass@2 (line 924)
                      ; - java.lang.ClassLoader::defineClass@37 (line 1018)
                      ; - java.security.SecureClassLoader::defineClass@12 (line 150)
  0x00007fabfd6ebd20: 5c2d 3fff | bef6 ffff | ff66 6690 

  0x00007fabfd6ebd2c: ;   {runtime_call UncommonTrapBlob}
  0x00007fabfd6ebd2c: c5f8 77e8 

  0x00007fabfd6ebd30: ; ImmutableOopMap {}
                      ;*arraylength {reexecute=0 rethrow=0 return_oop=0}
                      ; - java.lang.String::length@4 (line 1481)
                      ; - java.lang.String::lastIndexOf@3 (line 2451)
                      ; - java.lang.Class::getPackageName@47 (line 1083)
                      ; - java.lang.ClassLoader::postDefineClass@2 (line 924)
                      ; - java.lang.ClassLoader::defineClass@37 (line 1018)
                      ; - java.security.SecureClassLoader::defineClass@12 (line 150)
  0x00007fabfd6ebd30: 4c2d 3fff | be45 ffff | ff4c 8954 | 2408 448b | 5c24 1444 | 895c 2410 | 448b 5424 | 3044 8954 
  0x00007fabfd6ebd50: 2414 4889 | 4424 3090 

  0x00007fabfd6ebd58: ;   {runtime_call UncommonTrapBlob}
  0x00007fabfd6ebd58: c5f8 77e8 

  0x00007fabfd6ebd5c: ; ImmutableOopMap {[8]=Oop [24]=Oop [40]=Oop [48]=Oop }
                      ;*ifnull {reexecute=1 rethrow=0 return_oop=0}
                      ; - (reexecute) java.lang.ClassLoader::checkName@1 (line 1145)
                      ; - java.lang.ClassLoader::preDefineClass@1 (line 890)
                      ; - java.lang.ClassLoader::defineClass@4 (line 1015)
                      ; - java.security.SecureClassLoader::defineClass@12 (line 150)
  0x00007fabfd6ebd5c: 202d 3fff | be45 ffff | ff48 8b6c | 2418 4c8b | 5424 284c | 8954 2418 | 448b 5424 | 1444 8954 
  0x00007fabfd6ebd7c: 2410 448b | 5424 3044 | 8954 2414 | 4c8b 5424 | 384c 8954 | 2428 4889 | 5c24 384c | 896c 2440 
  0x00007fabfd6ebd9c: ;   {runtime_call UncommonTrapBlob}
  0x00007fabfd6ebd9c: c5f8 77e8 

  0x00007fabfd6ebda0: ; ImmutableOopMap {rbp=Oop [24]=Oop [32]=Oop [40]=Oop [52]=NarrowOop [56]=Oop [64]=Oop }
                      ;*ifnull {reexecute=1 rethrow=0 return_oop=0}
                      ; - (reexecute) java.lang.ClassLoader::checkCerts@30 (line 1157)
                      ; - java.lang.ClassLoader::preDefineClass@113 (line 907)
                      ; - java.lang.ClassLoader::defineClass@4 (line 1015)
                      ; - java.security.SecureClassLoader::defineClass@12 (line 150)
  0x00007fabfd6ebda0: dc2c 3fff | be45 ffff | ff48 8b6c | 2418 4c8b | 5424 204c | 8954 2408 | 4c8b 5424 | 284c 8954 
  0x00007fabfd6ebdc0: 2418 448b | 5424 1444 | 8954 2410 | 4489 4c24 | 2c66 6690 

  0x00007fabfd6ebdd4: ;   {runtime_call UncommonTrapBlob}
  0x00007fabfd6ebdd4: c5f8 77e8 

  0x00007fabfd6ebdd8: ; ImmutableOopMap {rbp=Oop [8]=Oop [24]=Oop [44]=NarrowOop [56]=Oop }
                      ;*ifnull {reexecute=1 rethrow=0 return_oop=0}
                      ; - (reexecute) java.lang.ClassLoader::defineClassSourceLocation@8 (line 916)
                      ; - java.lang.ClassLoader::defineClass@12 (line 1016)
                      ; - java.security.SecureClassLoader::defineClass@12 (line 150)
  0x00007fabfd6ebdd8: a42c 3fff | be45 ffff | ff4c 8b54 | 2418 4c89 | 5424 084c | 8b54 2420 | 4c89 5424 | 184c 8b54 
  0x00007fabfd6ebdf8: 2428 4c89 | 5424 2044 | 8b5c 2414 | 4489 5c24 | 1044 8b54 | 2430 4489 | 5424 1444 | 894c 2430 
  0x00007fabfd6ebe18: ;   {runtime_call UncommonTrapBlob}
  0x00007fabfd6ebe18: c5f8 77e8 

  0x00007fabfd6ebe1c: ; ImmutableOopMap {rbp=NarrowOop [8]=Oop [24]=Oop [32]=Oop [48]=NarrowOop [56]=Oop }
                      ;*ifnull {reexecute=1 rethrow=0 return_oop=0}
                      ; - (reexecute) java.lang.ClassLoader::defineClassSourceLocation@15 (line 916)
                      ; - java.lang.ClassLoader::defineClass@12 (line 1016)
                      ; - java.security.SecureClassLoader::defineClass@12 (line 150)
  0x00007fabfd6ebe1c: 602c 3fff | be45 ffff | ff4c 8b54 | 2418 4c89 | 5424 1044 | 895c 2420 

  0x00007fabfd6ebe34: ;   {runtime_call UncommonTrapBlob}
  0x00007fabfd6ebe34: c5f8 77e8 

  0x00007fabfd6ebe38: ; ImmutableOopMap {[8]=Oop [16]=Oop [32]=NarrowOop [56]=Oop }
                      ;*ifnull {reexecute=1 rethrow=0 return_oop=0}
                      ; - (reexecute) java.lang.ClassLoader::postDefineClass@17 (line 926)
                      ; - java.lang.ClassLoader::defineClass@37 (line 1018)
                      ; - java.security.SecureClassLoader::defineClass@12 (line 150)
  0x00007fabfd6ebe38: 442c 3fff | bef6 ffff | ff8b e990 

  0x00007fabfd6ebe44: ;   {runtime_call UncommonTrapBlob}
  0x00007fabfd6ebe44: c5f8 77e8 

  0x00007fabfd6ebe48: ; ImmutableOopMap {}
                      ;*aaload {reexecute=0 rethrow=0 return_oop=0}
                      ; - java.security.CodeSource::getCertificates@50 (line 210)
                      ; - java.lang.ClassLoader::checkCerts@34 (line 1158)
                      ; - java.lang.ClassLoader::preDefineClass@113 (line 907)
                      ; - java.lang.ClassLoader::defineClass@4 (line 1015)
                      ; - java.security.SecureClassLoader::defineClass@12 (line 150)
  0x00007fabfd6ebe48: 342c 3fff | bef6 ffff | ff66 6690 

  0x00007fabfd6ebe54: ;   {runtime_call UncommonTrapBlob}
  0x00007fabfd6ebe54: c5f8 77e8 

  0x00007fabfd6ebe58: ; ImmutableOopMap {}
                      ;*invokevirtual getSignerCertPath {reexecute=0 rethrow=0 return_oop=0}
                      ; - java.security.CodeSource::getCertificates@51 (line 211)
                      ; - java.lang.ClassLoader::checkCerts@34 (line 1158)
                      ; - java.lang.ClassLoader::preDefineClass@113 (line 907)
                      ; - java.lang.ClassLoader::defineClass@4 (line 1015)
                      ; - java.security.SecureClassLoader::defineClass@12 (line 150)
  0x00007fabfd6ebe58: 242c 3fff | bef6 ffff | ff66 6690 

  0x00007fabfd6ebe64: ;   {runtime_call UncommonTrapBlob}
  0x00007fabfd6ebe64: c5f8 77e8 

  0x00007fabfd6ebe68: ; ImmutableOopMap {}
                      ;*invokevirtual getCertificates {reexecute=0 rethrow=0 return_oop=0}
                      ; - java.security.CodeSource::getCertificates@54 (line 211)
                      ; - java.lang.ClassLoader::checkCerts@34 (line 1158)
                      ; - java.lang.ClassLoader::preDefineClass@113 (line 907)
                      ; - java.lang.ClassLoader::defineClass@4 (line 1015)
                      ; - java.security.SecureClassLoader::defineClass@12 (line 150)
  0x00007fabfd6ebe68: 142c 3fff | bef6 ffff | ff66 6690 

  0x00007fabfd6ebe74: ;   {runtime_call UncommonTrapBlob}
  0x00007fabfd6ebe74: c5f8 77e8 

  0x00007fabfd6ebe78: ; ImmutableOopMap {}
                      ;*arraylength {reexecute=0 rethrow=0 return_oop=0}
                      ; - java.security.CodeSource::getCertificates@40 (line 209)
                      ; - java.lang.ClassLoader::checkCerts@34 (line 1158)
                      ; - java.lang.ClassLoader::preDefineClass@113 (line 907)
                      ; - java.lang.ClassLoader::defineClass@4 (line 1015)
                      ; - java.security.SecureClassLoader::defineClass@12 (line 150)
  0x00007fabfd6ebe78: 042c 3fff | bef6 ffff | ff66 6690 

  0x00007fabfd6ebe84: ;   {runtime_call UncommonTrapBlob}
  0x00007fabfd6ebe84: c5f8 77e8 

  0x00007fabfd6ebe88: ; ImmutableOopMap {}
                      ;*aaload {reexecute=0 rethrow=0 return_oop=0}
                      ; - java.security.CodeSource::getCertificates@50 (line 210)
                      ; - java.lang.ClassLoader::postDefineClass@24 (line 927)
                      ; - java.lang.ClassLoader::defineClass@37 (line 1018)
                      ; - java.security.SecureClassLoader::defineClass@12 (line 150)
  0x00007fabfd6ebe88: f42b 3fff | bef6 ffff | ff66 6690 

  0x00007fabfd6ebe94: ;   {runtime_call UncommonTrapBlob}
  0x00007fabfd6ebe94: c5f8 77e8 

  0x00007fabfd6ebe98: ; ImmutableOopMap {}
                      ;*invokevirtual getSignerCertPath {reexecute=0 rethrow=0 return_oop=0}
                      ; - java.security.CodeSource::getCertificates@51 (line 211)
                      ; - java.lang.ClassLoader::postDefineClass@24 (line 927)
                      ; - java.lang.ClassLoader::defineClass@37 (line 1018)
                      ; - java.security.SecureClassLoader::defineClass@12 (line 150)
  0x00007fabfd6ebe98: e42b 3fff | bef6 ffff | ff66 6690 

  0x00007fabfd6ebea4: ;   {runtime_call UncommonTrapBlob}
  0x00007fabfd6ebea4: c5f8 77e8 

  0x00007fabfd6ebea8: ; ImmutableOopMap {}
                      ;*invokevirtual getCertificates {reexecute=0 rethrow=0 return_oop=0}
                      ; - java.security.CodeSource::getCertificates@54 (line 211)
                      ; - java.lang.ClassLoader::postDefineClass@24 (line 927)
                      ; - java.lang.ClassLoader::defineClass@37 (line 1018)
                      ; - java.security.SecureClassLoader::defineClass@12 (line 150)
  0x00007fabfd6ebea8: d42b 3fff | bef6 ffff | ff66 6690 

  0x00007fabfd6ebeb4: ;   {runtime_call UncommonTrapBlob}
  0x00007fabfd6ebeb4: c5f8 77e8 

  0x00007fabfd6ebeb8: ; ImmutableOopMap {}
                      ;*arraylength {reexecute=0 rethrow=0 return_oop=0}
                      ; - java.security.CodeSource::getCertificates@40 (line 209)
                      ; - java.lang.ClassLoader::postDefineClass@24 (line 927)
                      ; - java.lang.ClassLoader::defineClass@37 (line 1018)
                      ; - java.security.SecureClassLoader::defineClass@12 (line 150)
  0x00007fabfd6ebeb8: c42b 3fff | bef4 ffff | ff48 8b6c | 2408 4c8b | 5424 284c | 8954 2418 | 448b 5c24 | 3044 895c 
  0x00007fabfd6ebed8: 2428 4c8b | 5424 384c | 8954 2430 | 4c8b 5424 | 404c 8954 | 2438 6690 

  0x00007fabfd6ebef0: ;   {runtime_call UncommonTrapBlob}
  0x00007fabfd6ebef0: c5f8 77e8 

  0x00007fabfd6ebef4: ; ImmutableOopMap {rbp=Oop [16]=NarrowOop [24]=Oop [32]=Oop [48]=Oop [56]=Oop [88]=Oop }
                      ;*checkcast {reexecute=0 rethrow=0 return_oop=0}
                      ; - java.security.CodeSource::getCertificates@79 (line 213)
                      ; - java.lang.ClassLoader::checkCerts@34 (line 1158)
                      ; - java.lang.ClassLoader::preDefineClass@113 (line 907)
                      ; - java.lang.ClassLoader::defineClass@4 (line 1015)
                      ; - java.security.SecureClassLoader::defineClass@12 (line 150)
  0x00007fabfd6ebef4: 882b 3fff | bef4 ffff | ff4c 8b54 | 2418 4c89 | 5424 1090 

  0x00007fabfd6ebf08: ;   {runtime_call UncommonTrapBlob}
  0x00007fabfd6ebf08: c5f8 77e8 

  0x00007fabfd6ebf0c: ; ImmutableOopMap {rbp=NarrowOop [8]=Oop [16]=Oop }
                      ;*checkcast {reexecute=0 rethrow=0 return_oop=0}
                      ; - java.security.CodeSource::getCertificates@79 (line 213)
                      ; - java.lang.ClassLoader::postDefineClass@24 (line 927)
                      ; - java.lang.ClassLoader::defineClass@37 (line 1018)
                      ; - java.security.SecureClassLoader::defineClass@12 (line 150)
  0x00007fabfd6ebf0c: 702b 3fff | be97 ffff | ff48 8b6c | 2408 4c8b | 5424 284c | 8954 2418 | 448b 5424 | 3044 8954 
  0x00007fabfd6ebf2c: 2428 4c8b | 5424 384c | 8954 2430 | 4c8b 5424 | 404c 8954 | 2438 6690 

  0x00007fabfd6ebf44: ;   {runtime_call UncommonTrapBlob}
  0x00007fabfd6ebf44: c5f8 77e8 

  0x00007fabfd6ebf48: ; ImmutableOopMap {rbp=Oop [16]=NarrowOop [24]=Oop [32]=Oop [48]=Oop [56]=Oop [72]=Oop }
                      ;*invokevirtual clone {reexecute=1 rethrow=0 return_oop=0}
                      ; - (reexecute) java.security.CodeSource::getCertificates@11 (line 203)
                      ; - java.lang.ClassLoader::checkCerts@34 (line 1158)
                      ; - java.lang.ClassLoader::preDefineClass@113 (line 907)
                      ; - java.lang.ClassLoader::defineClass@4 (line 1015)
                      ; - java.security.SecureClassLoader::defineClass@12 (line 150)
  0x00007fabfd6ebf48: 342b 3fff | be97 ffff | ff66 6690 

  0x00007fabfd6ebf54: ;   {runtime_call UncommonTrapBlob}
  0x00007fabfd6ebf54: c5f8 77e8 

  0x00007fabfd6ebf58: ; ImmutableOopMap {[8]=Oop [16]=NarrowOop [24]=Oop }
                      ;*invokevirtual clone {reexecute=1 rethrow=0 return_oop=0}
                      ; - (reexecute) java.security.CodeSource::getCertificates@11 (line 203)
                      ; - java.lang.ClassLoader::postDefineClass@24 (line 927)
                      ; - java.lang.ClassLoader::defineClass@37 (line 1018)
                      ; - java.security.SecureClassLoader::defineClass@12 (line 150)
  0x00007fabfd6ebf58: 242b 3fff | be97 ffff | ff44 8b5c | 2414 4489 | 5c24 1044 | 8b54 2430 | 4489 5424 | 144c 8b54 
  0x00007fabfd6ebf78: 2438 4c89 | 5424 304c | 8b54 2440 | 4c89 5424 | 3866 6690 

  0x00007fabfd6ebf8c: ;   {runtime_call UncommonTrapBlob}
  0x00007fabfd6ebf8c: c5f8 77e8 

  0x00007fabfd6ebf90: ; ImmutableOopMap {rbp=Oop [8]=Oop [32]=Oop [40]=Oop [48]=Oop [56]=Oop [88]=Oop }
                      ;*invokevirtual clone {reexecute=1 rethrow=0 return_oop=0}
                      ; - (reexecute) java.security.CodeSource::getCertificates@89 (line 215)
                      ; - java.lang.ClassLoader::checkCerts@34 (line 1158)
                      ; - java.lang.ClassLoader::preDefineClass@113 (line 907)
                      ; - java.lang.ClassLoader::defineClass@4 (line 1015)
                      ; - java.security.SecureClassLoader::defineClass@12 (line 150)
  0x00007fabfd6ebf90: ec2a 3fff | be97 ffff | ff4c 8b54 | 2418 4c89 | 5424 1090 

  0x00007fabfd6ebfa4: ;   {runtime_call UncommonTrapBlob}
  0x00007fabfd6ebfa4: c5f8 77e8 

  0x00007fabfd6ebfa8: ; ImmutableOopMap {[8]=Oop [16]=Oop [40]=Oop }
                      ;*invokevirtual clone {reexecute=1 rethrow=0 return_oop=0}
                      ; - (reexecute) java.security.CodeSource::getCertificates@89 (line 215)
                      ; - java.lang.ClassLoader::postDefineClass@24 (line 927)
                      ; - java.lang.ClassLoader::defineClass@37 (line 1018)
                      ; - java.security.SecureClassLoader::defineClass@12 (line 150)
  0x00007fabfd6ebfa8: d42a 3fff | e968 0000 | 00e9 6300 | 0000 e95e | 0000 000f | 1f44 0000 | e954 0000 | 00e9 4f00 
  0x00007fabfd6ebfc8: 0000 e94a | 0000 00e9 | 4500 0000 | e940 0000 | 00e9 3000 | 0000 6690 | e929 0000 | 00e9 2f00 
  0x00007fabfd6ebfe8: 0000 e92a | 0000 00e9 | 2500 0000 | e920 0000 | 00e9 1b00 | 0000 6690 | e914 0000 | 00e9 0f00 
  0x00007fabfd6ec008: 0000 eb0d | eb0b 488b | f0eb 09eb | 04eb 02eb | 0048 8bf0 | c5f8 7748 | 81c4 a000 

  0x00007fabfd6ec024: ;   {runtime_call _rethrow_Java}
  0x00007fabfd6ec024: 0000 5de9 | 544a 49ff 

  0x00007fabfd6ec02c: ;   {internal_word}
  0x00007fabfd6ec02c: 49ba 6ca1 | 6efd ab7f | 0000 4d89 | 9758 0300 

  0x00007fabfd6ec03c: ;   {runtime_call SafepointBlob}
  0x00007fabfd6ec03c: 00e9 be18 | 3fff f4f4 | f4f4 f4f4 | f4f4 f4f4 | f4f4 f4f4 | f4f4 f4f4 | f4f4 f4f4 | f4f4 f4f4 
  0x00007fabfd6ec05c: f4f4 f4f4 
[Stub Code]
  0x00007fabfd6ec060: ;   {no_reloc}
  0x00007fabfd6ec060: 48bb 0000 | 0000 0000 

  0x00007fabfd6ec068: ;   {runtime_call}
  0x00007fabfd6ec068: 0000 e9fb 

  0x00007fabfd6ec06c: ;   {static_stub}
  0x00007fabfd6ec06c: ffff ff48 | bb00 0000 | 0000 0000 

  0x00007fabfd6ec078: ;   {runtime_call}
  0x00007fabfd6ec078: 00e9 fbff 

  0x00007fabfd6ec07c: ;   {static_stub}
  0x00007fabfd6ec07c: ffff 48bb | 0000 0000 | 0000 0000 

  0x00007fabfd6ec088: ;   {runtime_call}
  0x00007fabfd6ec088: e9fb ffff 

  0x00007fabfd6ec08c: ;   {static_stub}
  0x00007fabfd6ec08c: ff48 bb00 | 0000 0000 

  0x00007fabfd6ec094: ;   {runtime_call}
  0x00007fabfd6ec094: 0000 00e9 | fbff ffff 

  0x00007fabfd6ec09c: ;   {static_stub}
  0x00007fabfd6ec09c: 48bb 0000 | 0000 0000 

  0x00007fabfd6ec0a4: ;   {runtime_call}
  0x00007fabfd6ec0a4: 0000 e9fb 

  0x00007fabfd6ec0a8: ;   {static_stub}
  0x00007fabfd6ec0a8: ffff ff48 | bb00 0000 | 0000 0000 

  0x00007fabfd6ec0b4: ;   {runtime_call}
  0x00007fabfd6ec0b4: 00e9 fbff 

  0x00007fabfd6ec0b8: ;   {static_stub}
  0x00007fabfd6ec0b8: ffff 48bb | 0000 0000 | 0000 0000 

  0x00007fabfd6ec0c4: ;   {runtime_call}
  0x00007fabfd6ec0c4: e9fb ffff 

  0x00007fabfd6ec0c8: ;   {static_stub}
  0x00007fabfd6ec0c8: ff48 bb00 | 0000 0000 

  0x00007fabfd6ec0d0: ;   {runtime_call}
  0x00007fabfd6ec0d0: 0000 00e9 | fbff ffff 

  0x00007fabfd6ec0d8: ;   {static_stub}
  0x00007fabfd6ec0d8: 48bb 0000 | 0000 0000 

  0x00007fabfd6ec0e0: ;   {runtime_call}
  0x00007fabfd6ec0e0: 0000 e9fb 

  0x00007fabfd6ec0e4: ;   {static_stub}
  0x00007fabfd6ec0e4: ffff ff48 | bb00 0000 | 0000 0000 

  0x00007fabfd6ec0f0: ;   {runtime_call}
  0x00007fabfd6ec0f0: 00e9 fbff 

  0x00007fabfd6ec0f4: ;   {static_stub}
  0x00007fabfd6ec0f4: ffff 48bb | 0000 0000 | 0000 0000 

  0x00007fabfd6ec100: ;   {runtime_call}
  0x00007fabfd6ec100: e9fb ffff 

  0x00007fabfd6ec104: ;   {static_stub}
  0x00007fabfd6ec104: ff48 bb00 | 0000 0000 

  0x00007fabfd6ec10c: ;   {runtime_call}
  0x00007fabfd6ec10c: 0000 00e9 | fbff ffff 

  0x00007fabfd6ec114: ;   {static_stub}
  0x00007fabfd6ec114: 48bb 0000 | 0000 0000 

  0x00007fabfd6ec11c: ;   {runtime_call}
  0x00007fabfd6ec11c: 0000 e9fb 

  0x00007fabfd6ec120: ;   {static_stub}
  0x00007fabfd6ec120: ffff ff48 | bb00 0000 | 0000 0000 

  0x00007fabfd6ec12c: ;   {runtime_call}
  0x00007fabfd6ec12c: 00e9 fbff 

  0x00007fabfd6ec130: ;   {runtime_call ExceptionBlob}
  0x00007fabfd6ec130: ffff e949 | be48 ffe8 | 0000 0000 | 4883 2c24 

  0x00007fabfd6ec140: ;   {runtime_call DeoptimizationBlob}
  0x00007fabfd6ec140: 05e9 5a2c | 3fff f4f4 
[/MachCode]


Compiled method (c1)  208572 7482   !   3       java.net.URLClassLoader::defineClass (224 bytes)
 total in heap  [0x00007fabf5df4f90,0x00007fabf5df7940] = 10672
 relocation     [0x00007fabf5df50f0,0x00007fabf5df5390] = 672
 main code      [0x00007fabf5df53a0,0x00007fabf5df6e00] = 6752
 stub code      [0x00007fabf5df6e00,0x00007fabf5df6fd0] = 464
 oops           [0x00007fabf5df6fd0,0x00007fabf5df6fd8] = 8
 metadata       [0x00007fabf5df6fd8,0x00007fabf5df7068] = 144
 scopes data    [0x00007fabf5df7068,0x00007fabf5df7520] = 1208
 scopes pcs     [0x00007fabf5df7520,0x00007fabf5df78b0] = 912
 dependencies   [0x00007fabf5df78b0,0x00007fabf5df78c0] = 16
 handler table  [0x00007fabf5df78c0,0x00007fabf5df7908] = 72
 nul chk table  [0x00007fabf5df7908,0x00007fabf5df7940] = 56

[Constant Pool (empty)]

[MachCode]
[Entry Point]
  # {method} {0x00007fabd4051140} 'defineClass' '(Ljava/lang/String;Ljdk/internal/loader/Resource;)Ljava/lang/Class;' in 'java/net/URLClassLoader'
  # this:     rsi:rsi   = 'java/net/URLClassLoader'
  # parm0:    rdx:rdx   = 'java/lang/String'
  # parm1:    rcx:rcx   = 'jdk/internal/loader/Resource'
  #           [sp+0x140]  (sp of caller)
  0x00007fabf5df53a0: 448b 5608 | 49bb 0000 | 008f ab7f | 0000 4d03 | d34c 3bd0 

  0x00007fabf5df53b4: ;   {runtime_call ic_miss_stub}
  0x00007fabf5df53b4: 0f85 c60d | ce06 660f | 1f44 0000 
[Verified Entry Point]
  0x00007fabf5df53c0: 8984 2400 | c0fe ff55 | 4881 ec30 | 0100 0048 | 89b4 24b8 | 0000 0048 | 8994 24a8 | 0000 0048 
  0x00007fabf5df53e0: 898c 24b0 

  0x00007fabf5df53e4: ;   {metadata(method data for {method} {0x00007fabd4051140} 'defineClass' '(Ljava/lang/String;Ljdk/internal/loader/Resource;)Ljava/lang/Class;' in 'java/net/URLClassLoader')}
  0x00007fabf5df53e4: 0000 0048 | bfe0 6b14 | d4ab 7f00 | 008b 9ff4 | 0000 0083 | c302 899f | f400 0000 | 81e3 fe07 
  0x00007fabf5df5404: 0000 83fb | 000f 849b 

  0x00007fabf5df540c: ;   {metadata(method data for {method} {0x00007fabd4051140} 'defineClass' '(Ljava/lang/String;Ljdk/internal/loader/Resource;)Ljava/lang/Class;' in 'java/net/URLClassLoader')}
  0x00007fabf5df540c: 1600 0048 | bfe0 6b14 | d4ab 7f00 | 0048 8387 | 3801 0000 

  0x00007fabf5df5420: ;   {runtime_call os::javaTimeNanos()}
  0x00007fabf5df5420: 01e8 eaf4 | 551e 4889 | 8424 c000 | 0000 488b | 9424 a800 | 0000 483b | 0248 8bca 

  0x00007fabf5df543c: ;   {metadata(method data for {method} {0x00007fabd4051140} 'defineClass' '(Ljava/lang/String;Ljdk/internal/loader/Resource;)Ljava/lang/Class;' in 'java/net/URLClassLoader')}
  0x00007fabf5df543c: 48be e06b | 14d4 ab7f | 0000 4883 | 8648 0100 

  0x00007fabf5df544c: ;   {metadata(method data for {method} {0x00007fab8f42d630} 'lastIndexOf' '(I)I' in 'java/lang/String')}
  0x00007fabf5df544c: 0001 48b9 | 68c3 05d4 | ab7f 0000 | 8bb1 f400 | 0000 83c6 | 0289 b1f4 | 0000 0081 | e6fe ff1f 
  0x00007fabf5df546c: 0083 fe00 | 0f84 5a16 | 0000 488b 

  0x00007fabf5df5478: ;   {metadata(method data for {method} {0x00007fab8f42d630} 'lastIndexOf' '(I)I' in 'java/lang/String')}
  0x00007fabf5df5478: ca48 be68 | c305 d4ab | 7f00 0048 | 8386 3801 

  0x00007fabf5df5488: ;   {metadata(method data for {method} {0x00007fab8f42b390} 'length' '()I' in 'java/lang/String')}
  0x00007fabf5df5488: 0000 0148 | b9a8 8a01 | d4ab 7f00 | 008b b1f4 | 0000 0083 | c602 89b1 | f400 0000 | 81e6 feff 
  0x00007fabf5df54a8: 1f00 83fe | 000f 843e | 1600 008b | 7214 48c1 | e603 8b7e | 0c48 8bca 

  0x00007fabf5df54c0: ;   {metadata(method data for {method} {0x00007fab8f42b390} 'length' '()I' in 'java/lang/String')}
  0x00007fabf5df54c0: 48bb a88a | 01d4 ab7f | 0000 4883 | 8338 0100 

  0x00007fabf5df54d0: ;   {metadata(method data for {method} {0x00007fab8f42c298} 'coder' '()B' in 'java/lang/String')}
  0x00007fabf5df54d0: 0001 48b9 | d0e4 00d4 | ab7f 0000 | 8b99 f400 | 0000 83c3 | 0289 99f4 | 0000 0081 | e3fe ff1f 
  0x00007fabf5df54f0: 0083 fb00 | 0f84 1d16 

  0x00007fabf5df54f8: ;   {metadata(method data for {method} {0x00007fab8f42c298} 'coder' '()B' in 'java/lang/String')}
  0x00007fabf5df54f8: 0000 48b9 | d0e4 00d4 | ab7f 0000 | ff81 4801 | 0000 0fbe 

  0x00007fabf5df550c: ;   {metadata(method data for {method} {0x00007fab8f42c298} 'coder' '()B' in 'java/lang/String')}
  0x00007fabf5df550c: 5a10 48b9 | d0e4 00d4 | ab7f 0000 | ff81 5801 | 0000 488b | cbc1 e118 | c1f9 18d3 | ffff cf48 
  0x00007fabf5df552c: ;   {metadata(method data for {method} {0x00007fab8f42d630} 'lastIndexOf' '(I)I' in 'java/lang/String')}
  0x00007fabf5df552c: 8bca 49b8 | 68c3 05d4 | ab7f 0000 | 4983 8070 | 0100 0001 

  0x00007fabf5df5540: ;   {metadata(method data for {method} {0x00007fab8f42d5d8} 'lastIndexOf' '(II)I' in 'java/lang/String')}
  0x00007fabf5df5540: 48b9 68af | 05d4 ab7f | 0000 448b | 81f4 0000 | 0041 83c0 | 0244 8981 | f400 0000 | 4181 e0fe 
  0x00007fabf5df5560: ff1f 0041 | 83f8 000f | 84cb 1500 | 0048 8bca 

  0x00007fabf5df5570: ;   {metadata(method data for {method} {0x00007fab8f42d5d8} 'lastIndexOf' '(II)I' in 'java/lang/String')}
  0x00007fabf5df5570: 49b8 68af | 05d4 ab7f | 0000 4983 | 8038 0100 

  0x00007fabf5df5580: ;   {metadata(method data for {method} {0x00007fab8f42ce48} 'isLatin1' '()Z' in 'java/lang/String')}
  0x00007fabf5df5580: 0001 48b9 | 08ea 00d4 | ab7f 0000 | 448b 81f4 | 0000 0041 | 83c0 0244 | 8981 f400 | 0000 4181 
  0x00007fabf5df55a0: e0fe ff1f | 0041 83f8 | 000f 84aa 

  0x00007fabf5df55ac: ;   {metadata(method data for {method} {0x00007fab8f42ce48} 'isLatin1' '()Z' in 'java/lang/String')}
  0x00007fabf5df55ac: 1500 0048 | b908 ea00 | d4ab 7f00 | 00ff 8148 | 0100 0083 

  0x00007fabf5df55c0: ;   {metadata(method data for {method} {0x00007fab8f42ce48} 'isLatin1' '()Z' in 'java/lang/String')}
  0x00007fabf5df55c0: fb00 48b9 | 08ea 00d4 | ab7f 0000 | 48c7 c358 | 0100 000f | 8507 0000 | 0048 c7c3 | 6801 0000 
  0x00007fabf5df55e0: 4c8b 0419 | 4d8d 4001 | 4c89 0419 | 0f85 1a00 

  0x00007fabf5df55f0: ;   {metadata(method data for {method} {0x00007fab8f42ce48} 'isLatin1' '()Z' in 'java/lang/String')}
  0x00007fabf5df55f0: 0000 48b9 | 08ea 00d4 | ab7f 0000 | ff81 7801 | 0000 b901 | 0000 00e9 | 0500 0000 | b900 0000 
  0x00007fabf5df5610: 0083 e101 

  0x00007fabf5df5614: ;   {metadata(method data for {method} {0x00007fab8f42d5d8} 'lastIndexOf' '(II)I' in 'java/lang/String')}
  0x00007fabf5df5614: 83f9 0048 | b968 af05 | d4ab 7f00 | 0048 c7c3 | 7001 0000 | 0f84 0700 | 0000 48c7 | c380 0100 
  0x00007fabf5df5634: 004c 8b04 | 194d 8d40 | 014c 8904 | 190f 843a 

  0x00007fabf5df5644: ;   {metadata(method data for {method} {0x00007fab8f42d5d8} 'lastIndexOf' '(II)I' in 'java/lang/String')}
  0x00007fabf5df5644: 0000 0048 | b968 af05 | d4ab 7f00 | 0048 8381 | 9001 0000 | 01ba 2e00 | 0000 488b | cf66 0f1f 
  0x00007fabf5df5664: ;   {static_call}
  0x00007fabf5df5664: 4400 00e8 

  0x00007fabf5df5668: ; ImmutableOopMap {[184]=Oop [176]=Oop [168]=Oop }
                      ;*invokestatic lastIndexOf {reexecute=0 rethrow=0 return_oop=0}
                      ; - java.lang.String::lastIndexOf@13 (line 2489)
                      ; - java.lang.String::lastIndexOf@8 (line 2451)
                      ; - java.net.URLClassLoader::defineClass@7 (line 486)
  0x00007fabf5df5668: 3465 7307 

  0x00007fabf5df566c: ;   {metadata(method data for {method} {0x00007fab8f42d5d8} 'lastIndexOf' '(II)I' in 'java/lang/String')}
  0x00007fabf5df566c: 48be 68af | 05d4 ab7f | 0000 ff86 | a001 0000 | e923 0000 

  0x00007fabf5df5680: ;   {metadata(method data for {method} {0x00007fab8f42d5d8} 'lastIndexOf' '(II)I' in 'java/lang/String')}
  0x00007fabf5df5680: 0048 ba68 | af05 d4ab | 7f00 0048 | 8382 b801 | 0000 01ba | 2e00 0000 | 488b cf0f 

  0x00007fabf5df569c: ;   {static_call}
  0x00007fabf5df569c: 1f40 00e8 

  0x00007fabf5df56a0: ; ImmutableOopMap {[184]=Oop [176]=Oop [168]=Oop }
                      ;*invokestatic lastIndexOf {reexecute=0 rethrow=0 return_oop=0}
                      ; - java.lang.String::lastIndexOf@25 (line 2490)
                      ; - java.lang.String::lastIndexOf@8 (line 2451)
                      ; - java.net.URLClassLoader::defineClass@7 (line 486)
  0x00007fabf5df56a0: dc19 ce06 | 8984 24c8 | 0000 0048 | 8b8c 24b0 | 0000 0048 | 3b01 488b 

  0x00007fabf5df56b8: ;   {metadata(method data for {method} {0x00007fabd4051140} 'defineClass' '(Ljava/lang/String;Ljdk/internal/loader/Resource;)Ljava/lang/Class;' in 'java/net/URLClassLoader')}
  0x00007fabf5df56b8: f148 bfe0 | 6b14 d4ab | 7f00 008b | 7608 49ba | 0000 008f | ab7f 0000 | 4903 f248 | 3bb7 9001 
  0x00007fabf5df56d8: 0000 750d | 4883 8798 | 0100 0001 | e966 0000 | 0048 3bb7 | a001 0000 | 750d 4883 | 87a8 0100 
  0x00007fabf5df56f8: 0001 e950 | 0000 0048 | 81bf 9001 | 0000 0000 | 0000 7517 | 4889 b790 | 0100 0048 | c787 9801 
  0x00007fabf5df5718: 0000 0100 | 0000 e92c | 0000 0048 | 81bf a001 | 0000 0000 | 0000 7517 | 4889 b7a0 | 0100 0048 
  0x00007fabf5df5738: c787 a801 | 0000 0100 | 0000 e908 | 0000 0048 | 8387 8001 | 0000 0148 | 8bf1 6666 | 9048 b8ff 
  0x00007fabf5df5758: ffff ffff 

  0x00007fabf5df575c: ;   {virtual_call}
  0x00007fabf5df575c: ffff ffe8 

  0x00007fabf5df5760: ; ImmutableOopMap {[184]=Oop [168]=Oop [176]=Oop }
                      ;*invokevirtual getCodeSourceURL {reexecute=0 rethrow=0 return_oop=0}
                      ; - java.net.URLClassLoader::defineClass@13 (line 487)
  0x00007fabf5df5760: 8c91 db06 | 4889 8424 | d000 0000 | 8b8c 24c8 | 0000 0083 

  0x00007fabf5df5774: ;   {metadata(method data for {method} {0x00007fabd4051140} 'defineClass' '(Ljava/lang/String;Ljdk/internal/loader/Resource;)Ljava/lang/Class;' in 'java/net/URLClassLoader')}
  0x00007fabf5df5774: f9ff 48ba | e06b 14d4 | ab7f 0000 | 48c7 c6b8 | 0100 000f | 8407 0000 | 0048 c7c6 | c801 0000 
  0x00007fabf5df5794: 488b 3c32 | 488d 7f01 | 4889 3c32 | 0f84 0a04 | 0000 488b | 9424 a800 

  0x00007fabf5df57ac: ;   {metadata(method data for {method} {0x00007fabd4051140} 'defineClass' '(Ljava/lang/String;Ljdk/internal/loader/Resource;)Ljava/lang/Class;' in 'java/net/URLClassLoader')}
  0x00007fabf5df57ac: 0000 48be | e06b 14d4 | ab7f 0000 | 4883 86d8 | 0100 0001 | ba00 0000 | 0048 8bb4 | 24a8 0000 
  0x00007fabf5df57cc: ;   {optimized virtual_call}
  0x00007fabf5df57cc: 0066 90e8 

  0x00007fabf5df57d0: ; ImmutableOopMap {[184]=Oop [168]=Oop [176]=Oop [208]=Oop }
                      ;*invokevirtual substring {reexecute=0 rethrow=0 return_oop=0}
                      ; - java.net.URLClassLoader::defineClass@28 (line 489)
  0x00007fabf5df57d0: 8c2a 4307 | 4889 8424 | d800 0000 | 488b 8c24 | b000 0000 

  0x00007fabf5df57e4: ;   {metadata(method data for {method} {0x00007fabd4051140} 'defineClass' '(Ljava/lang/String;Ljdk/internal/loader/Resource;)Ljava/lang/Class;' in 'java/net/URLClassLoader')}
  0x00007fabf5df57e4: 48be e06b | 14d4 ab7f | 0000 8b49 | 0849 ba00 | 0000 8fab | 7f00 0049 | 03ca 483b | 8e20 0200 
  0x00007fabf5df5804: 0075 0d48 | 8386 2802 | 0000 01e9 | 6600 0000 | 483b 8e30 | 0200 0075 | 0d48 8386 | 3802 0000 
  0x00007fabf5df5824: 01e9 5000 | 0000 4881 | be20 0200 | 0000 0000 | 0075 1748 | 898e 2002 | 0000 48c7 | 8628 0200 
  0x00007fabf5df5844: 0001 0000 | 00e9 2c00 | 0000 4881 | be30 0200 | 0000 0000 | 0075 1748 | 898e 3002 | 0000 48c7 
  0x00007fabf5df5864: 8638 0200 | 0001 0000 | 00e9 0800 | 0000 4883 | 8610 0200 | 0001 488b | b424 b000 | 0000 6666 
  0x00007fabf5df5884: 9048 b8ff | ffff ffff 

  0x00007fabf5df588c: ;   {virtual_call}
  0x00007fabf5df588c: ffff ffe8 

  0x00007fabf5df5890: ; ImmutableOopMap {[184]=Oop [168]=Oop [176]=Oop [208]=Oop [216]=Oop }
                      ;*invokevirtual getManifest {reexecute=0 rethrow=0 return_oop=0}
                      ; - java.net.URLClassLoader::defineClass@34 (line 491)
  0x00007fabf5df5890: 5c8e db06 | 4889 8424 | e000 0000 | 488b b424 | b800 0000 

  0x00007fabf5df58a4: ;   {metadata(method data for {method} {0x00007fabd4051140} 'defineClass' '(Ljava/lang/String;Ljdk/internal/loader/Resource;)Ljava/lang/Class;' in 'java/net/URLClassLoader')}
  0x00007fabf5df58a4: 48ba e06b | 14d4 ab7f | 0000 4883 | 8248 0200 | 0001 488b | 9424 d800 | 0000 488b | c84c 8b84 
  0x00007fabf5df58c4: 24d0 0000 | 0048 8bb4 | 24b8 0000 | 0066 0f1f 

  0x00007fabf5df58d4: ;   {optimized virtual_call}
  0x00007fabf5df58d4: 4400 00e8 

  0x00007fabf5df58d8: ; ImmutableOopMap {[184]=Oop [168]=Oop [176]=Oop [208]=Oop [216]=Oop [224]=Oop }
                      ;*invokevirtual getAndVerifyPackage {reexecute=0 rethrow=0 return_oop=0}
                      ; - java.net.URLClassLoader::defineClass@46 (line 492)
  0x00007fabf5df58d8: a43e cb07 | 4883 f800 

  0x00007fabf5df58e0: ;   {metadata(method data for {method} {0x00007fabd4051140} 'defineClass' '(Ljava/lang/String;Ljdk/internal/loader/Resource;)Ljava/lang/Class;' in 'java/net/URLClassLoader')}
  0x00007fabf5df58e0: 48ba e06b | 14d4 ab7f | 0000 48c7 | c180 0200 | 000f 8507 | 0000 0048 | c7c1 9002 | 0000 4c8b 
  0x00007fabf5df5900: 040a 4d8d | 4001 4c89 | 040a 0f85 | a002 0000 | 488b 8424 | e000 0000 | 4883 f800 

  0x00007fabf5df591c: ;   {metadata(method data for {method} {0x00007fabd4051140} 'defineClass' '(Ljava/lang/String;Ljdk/internal/loader/Resource;)Ljava/lang/Class;' in 'java/net/URLClassLoader')}
  0x00007fabf5df591c: 48ba e06b | 14d4 ab7f | 0000 48c7 | c1a0 0200 | 000f 8407 | 0000 0048 | c7c1 b002 | 0000 4c8b 
  0x00007fabf5df593c: 040a 4d8d | 4001 4c89 | 040a 488b | b424 b800 | 0000 0f84 | cd00 0000 

  0x00007fabf5df5954: ;   {metadata(method data for {method} {0x00007fabd4051140} 'defineClass' '(Ljava/lang/String;Ljdk/internal/loader/Resource;)Ljava/lang/Class;' in 'java/net/URLClassLoader')}
  0x00007fabf5df5954: 48ba e06b | 14d4 ab7f | 0000 8b76 | 0849 ba00 | 0000 8fab | 7f00 0049 | 03f2 483b | b2d0 0200 
  0x00007fabf5df5974: 0075 0d48 | 8382 d802 | 0000 01e9 | 6600 0000 | 483b b2e0 | 0200 0075 | 0d48 8382 | e802 0000 
  0x00007fabf5df5994: 01e9 5000 | 0000 4881 | bad0 0200 | 0000 0000 | 0075 1748 | 89b2 d002 | 0000 48c7 | 82d8 0200 
  0x00007fabf5df59b4: 0001 0000 | 00e9 2c00 | 0000 4881 | bae0 0200 | 0000 0000 | 0075 1748 | 89b2 e002 | 0000 48c7 
  0x00007fabf5df59d4: 82e8 0200 | 0001 0000 | 00e9 0800 | 0000 4883 | 82c0 0200 | 0001 488b | 9424 d800 | 0000 488b 
  0x00007fabf5df59f4: c84c 8b84 | 24d0 0000 | 0048 8bb4 | 24b8 0000 

  0x00007fabf5df5a04: ;   {optimized virtual_call}
  0x00007fabf5df5a04: 0066 90e8 

  0x00007fabf5df5a08: ; ImmutableOopMap {[184]=Oop [168]=Oop [176]=Oop [208]=Oop [216]=Oop [224]=Oop }
                      ;*invokevirtual definePackage {reexecute=0 rethrow=0 return_oop=0}
                      ; - java.net.URLClassLoader::defineClass@64 (line 495)
  0x00007fabf5df5a08: 3443 afff 

  0x00007fabf5df5a0c: ;   {metadata(method data for {method} {0x00007fabd4051140} 'defineClass' '(Ljava/lang/String;Ljdk/internal/loader/Resource;)Ljava/lang/Class;' in 'java/net/URLClassLoader')}
  0x00007fabf5df5a0c: 48ba e06b | 14d4 ab7f | 0000 ff82 | f802 0000 | e9eb 0000 

  0x00007fabf5df5a20: ;   {metadata(method data for {method} {0x00007fabd4051140} 'defineClass' '(Ljava/lang/String;Ljdk/internal/loader/Resource;)Ljava/lang/Class;' in 'java/net/URLClassLoader')}
  0x00007fabf5df5a20: 0048 bae0 | 6b14 d4ab | 7f00 008b | 7608 49ba | 0000 008f | ab7f 0000 | 4903 f248 | 3bb2 2003 
  0x00007fabf5df5a40: 0000 750d | 4883 8228 | 0300 0001 | e966 0000 | 0048 3bb2 | 3003 0000 | 750d 4883 | 8238 0300 
  0x00007fabf5df5a60: 0001 e950 | 0000 0048 | 81ba 2003 | 0000 0000 | 0000 7517 | 4889 b220 | 0300 0048 | c782 2803 
  0x00007fabf5df5a80: 0000 0100 | 0000 e92c | 0000 0048 | 81ba 3003 | 0000 0000 | 0000 7517 | 4889 b230 | 0300 0048 
  0x00007fabf5df5aa0: c782 3803 | 0000 0100 | 0000 e908 | 0000 0048 | 8382 1003 | 0000 0148 | 8b94 24d8 

  0x00007fabf5df5abc: ;   {oop(NULL)}
  0x00007fabf5df5abc: 0000 0048 | b900 0000 | 0000 0000 

  0x00007fabf5df5ac8: ;   {oop(NULL)}
  0x00007fabf5df5ac8: 0049 b800 | 0000 0000 

  0x00007fabf5df5ad0: ;   {oop(NULL)}
  0x00007fabf5df5ad0: 0000 0049 | b900 0000 | 0000 0000 

  0x00007fabf5df5adc: ;   {oop(NULL)}
  0x00007fabf5df5adc: 0048 bf00 | 0000 0000 | 0000 004d | 33d2 4c89 | 1424 4d33 | d24c 8954 | 2408 4d33 | d24c 8954 
  0x00007fabf5df5afc: 2410 488b | b424 b800 

  0x00007fabf5df5b04: ;   {optimized virtual_call}
  0x00007fabf5df5b04: 0000 90e8 

  0x00007fabf5df5b08: ; ImmutableOopMap {[184]=Oop [168]=Oop [176]=Oop [208]=Oop [216]=Oop [224]=Oop }
                      ;*invokevirtual definePackage {reexecute=0 rethrow=0 return_oop=0}
                      ; - java.net.URLClassLoader::defineClass@81 (line 497)
  0x00007fabf5df5b08: 94db 9dff 

  0x00007fabf5df5b0c: ;   {metadata(method data for {method} {0x00007fabd4051140} 'defineClass' '(Ljava/lang/String;Ljdk/internal/loader/Resource;)Ljava/lang/Class;' in 'java/net/URLClassLoader')}
  0x00007fabf5df5b0c: 48b8 e06b | 14d4 ab7f | 0000 ff80 | 4803 0000 | e98f 0000 | 0048 8b8c | 24e0 0000 | 0049 8b87 
  0x00007fabf5df5b2c: d003 0000 | 4d33 d24d | 8997 d003 | 0000 4d33 | d24d 8997 | d803 0000 | 488b b424 | b800 0000 
  0x00007fabf5df5b4c: ;   {metadata(method data for {method} {0x00007fabd4051140} 'defineClass' '(Ljava/lang/String;Ljdk/internal/loader/Resource;)Ljava/lang/Class;' in 'java/net/URLClassLoader')}
  0x00007fabf5df5b4c: 48ba e06b | 14d4 ab7f | 0000 4883 | 8260 0300 | 0001 488b | 9424 d800 | 0000 4c8b | 8424 d000 
  0x00007fabf5df5b6c: 0000 488b | b424 b800 

  0x00007fabf5df5b74: ;   {optimized virtual_call}
  0x00007fabf5df5b74: 0000 90e8 

  0x00007fabf5df5b78: ; ImmutableOopMap {[184]=Oop [168]=Oop [176]=Oop [208]=Oop [216]=Oop }
                      ;*invokevirtual getAndVerifyPackage {reexecute=0 rethrow=0 return_oop=0}
                      ; - java.net.URLClassLoader::defineClass@97 (line 502)
  0x00007fabf5df5b78: 040b ce06 | 4883 f800 

  0x00007fabf5df5b80: ;   {metadata(method data for {method} {0x00007fabd4051140} 'defineClass' '(Ljava/lang/String;Ljdk/internal/loader/Resource;)Ljava/lang/Class;' in 'java/net/URLClassLoader')}
  0x00007fabf5df5b80: 48b8 e06b | 14d4 ab7f | 0000 48c7 | c6a8 0300 | 000f 8407 | 0000 0048 | c7c6 9803 | 0000 488b 
  0x00007fabf5df5ba0: 3c30 488d | 7f01 4889 | 3c30 0f84 | cc05 0000 | 488b 8c24 | b000 0000 

  0x00007fabf5df5bb8: ;   {metadata(method data for {method} {0x00007fabd4051140} 'defineClass' '(Ljava/lang/String;Ljdk/internal/loader/Resource;)Ljava/lang/Class;' in 'java/net/URLClassLoader')}
  0x00007fabf5df5bb8: 488b c148 | bee0 6b14 | d4ab 7f00 | 008b 4008 | 49ba 0000 | 008f ab7f | 0000 4903 | c248 3b86 
  0x00007fabf5df5bd8: 9004 0000 | 750d 4883 | 8698 0400 | 0001 e966 | 0000 0048 | 3b86 a004 | 0000 750d | 4883 86a8 
  0x00007fabf5df5bf8: 0400 0001 | e950 0000 | 0048 81be | 9004 0000 | 0000 0000 | 7517 4889 | 8690 0400 | 0048 c786 
  0x00007fabf5df5c18: 9804 0000 | 0100 0000 | e92c 0000 | 0048 81be | a004 0000 | 0000 0000 | 7517 4889 | 86a0 0400 
  0x00007fabf5df5c38: 0048 c786 | a804 0000 | 0100 0000 | e908 0000 | 0048 8386 | 8004 0000 

  0x00007fabf5df5c50: ;   {metadata(method data for {method} {0x00007fab8f1a71f0} 'getByteBuffer' '()Ljava/nio/ByteBuffer;' in 'jdk/internal/loader/Resource')}
  0x00007fabf5df5c50: 0148 b8a0 | 0415 d4ab | 7f00 008b | b0f4 0000 | 0083 c602 | 89b0 f400 | 0000 81e6 | feff 1f00 
  0x00007fabf5df5c70: 83fe 000f | 8406 0f00 | 0048 8bc1 

  0x00007fabf5df5c7c: ;   {metadata(method data for {method} {0x00007fab8f1a71f0} 'getByteBuffer' '()Ljava/nio/ByteBuffer;' in 'jdk/internal/loader/Resource')}
  0x00007fabf5df5c7c: 48be a004 | 15d4 ab7f | 0000 4883 | 8638 0100 | 0001 488d | b424 1801 | 0000 4889 | 4e08 488b 
  0x00007fabf5df5c9c: 0148 83c8 | 0148 8906 | f048 0fb1 | 310f 8413 | 0000 0048 | 2bc4 4881 | e007 f0ff | ff48 8906 
  0x00007fabf5df5cbc: 0f85 de0e 

  0x00007fabf5df5cc0: ;   {metadata(method data for {method} {0x00007fab8f1a7df0} 'cachedInputStream' '()Ljava/io/InputStream;' in 'jdk/internal/loader/Resource')}
  0x00007fabf5df5cc0: 0000 48be | 2846 10d4 | ab7f 0000 | 8bbe f400 | 0000 83c7 | 0289 bef4 | 0000 0081 | e7fe ff1f 
  0x00007fabf5df5ce0: 0083 ff00 | 0f84 c90e | 0000 8b71 | 0c48 c1e6 | 0348 83fe 

  0x00007fabf5df5cf4: ;   {metadata(method data for {method} {0x00007fab8f1a7df0} 'cachedInputStream' '()Ljava/io/InputStream;' in 'jdk/internal/loader/Resource')}
  0x00007fabf5df5cf4: 0048 be28 | 4610 d4ab | 7f00 0048 | c7c7 3801 | 0000 0f85 | 0700 0000 | 48c7 c748 | 0100 0048 
  0x00007fabf5df5d14: 8b1c 3e48 | 8d5b 0148 | 891c 3e0f | 85e4 0000 | 0048 8bf1 

  0x00007fabf5df5d28: ;   {metadata(method data for {method} {0x00007fab8f1a7df0} 'cachedInputStream' '()Ljava/io/InputStream;' in 'jdk/internal/loader/Resource')}
  0x00007fabf5df5d28: 48bf 2846 | 10d4 ab7f | 0000 8b76 | 0849 ba00 | 0000 8fab | 7f00 0049 | 03f2 483b | b768 0100 
  0x00007fabf5df5d48: 0075 0d48 | 8387 7001 | 0000 01e9 | 6600 0000 | 483b b778 | 0100 0075 | 0d48 8387 | 8001 0000 
  0x00007fabf5df5d68: 01e9 5000 | 0000 4881 | bf68 0100 | 0000 0000 | 0075 1748 | 89b7 6801 | 0000 48c7 | 8770 0100 
  0x00007fabf5df5d88: 0001 0000 | 00e9 2c00 | 0000 4881 | bf78 0100 | 0000 0000 | 0075 1748 | 89b7 7801 | 0000 48c7 
  0x00007fabf5df5da8: 8780 0100 | 0001 0000 | 00e9 0800 | 0000 4883 | 8758 0100 | 0001 488b | f10f 1f40 | 0048 b8ff 
  0x00007fabf5df5dc8: ffff ffff 

  0x00007fabf5df5dcc: ;   {virtual_call}
  0x00007fabf5df5dcc: ffff ffe8 

  0x00007fabf5df5dd0: ; ImmutableOopMap {[184]=Oop [168]=Oop [208]=Oop [176]=Oop [288]=Oop }
                      ;*invokevirtual getInputStream {reexecute=0 rethrow=0 return_oop=0}
                      ; - jdk.internal.loader.Resource::cachedInputStream@9 (line 77)
                      ; - jdk.internal.loader.Resource::getByteBuffer@1 (line 163)
                      ; - java.net.URLClassLoader::defineClass@132 (line 511)
  0x00007fabf5df5dd0: fcaa d906 | 410f be77 | 3883 fe00 | 488b 8c24 | b000 0000 | 0f85 ea0d | 0000 4c8b | d049 c1ea 
  0x00007fabf5df5df0: 0344 8951 | 0c48 8bf1 | 4833 f048 | c1ee 1548 | 83fe 000f | 85ea 0d00 | 008b 710c | 48c1 e603 
  0x00007fabf5df5e10: 488d 8424 | 1801 0000 | 488b 3848 | 85ff 0f84 | 0f00 0000 | 488b 5808 | f048 0fb1 | 3b0f 85d8 
  0x00007fabf5df5e30: 0d00 0048 | 83fe 0075 

  0x00007fabf5df5e38: ;   {metadata(method data for {method} {0x00007fab8f1a71f0} 'getByteBuffer' '()Ljava/nio/ByteBuffer;' in 'jdk/internal/loader/Resource')}
  0x00007fabf5df5e38: 1648 b8a0 | 0415 d4ab | 7f00 0080 | 8869 0100 | 0001 e9ee 

  0x00007fabf5df5e4c: ;   {metadata('sun/nio/ByteBuffered')}
  0x00007fabf5df5e4c: 0000 0048 | ba58 df12 | 8fab 7f00 | 008b 4608 | 49ba 0000 | 008f ab7f | 0000 4903 | c248 3b50 
  0x00007fabf5df5e6c: 200f 841b | 0000 0048 | 3bc2 0f84 | 1200 0000 

  0x00007fabf5df5e7c: ;   {runtime_call slow_subtype_check Runtime1 stub}
  0x00007fabf5df5e7c: 5052 e8fd | 5ad8 0658 | 5883 f800 | 0f84 9300 

  0x00007fabf5df5e8c: ;   {metadata(method data for {method} {0x00007fab8f1a71f0} 'getByteBuffer' '()Ljava/nio/ByteBuffer;' in 'jdk/internal/loader/Resource')}
  0x00007fabf5df5e8c: 0000 48b8 | a004 15d4 | ab7f 0000 | 8b56 0849 | ba00 0000 | 8fab 7f00 | 0049 03d2 | 483b 9080 
  0x00007fabf5df5eac: 0100 0075 | 0d48 8380 | 8801 0000 | 01e9 8400 | 0000 483b | 9090 0100 | 0075 0d48 | 8380 9801 
  0x00007fabf5df5ecc: 0000 01e9 | 6e00 0000 | 4881 b880 | 0100 0000 | 0000 0075 | 1748 8990 | 8001 0000 | 48c7 8088 
  0x00007fabf5df5eec: 0100 0001 | 0000 00e9 | 4a00 0000 | 4881 b890 | 0100 0000 | 0000 0075 | 1748 8990 | 9001 0000 
  0x00007fabf5df5f0c: 48c7 8098 | 0100 0001 | 0000 00e9 | 2600 0000 | e921 0000 

  0x00007fabf5df5f20: ;   {metadata(method data for {method} {0x00007fab8f1a71f0} 'getByteBuffer' '()Ljava/nio/ByteBuffer;' in 'jdk/internal/loader/Resource')}
  0x00007fabf5df5f20: 0048 b8a0 | 0415 d4ab | 7f00 0048 | 83a8 7001 | 0000 01e9 | 0500 0000 | e905 0000 | 0048 33ff 
  0x00007fabf5df5f40: eb0a 48bf | 0100 0000 | 0000 0000 

  0x00007fabf5df5f4c: ;   {metadata(method data for {method} {0x00007fab8f1a71f0} 'getByteBuffer' '()Ljava/nio/ByteBuffer;' in 'jdk/internal/loader/Resource')}
  0x00007fabf5df5f4c: 83ff 0048 | bfa0 0415 | d4ab 7f00 | 0048 c7c3 | a801 0000 | 0f84 0700 | 0000 48c7 | c3b8 0100 
  0x00007fabf5df5f6c: 0048 8b04 | 1f48 8d40 | 0148 8904 | 1f0f 84ba | 0100 0048 | 83fe 0075 

  0x00007fabf5df5f84: ;   {metadata(method data for {method} {0x00007fab8f1a71f0} 'getByteBuffer' '()Ljava/nio/ByteBuffer;' in 'jdk/internal/loader/Resource')}
  0x00007fabf5df5f84: 1648 bba0 | 0415 d4ab | 7f00 0080 | 8bc1 0100 | 0001 e9ee 

  0x00007fabf5df5f98: ;   {metadata('sun/nio/ByteBuffered')}
  0x00007fabf5df5f98: 0000 0048 | b858 df12 | 8fab 7f00 | 008b 5e08 | 49ba 0000 | 008f ab7f | 0000 4903 | da48 3b43 
  0x00007fabf5df5fb8: 200f 841b | 0000 0048 | 3bd8 0f84 | 1200 0000 

  0x00007fabf5df5fc8: ;   {runtime_call slow_subtype_check Runtime1 stub}
  0x00007fabf5df5fc8: 5350 e8b1 | 59d8 065b | 5b83 fb00 | 0f84 9300 

  0x00007fabf5df5fd8: ;   {metadata(method data for {method} {0x00007fab8f1a71f0} 'getByteBuffer' '()Ljava/nio/ByteBuffer;' in 'jdk/internal/loader/Resource')}
  0x00007fabf5df5fd8: 0000 48bb | a004 15d4 | ab7f 0000 | 8b46 0849 | ba00 0000 | 8fab 7f00 | 0049 03c2 | 483b 83d8 
  0x00007fabf5df5ff8: 0100 0075 | 0d48 8383 | e001 0000 | 01e9 7f00 | 0000 483b | 83e8 0100 | 0075 0d48 | 8383 f001 
  0x00007fabf5df6018: 0000 01e9 | 6900 0000 | 4881 bbd8 | 0100 0000 | 0000 0075 | 1748 8983 | d801 0000 | 48c7 83e0 
  0x00007fabf5df6038: 0100 0001 | 0000 00e9 | 4500 0000 | 4881 bbe8 | 0100 0000 | 0000 0075 | 1748 8983 | e801 0000 
  0x00007fabf5df6058: 48c7 83f0 | 0100 0001 | 0000 00e9 | 2100 0000 | e91c 0000 

  0x00007fabf5df606c: ;   {metadata(method data for {method} {0x00007fab8f1a71f0} 'getByteBuffer' '()Ljava/nio/ByteBuffer;' in 'jdk/internal/loader/Resource')}
  0x00007fabf5df606c: 0048 bba0 | 0415 d4ab | 7f00 0048 | 83ab c801 | 0000 01e9 | 9d0b 0000 | e900 0000 | 0048 3b06 
  0x00007fabf5df608c: ;   {metadata(method data for {method} {0x00007fab8f1a71f0} 'getByteBuffer' '()Ljava/nio/ByteBuffer;' in 'jdk/internal/loader/Resource')}
  0x00007fabf5df608c: 488b fe48 | bba0 0415 | d4ab 7f00 | 008b 7f08 | 49ba 0000 | 008f ab7f | 0000 4903 | fa48 3bbb 
  0x00007fabf5df60ac: 1002 0000 | 750d 4883 | 8318 0200 | 0001 e966 | 0000 0048 | 3bbb 2002 | 0000 750d | 4883 8328 
  0x00007fabf5df60cc: 0200 0001 | e950 0000 | 0048 81bb | 1002 0000 | 0000 0000 | 7517 4889 | bb10 0200 | 0048 c783 
  0x00007fabf5df60ec: 1802 0000 | 0100 0000 | e92c 0000 | 0048 81bb | 2002 0000 | 0000 0000 | 7517 4889 | bb20 0200 
  0x00007fabf5df610c: 0048 c783 | 2802 0000 | 0100 0000 | e908 0000 | 0048 8383 | 0002 0000 | 0148 b8ff | ffff ffff 
  0x00007fabf5df612c: ;   {virtual_call}
  0x00007fabf5df612c: ffff ffe8 

  0x00007fabf5df6130: ; ImmutableOopMap {[184]=Oop [168]=Oop [208]=Oop [176]=Oop }
                      ;*invokeinterface getByteBuffer {reexecute=0 rethrow=0 return_oop=0}
                      ; - jdk.internal.loader.Resource::getByteBuffer@16 (line 165)
                      ; - java.net.URLClassLoader::defineClass@132 (line 511)
  0x00007fabf5df6130: 4c0a ce06 | e90a 0000 

  0x00007fabf5df6138: ;   {oop(NULL)}
  0x00007fabf5df6138: 0048 b800 | 0000 0000 | 0000 0048 

  0x00007fabf5df6144: ;   {metadata(method data for {method} {0x00007fabd4051140} 'defineClass' '(Ljava/lang/String;Ljdk/internal/loader/Resource;)Ljava/lang/Class;' in 'java/net/URLClassLoader')}
  0x00007fabf5df6144: 83f8 0048 | bae0 6b14 | d4ab 7f00 | 0048 c7c6 | b804 0000 | 0f84 0700 | 0000 48c7 | c6c8 0400 
  0x00007fabf5df6164: 0048 8b3c | 3248 8d7f | 0148 893c | 320f 84db | 0500 00e9 | b503 0000 | 0f1f 4000 

  0x00007fabf5df6180: ;   {no_reloc}
  0x00007fabf5df6180: e9b9 0a00 | 0000 0000 | 0000 80ba | 3b01 0000 | 040f 85b6 | 0a00 0049 | 8b87 0801 | 0000 488d 
  0x00007fabf5df61a0: 7828 493b | bf18 0100 | 000f 879e | 0a00 0049 | 89bf 0801 | 0000 48c7 | 0001 0000 | 0048 8bca 
  0x00007fabf5df61c0: 49ba 0000 | 008f ab7f | 0000 492b | ca89 4808 | 4833 c989 | 480c 4833 | c948 8948 | 1048 8948 
  0x00007fabf5df61e0: 1848 8948 | 2048 8984 | 24f0 0000 | 0066 6690 

  0x00007fabf5df61f0: ;   {no_reloc}
  0x00007fabf5df61f0: e974 0a00 | 0000 0000 | 0000 498b | 8708 0100 | 0048 8d78 | 1849 3bbf | 1801 0000 | 0f87 610a 
  0x00007fabf5df6210: 0000 4989 | bf08 0100 | 0048 c700 | 0100 0000 | 488b ca49 | ba00 0000 | 8fab 7f00 | 0049 2bca 
  0x00007fabf5df6230: 8948 0848 | 33c9 8948 | 0c48 33c9 | 4889 4810 

  0x00007fabf5df6240: ;   {metadata(method data for {method} {0x00007fabd4051140} 'defineClass' '(Ljava/lang/String;Ljdk/internal/loader/Resource;)Ljava/lang/Class;' in 'java/net/URLClassLoader')}
  0x00007fabf5df6240: 488b d048 | bee0 6b14 | d4ab 7f00 | 0048 8386 | b803 0000 

  0x00007fabf5df6254: ;   {metadata(method data for {method} {0x00007fab8f423190} '<init>' '()V' in 'java/lang/StringBuilder')}
  0x00007fabf5df6254: 0148 ba10 | 6704 d4ab | 7f00 008b | b2f4 0000 | 0083 c602 | 89b2 f400 | 0000 81e6 | feff 1f00 
  0x00007fabf5df6274: 83fe 000f | 8403 0a00 | 0048 8bd0 

  0x00007fabf5df6280: ;   {metadata(method data for {method} {0x00007fab8f423190} '<init>' '()V' in 'java/lang/StringBuilder')}
  0x00007fabf5df6280: 48be 1067 | 04d4 ab7f | 0000 4883 | 8638 0100 | 0001 ba10 | 0000 0048 | 8bf0 4889 | 8424 e800 
  0x00007fabf5df62a0: 0000 0f1f 

  0x00007fabf5df62a4: ;   {optimized virtual_call}
  0x00007fabf5df62a4: 4400 00e8 

  0x00007fabf5df62a8: ; ImmutableOopMap {[232]=Oop [240]=Oop [216]=Oop }
                      ;*invokespecial <init> {reexecute=0 rethrow=0 return_oop=0}
                      ; - java.lang.StringBuilder::<init>@3 (line 106)
                      ; - java.net.URLClassLoader::defineClass@111 (line 504)
  0x00007fabf5df62a8: d403 ce06 | 488b 8424 | e800 0000 

  0x00007fabf5df62b4: ;   {metadata(method data for {method} {0x00007fabd4051140} 'defineClass' '(Ljava/lang/String;Ljdk/internal/loader/Resource;)Ljava/lang/Class;' in 'java/net/URLClassLoader')}
  0x00007fabf5df62b4: 48ba e06b | 14d4 ab7f | 0000 4883 | 82c8 0300 

  0x00007fabf5df62c4: ;   {metadata(method data for {method} {0x00007fab8f4238c8} 'append' '(Ljava/lang/String;)Ljava/lang/StringBuilder;' in 'java/lang/StringBuilder')}
  0x00007fabf5df62c4: 0001 48ba | 206e 04d4 | ab7f 0000 | 8bb2 f400 | 0000 83c6 | 0289 b2f4 | 0000 0081 | e6fe ff1f 
  0x00007fabf5df62e4: 0083 fe00 | 0f84 b309 | 0000 488b | 8424 e800 

  0x00007fabf5df62f4: ;   {metadata(method data for {method} {0x00007fab8f4238c8} 'append' '(Ljava/lang/String;)Ljava/lang/StringBuilder;' in 'java/lang/StringBuilder')}
  0x00007fabf5df62f4: 0000 48ba | 206e 04d4 | ab7f 0000 | 4883 8238 | 0100 0001 

  0x00007fabf5df6308: ;   {oop("Cannot find package "{0x0000000700a5f960})}
  0x00007fabf5df6308: 48ba 60f9 | a500 0700 | 0000 488b | b424 e800 | 0000 0f1f 

  0x00007fabf5df631c: ;   {optimized virtual_call}
  0x00007fabf5df631c: 4400 00e8 

  0x00007fabf5df6320: ; ImmutableOopMap {[232]=Oop [240]=Oop [216]=Oop }
                      ;*invokespecial append {reexecute=0 rethrow=0 return_oop=0}
                      ; - java.lang.StringBuilder::append@2 (line 179)
                      ; - java.net.URLClassLoader::defineClass@116 (line 504)
  0x00007fabf5df6320: 5c03 ce06 | 488b 8424 | e800 0000 

  0x00007fabf5df632c: ;   {metadata(method data for {method} {0x00007fabd4051140} 'defineClass' '(Ljava/lang/String;Ljdk/internal/loader/Resource;)Ljava/lang/Class;' in 'java/net/URLClassLoader')}
  0x00007fabf5df632c: 48ba e06b | 14d4 ab7f | 0000 4883 | 8200 0400 

  0x00007fabf5df633c: ;   {metadata(method data for {method} {0x00007fab8f4238c8} 'append' '(Ljava/lang/String;)Ljava/lang/StringBuilder;' in 'java/lang/StringBuilder')}
  0x00007fabf5df633c: 0001 48ba | 206e 04d4 | ab7f 0000 | 8bb2 f400 | 0000 83c6 | 0289 b2f4 | 0000 0081 | e6fe ff1f 
  0x00007fabf5df635c: 0083 fe00 | 0f84 5c09 | 0000 488b | 8424 e800 

  0x00007fabf5df636c: ;   {metadata(method data for {method} {0x00007fab8f4238c8} 'append' '(Ljava/lang/String;)Ljava/lang/StringBuilder;' in 'java/lang/StringBuilder')}
  0x00007fabf5df636c: 0000 48ba | 206e 04d4 | ab7f 0000 | 4883 8238 | 0100 0001 | 488b 9424 | d800 0000 | 488b b424 
  0x00007fabf5df638c: e800 0000 | 0f1f 8000 

  0x00007fabf5df6394: ;   {optimized virtual_call}
  0x00007fabf5df6394: 0000 00e8 

  0x00007fabf5df6398: ; ImmutableOopMap {[232]=Oop [240]=Oop }
                      ;*invokespecial append {reexecute=0 rethrow=0 return_oop=0}
                      ; - java.lang.StringBuilder::append@2 (line 179)
                      ; - java.net.URLClassLoader::defineClass@121 (line 504)
  0x00007fabf5df6398: e402 ce06 | 488b 8424 | e800 0000 

  0x00007fabf5df63a4: ;   {metadata(method data for {method} {0x00007fabd4051140} 'defineClass' '(Ljava/lang/String;Ljdk/internal/loader/Resource;)Ljava/lang/Class;' in 'java/net/URLClassLoader')}
  0x00007fabf5df63a4: 48be e06b | 14d4 ab7f | 0000 4883 | 8638 0400 

  0x00007fabf5df63b4: ;   {metadata(method data for {method} {0x00007fab8f4231e8} 'toString' '()Ljava/lang/String;' in 'java/lang/StringBuilder')}
  0x00007fabf5df63b4: 0001 48be | 1872 04d4 | ab7f 0000 | 8b96 f400 | 0000 83c2 | 0289 96f4 | 0000 0081 | e2fe ff1f 
  0x00007fabf5df63d4: 0083 fa00 | 0f84 0509 | 0000 488b | 8424 e800 

  0x00007fabf5df63e4: ;   {metadata(method data for {method} {0x00007fab8f4231e8} 'toString' '()Ljava/lang/String;' in 'java/lang/StringBuilder')}
  0x00007fabf5df63e4: 0000 48be | 1872 04d4 | ab7f 0000 | 4883 8638 | 0100 0001 

  0x00007fabf5df63f8: ;   {metadata(method data for {method} {0x00007fab8f05f518} 'isLatin1' '()Z' in 'java/lang/AbstractStringBuilder')}
  0x00007fabf5df63f8: 48be 2074 | 04d4 ab7f | 0000 8b96 | f400 0000 | 83c2 0289 | 96f4 0000 | 0081 e2fe | ff1f 0083 
  0x00007fabf5df6418: fa00 0f84 | e408 0000 

  0x00007fabf5df6420: ;   {metadata(method data for {method} {0x00007fab8f05f518} 'isLatin1' '()Z' in 'java/lang/AbstractStringBuilder')}
  0x00007fabf5df6420: 48be 2074 | 04d4 ab7f | 0000 ff86 | 4801 0000 | 488b 8424 | e800 0000 | 0fbe 7010 

  0x00007fabf5df643c: ;   {metadata(method data for {method} {0x00007fab8f05f518} 'isLatin1' '()Z' in 'java/lang/AbstractStringBuilder')}
  0x00007fabf5df643c: 83fe 0048 | be20 7404 | d4ab 7f00 | 0048 c7c2 | 5801 0000 | 0f85 0700 | 0000 48c7 | c268 0100 
  0x00007fabf5df645c: 0048 8b0c | 1648 8d49 | 0148 890c | 160f 851a 

  0x00007fabf5df646c: ;   {metadata(method data for {method} {0x00007fab8f05f518} 'isLatin1' '()Z' in 'java/lang/AbstractStringBuilder')}
  0x00007fabf5df646c: 0000 0048 | be20 7404 | d4ab 7f00 | 00ff 8678 | 0100 00be | 0100 0000 | e905 0000 | 00be 0000 
  0x00007fabf5df648c: 0000 83e6 | 0183 fe00 

  0x00007fabf5df6494: ;   {metadata(method data for {method} {0x00007fab8f4231e8} 'toString' '()Ljava/lang/String;' in 'java/lang/StringBuilder')}
  0x00007fabf5df6494: 48be 1872 | 04d4 ab7f | 0000 48c7 | c270 0100 | 000f 8407 | 0000 0048 | c7c2 8001 | 0000 488b 
  0x00007fabf5df64b4: 0c16 488d | 4901 4889 | 0c16 0f84 | 3d00 0000 | 8b70 1448 | c1e6 038b 

  0x00007fabf5df64cc: ;   {metadata(method data for {method} {0x00007fab8f4231e8} 'toString' '()Ljava/lang/String;' in 'java/lang/StringBuilder')}
  0x00007fabf5df64cc: 480c 48ba | 1872 04d4 | ab7f 0000 | 4883 8290 | 0100 0001 | ba00 0000 

  0x00007fabf5df64e4: ;   {static_call}
  0x00007fabf5df64e4: 0066 90e8 

  0x00007fabf5df64e8: ; ImmutableOopMap {[240]=Oop }
                      ;*invokestatic newString {reexecute=0 rethrow=0 return_oop=0}
                      ; - java.lang.StringBuilder::toString@16 (line 453)
                      ; - java.net.URLClassLoader::defineClass@124 (line 504)
  0x00007fabf5df64e8: 940b ce06 

  0x00007fabf5df64ec: ;   {metadata(method data for {method} {0x00007fab8f4231e8} 'toString' '()Ljava/lang/String;' in 'java/lang/StringBuilder')}
  0x00007fabf5df64ec: 48be 1872 | 04d4 ab7f | 0000 ff86 | a001 0000 | e929 0500 | 008b 7014 | 48c1 e603 

  0x00007fabf5df6508: ;   {metadata(method data for {method} {0x00007fab8f4231e8} 'toString' '()Ljava/lang/String;' in 'java/lang/StringBuilder')}
  0x00007fabf5df6508: 8b48 0c48 | ba18 7204 | d4ab 7f00 | 0048 8382 | b801 0000 | 01ba 0000 | 0000 0f1f 

  0x00007fabf5df6524: ;   {static_call}
  0x00007fabf5df6524: 4400 00e8 

  0x00007fabf5df6528: ; ImmutableOopMap {[240]=Oop }
                      ;*invokestatic newString {reexecute=0 rethrow=0 return_oop=0}
                      ; - java.lang.StringBuilder::toString@31 (line 454)
                      ; - java.net.URLClassLoader::defineClass@124 (line 504)
  0x00007fabf5df6528: 540b ce06 | e9f9 0400 | 0048 8984 | 24f8 0000 | 0048 8b8c | 24b0 0000 

  0x00007fabf5df6540: ;   {metadata(method data for {method} {0x00007fabd4051140} 'defineClass' '(Ljava/lang/String;Ljdk/internal/loader/Resource;)Ljava/lang/Class;' in 'java/net/URLClassLoader')}
  0x00007fabf5df6540: 0048 bee0 | 6b14 d4ab | 7f00 008b | 4908 49ba | 0000 008f | ab7f 0000 | 4903 ca48 | 3b8e e804 
  0x00007fabf5df6560: 0000 750d | 4883 86f0 | 0400 0001 | e966 0000 | 0048 3b8e | f804 0000 | 750d 4883 | 8600 0500 
  0x00007fabf5df6580: 0001 e950 | 0000 0048 | 81be e804 | 0000 0000 | 0000 7517 | 4889 8ee8 | 0400 0048 | c786 f004 
  0x00007fabf5df65a0: 0000 0100 | 0000 e92c | 0000 0048 | 81be f804 | 0000 0000 | 0000 7517 | 4889 8ef8 | 0400 0048 
  0x00007fabf5df65c0: c786 0005 | 0000 0100 | 0000 e908 | 0000 0048 | 8386 d804 | 0000 0148 | 8bb4 24b0 | 0000 0066 
  0x00007fabf5df65e0: 0f1f 4400 | 0048 b8ff | ffff ffff 

  0x00007fabf5df65ec: ;   {virtual_call}
  0x00007fabf5df65ec: ffff ffe8 

  0x00007fabf5df65f0: ; ImmutableOopMap {[184]=Oop [168]=Oop [208]=Oop [248]=Oop }
                      ;*invokevirtual getCodeSigners {reexecute=0 rethrow=0 return_oop=0}
                      ; - java.net.URLClassLoader::defineClass@143 (line 514)
  0x00007fabf5df65f0: 8c05 ce06 

  0x00007fabf5df65f4: ;   {metadata('java/security/CodeSource')}
  0x00007fabf5df65f4: 488b d848 | baf0 f000 | 8fab 7f00 | 0049 8b87 | 0801 0000 | 488d 7828 | 493b bf18 | 0100 000f 
  0x00007fabf5df6614: 870c 0700 | 0049 89bf | 0801 0000 | 48c7 0001 | 0000 0048 | 8bca 49ba | 0000 008f | ab7f 0000 
  0x00007fabf5df6634: 492b ca89 | 4808 4833 | c989 480c | 4833 c948 | 8948 1048 | 8948 1848 | 8948 2048 

  0x00007fabf5df6650: ;   {metadata(method data for {method} {0x00007fabd4051140} 'defineClass' '(Ljava/lang/String;Ljdk/internal/loader/Resource;)Ljava/lang/Class;' in 'java/net/URLClassLoader')}
  0x00007fabf5df6650: 8bd0 48b9 | e06b 14d4 | ab7f 0000 | 4883 8110 | 0500 0001 | 488b 9424 | d000 0000 | 488b cb48 
  0x00007fabf5df6670: 8bf0 4889 | 8424 0001 | 0000 0f1f 

  0x00007fabf5df667c: ;   {optimized virtual_call}
  0x00007fabf5df667c: 4400 00e8 

  0x00007fabf5df6680: ; ImmutableOopMap {[184]=Oop [168]=Oop [248]=Oop [256]=Oop }
                      ;*invokespecial <init> {reexecute=0 rethrow=0 return_oop=0}
                      ; - java.net.URLClassLoader::defineClass@156 (line 515)
  0x00007fabf5df6680: fcff cd06 

  0x00007fabf5df6684: ;   {metadata(method data for {method} {0x00007fabd4051140} 'defineClass' '(Ljava/lang/String;Ljdk/internal/loader/Resource;)Ljava/lang/Class;' in 'java/net/URLClassLoader')}
  0x00007fabf5df6684: 48ba e06b | 14d4 ab7f | 0000 4883 | 8220 0500 

  0x00007fabf5df6694: ;   {metadata(method data for {method} {0x00007fab8f12b6c8} 'getReadClassBytesTime' '()Ljdk/internal/perf/PerfCounter;' in 'jdk/internal/perf/PerfCounter')}
  0x00007fabf5df6694: 0001 48ba | 200f 18d4 | ab7f 0000 | 8bb2 f400 | 0000 83c6 | 0289 b2f4 | 0000 0081 | e6fe ff1f 
  0x00007fabf5df66b4: 0083 fe00 | 0f84 7406 

  0x00007fabf5df66bc: ;   {oop(a 'jdk/internal/perf/PerfCounter'{0x000000070074ae00})}
  0x00007fabf5df66bc: 0000 48be | 00ae 7400 | 0700 0000 

  0x00007fabf5df66c8: ;   {metadata(method data for {method} {0x00007fabd4051140} 'defineClass' '(Ljava/lang/String;Ljdk/internal/loader/Resource;)Ljava/lang/Class;' in 'java/net/URLClassLoader')}
  0x00007fabf5df66c8: 488b d648 | bfe0 6b14 | d4ab 7f00 

  0x00007fabf5df66d4: ;   {metadata('jdk/internal/perf/PerfCounter')}
  0x00007fabf5df66d4: 0049 baf0 | 9012 8fab | 7f00 004c | 8997 4005 | 0000 4883 | 8748 0500 | 0001 488b | 9424 c000 
  0x00007fabf5df66f4: ;   {optimized virtual_call}
  0x00007fabf5df66f4: 0000 90e8 

  0x00007fabf5df66f8: ; ImmutableOopMap {[184]=Oop [168]=Oop [248]=Oop [256]=Oop }
                      ;*invokevirtual addElapsedTimeFrom {reexecute=0 rethrow=0 return_oop=0}
                      ; - java.net.URLClassLoader::defineClass@165 (line 516)
  0x00007fabf5df66f8: 84ff cd06 | 488b b424 | b800 0000 

  0x00007fabf5df6704: ;   {metadata(method data for {method} {0x00007fabd4051140} 'defineClass' '(Ljava/lang/String;Ljdk/internal/loader/Resource;)Ljava/lang/Class;' in 'java/net/URLClassLoader')}
  0x00007fabf5df6704: 48ba e06b | 14d4 ab7f | 0000 4883 | 8268 0500 | 0001 488b | 9424 a800 | 0000 488b | 8c24 f800 
  0x00007fabf5df6724: 0000 4c8b | 8424 0001 | 0000 488b | b424 b800 

  0x00007fabf5df6734: ;   {optimized virtual_call}
  0x00007fabf5df6734: 0000 90e8 

  0x00007fabf5df6738: ; ImmutableOopMap {}
                      ;*invokevirtual defineClass {reexecute=0 rethrow=0 return_oop=0}
                      ; - java.net.URLClassLoader::defineClass@174 (line 517)
  0x00007fabf5df6738: 44ff cd06 | 4881 c430 | 0100 005d 

  0x00007fabf5df6744: ;   {poll_return}
  0x00007fabf5df6744: 493b a740 | 0300 000f | 8702 0600 | 00c3 488b | 8c24 b000 | 0000 488b 

  0x00007fabf5df675c: ;   {metadata(method data for {method} {0x00007fabd4051140} 'defineClass' '(Ljava/lang/String;Ljdk/internal/loader/Resource;)Ljava/lang/Class;' in 'java/net/URLClassLoader')}
  0x00007fabf5df675c: d949 b8e0 | 6b14 d4ab | 7f00 008b | 5b08 49ba | 0000 008f | ab7f 0000 | 4903 da49 | 3b98 b005 
  0x00007fabf5df677c: 0000 750d | 4983 80b8 | 0500 0001 | e966 0000 | 0049 3b98 | c005 0000 | 750d 4983 | 80c8 0500 
  0x00007fabf5df679c: 0001 e950 | 0000 0049 | 81b8 b005 | 0000 0000 | 0000 7517 | 4989 98b0 | 0500 0049 | c780 b805 
  0x00007fabf5df67bc: 0000 0100 | 0000 e92c | 0000 0049 | 81b8 c005 | 0000 0000 | 0000 7517 | 4989 98c0 | 0500 0049 
  0x00007fabf5df67dc: c780 c805 | 0000 0100 | 0000 e908 | 0000 0049 | 8380 a005 | 0000 0148 | 8bf1 0f1f | 8000 0000 
  0x00007fabf5df67fc: 0048 b8ff | ffff ffff 

  0x00007fabf5df6804: ;   {virtual_call}
  0x00007fabf5df6804: ffff ffe8 

  0x00007fabf5df6808: ; ImmutableOopMap {[184]=Oop [168]=Oop [208]=Oop [176]=Oop }
                      ;*invokevirtual getBytes {reexecute=0 rethrow=0 return_oop=0}
                      ; - java.net.URLClassLoader::defineClass@179 (line 519)
  0x00007fabf5df6808: 7ca3 d906 | 488b 8c24 | b000 0000 

  0x00007fabf5df6814: ;   {metadata(method data for {method} {0x00007fabd4051140} 'defineClass' '(Ljava/lang/String;Ljdk/internal/loader/Resource;)Ljava/lang/Class;' in 'java/net/URLClassLoader')}
  0x00007fabf5df6814: 48be e06b | 14d4 ab7f | 0000 8b49 | 0849 ba00 | 0000 8fab | 7f00 0049 | 03ca 483b | 8ee8 0500 
  0x00007fabf5df6834: 0075 0d48 | 8386 f005 | 0000 01e9 | 6600 0000 | 483b 8ef8 | 0500 0075 | 0d48 8386 | 0006 0000 
  0x00007fabf5df6854: 01e9 5000 | 0000 4881 | bee8 0500 | 0000 0000 | 0075 1748 | 898e e805 | 0000 48c7 | 86f0 0500 
  0x00007fabf5df6874: 0001 0000 | 00e9 2c00 | 0000 4881 | bef8 0500 | 0000 0000 | 0075 1748 | 898e f805 | 0000 48c7 
  0x00007fabf5df6894: 8600 0600 | 0001 0000 | 00e9 0800 | 0000 4883 | 86d8 0500 | 0001 488b | b424 b000 | 0000 4889 
  0x00007fabf5df68b4: 8424 0801 | 0000 6666 | 9048 b8ff | ffff ffff 

  0x00007fabf5df68c4: ;   {virtual_call}
  0x00007fabf5df68c4: ffff ffe8 

  0x00007fabf5df68c8: ; ImmutableOopMap {[184]=Oop [168]=Oop [208]=Oop [264]=Oop }
                      ;*invokevirtual getCodeSigners {reexecute=0 rethrow=0 return_oop=0}
                      ; - java.net.URLClassLoader::defineClass@185 (line 521)
  0x00007fabf5df68c8: c4a4 d906 

  0x00007fabf5df68cc: ;   {metadata('java/security/CodeSource')}
  0x00007fabf5df68cc: 488b d848 | baf0 f000 | 8fab 7f00 | 0049 8b87 | 0801 0000 | 488d 7828 | 493b bf18 | 0100 000f 
  0x00007fabf5df68ec: 8778 0400 | 0049 89bf | 0801 0000 | 48c7 0001 | 0000 0048 | 8bca 49ba | 0000 008f | ab7f 0000 
  0x00007fabf5df690c: 492b ca89 | 4808 4833 | c989 480c | 4833 c948 | 8948 1048 | 8948 1848 | 8948 2048 

  0x00007fabf5df6928: ;   {metadata(method data for {method} {0x00007fabd4051140} 'defineClass' '(Ljava/lang/String;Ljdk/internal/loader/Resource;)Ljava/lang/Class;' in 'java/net/URLClassLoader')}
  0x00007fabf5df6928: 8bd0 48b9 | e06b 14d4 | ab7f 0000 | 4883 8110 | 0600 0001 | 488b 9424 | d000 0000 | 488b cb48 
  0x00007fabf5df6948: 8bf0 4889 | 8424 1001 | 0000 0f1f 

  0x00007fabf5df6954: ;   {optimized virtual_call}
  0x00007fabf5df6954: 4400 00e8 

  0x00007fabf5df6958: ; ImmutableOopMap {[184]=Oop [168]=Oop [264]=Oop [272]=Oop }
                      ;*invokespecial <init> {reexecute=0 rethrow=0 return_oop=0}
                      ; - java.net.URLClassLoader::defineClass@198 (line 522)
  0x00007fabf5df6958: 44fe 8cff 

  0x00007fabf5df695c: ;   {metadata(method data for {method} {0x00007fabd4051140} 'defineClass' '(Ljava/lang/String;Ljdk/internal/loader/Resource;)Ljava/lang/Class;' in 'java/net/URLClassLoader')}
  0x00007fabf5df695c: 48ba e06b | 14d4 ab7f | 0000 4883 | 8220 0600 

  0x00007fabf5df696c: ;   {metadata(method data for {method} {0x00007fab8f12b6c8} 'getReadClassBytesTime' '()Ljdk/internal/perf/PerfCounter;' in 'jdk/internal/perf/PerfCounter')}
  0x00007fabf5df696c: 0001 48ba | 200f 18d4 | ab7f 0000 | 8bb2 f400 | 0000 83c6 | 0289 b2f4 | 0000 0081 | e6fe ff1f 
  0x00007fabf5df698c: 0083 fe00 | 0f84 e003 

  0x00007fabf5df6994: ;   {oop(a 'jdk/internal/perf/PerfCounter'{0x000000070074ae00})}
  0x00007fabf5df6994: 0000 48be | 00ae 7400 | 0700 0000 

  0x00007fabf5df69a0: ;   {metadata(method data for {method} {0x00007fabd4051140} 'defineClass' '(Ljava/lang/String;Ljdk/internal/loader/Resource;)Ljava/lang/Class;' in 'java/net/URLClassLoader')}
  0x00007fabf5df69a0: 488b d648 | bfe0 6b14 | d4ab 7f00 | 0048 8387 | 4806 0000 | 0148 8b94 | 24c0 0000 

  0x00007fabf5df69bc: ;   {optimized virtual_call}
  0x00007fabf5df69bc: 0066 90e8 

  0x00007fabf5df69c0: ; ImmutableOopMap {[184]=Oop [168]=Oop [264]=Oop [272]=Oop }
                      ;*invokevirtual addElapsedTimeFrom {reexecute=0 rethrow=0 return_oop=0}
                      ; - java.net.URLClassLoader::defineClass@207 (line 523)
  0x00007fabf5df69c0: 7c50 3007 | 488b 8424 | 0801 0000 

  0x00007fabf5df69cc: ; implicit exception: dispatches to 0x00007fabf5df6d97
  0x00007fabf5df69cc: 448b 480c | 488b b424 | b800 0000 

  0x00007fabf5df69d8: ;   {metadata(method data for {method} {0x00007fabd4051140} 'defineClass' '(Ljava/lang/String;Ljdk/internal/loader/Resource;)Ljava/lang/Class;' in 'java/net/URLClassLoader')}
  0x00007fabf5df69d8: 48ba e06b | 14d4 ab7f | 0000 4883 | 8268 0600 | 0001 488b | 9424 a800 | 0000 488b | c841 b800 
  0x00007fabf5df69f8: 0000 0048 | 8bbc 2410 | 0100 0048 | 8bb4 24b8 | 0000 000f 

  0x00007fabf5df6a0c: ;   {optimized virtual_call}
  0x00007fabf5df6a0c: 1f40 00e8 

  0x00007fabf5df6a10: ; ImmutableOopMap {}
                      ;*invokevirtual defineClass {reexecute=0 rethrow=0 return_oop=0}
                      ; - java.net.URLClassLoader::defineClass@220 (line 524)
  0x00007fabf5df6a10: cc2e 8f07 | 4881 c430 | 0100 005d 

  0x00007fabf5df6a1c: ;   {poll_return}
  0x00007fabf5df6a1c: 493b a740 | 0300 000f | 8773 0300 | 00c3 488b | bc24 f000 | 0000 488b 

  0x00007fabf5df6a34: ;   {metadata(method data for {method} {0x00007fabd4051140} 'defineClass' '(Ljava/lang/String;Ljdk/internal/loader/Resource;)Ljava/lang/Class;' in 'java/net/URLClassLoader')}
  0x00007fabf5df6a34: d748 bee0 | 6b14 d4ab | 7f00 0048 | 8386 7004 | 0000 0148 | 8bd0 488b 

  0x00007fabf5df6a4c: ;   {optimized virtual_call}
  0x00007fabf5df6a4c: f766 90e8 

  0x00007fabf5df6a50: ; ImmutableOopMap {[240]=Oop }
                      ;*invokespecial <init> {reexecute=0 rethrow=0 return_oop=0}
                      ; - java.net.URLClassLoader::defineClass@127 (line 504)
  0x00007fabf5df6a50: 2cfc cd06 | 488b 8424 | f000 0000 | e986 0300 | 0049 8b87 | d003 0000 | 4d33 d24d | 8997 d003 
  0x00007fabf5df6a70: 0000 4d33 | d24d 8997 | d803 0000 | 488b f048 | 8d84 2418 | 0100 0048 | 8b38 4885 | ff0f 840f 
  0x00007fabf5df6a90: 0000 0048 | 8b58 08f0 | 480f b13b | 0f85 1003 | 0000 488b | c6e9 3d03 

  0x00007fabf5df6aa8: ;   {metadata({method} {0x00007fabd4051140} 'defineClass' '(Ljava/lang/String;Ljdk/internal/loader/Resource;)Ljava/lang/Class;' in 'java/net/URLClassLoader')}
  0x00007fabf5df6aa8: 0000 49ba | 4011 05d4 | ab7f 0000 | 4c89 5424 | 0848 c704 | 24ff ffff 

  0x00007fabf5df6ac0: ;   {runtime_call counter_overflow Runtime1 stub}
  0x00007fabf5df6ac0: ffe8 3a7f 

  0x00007fabf5df6ac4: ; ImmutableOopMap {rsi=Oop [184]=Oop rdx=Oop [168]=Oop rcx=Oop [176]=Oop }
                      ;*synchronization entry
                      ; - java.net.URLClassLoader::defineClass@-1 (line 485)
  0x00007fabf5df6ac4: d806 e944 

  0x00007fabf5df6ac8: ;   {runtime_call throw_null_pointer_exception Runtime1 stub}
  0x00007fabf5df6ac8: e9ff ffe8 

  0x00007fabf5df6acc: ; ImmutableOopMap {[184]=Oop [176]=Oop rdx=Oop [168]=Oop }
                      ;*invokevirtual lastIndexOf {reexecute=0 rethrow=0 return_oop=0}
                      ; - java.net.URLClassLoader::defineClass@7 (line 486)
  0x00007fabf5df6acc: d020 d806 

  0x00007fabf5df6ad0: ;   {metadata({method} {0x00007fab8f42d630} 'lastIndexOf' '(I)I' in 'java/lang/String')}
  0x00007fabf5df6ad0: 49ba 30d6 | 428f ab7f | 0000 4c89 | 5424 0848 | c704 24ff 

  0x00007fabf5df6ae4: ;   {runtime_call counter_overflow Runtime1 stub}
  0x00007fabf5df6ae4: ffff ffe8 

  0x00007fabf5df6ae8: ; ImmutableOopMap {[184]=Oop [176]=Oop rdx=Oop [168]=Oop }
                      ;*synchronization entry
                      ; - java.lang.String::lastIndexOf@-1 (line 2451)
                      ; - java.net.URLClassLoader::defineClass@7 (line 486)
  0x00007fabf5df6ae8: 147f d806 | e985 e9ff 

  0x00007fabf5df6af0: ;   {metadata({method} {0x00007fab8f42b390} 'length' '()I' in 'java/lang/String')}
  0x00007fabf5df6af0: ff49 ba90 | b342 8fab | 7f00 004c | 8954 2408 | 48c7 0424 | ffff ffff 

  0x00007fabf5df6b08: ;   {runtime_call counter_overflow Runtime1 stub}
  0x00007fabf5df6b08: e8f3 7ed8 

  0x00007fabf5df6b0c: ; ImmutableOopMap {[184]=Oop [176]=Oop rdx=Oop [168]=Oop }
                      ;*synchronization entry
                      ; - java.lang.String::length@-1 (line 1481)
                      ; - java.lang.String::lastIndexOf@3 (line 2451)
                      ; - java.net.URLClassLoader::defineClass@7 (line 486)
  0x00007fabf5df6b0c: 06e9 a1e9 

  0x00007fabf5df6b10: ;   {runtime_call throw_null_pointer_exception Runtime1 stub}
  0x00007fabf5df6b10: ffff e889 

  0x00007fabf5df6b14: ; ImmutableOopMap {[184]=Oop [176]=Oop rdx=Oop [168]=Oop rsi=Oop }
                      ;*arraylength {reexecute=0 rethrow=0 return_oop=0}
                      ; - java.lang.String::length@4 (line 1481)
                      ; - java.lang.String::lastIndexOf@3 (line 2451)
                      ; - java.net.URLClassLoader::defineClass@7 (line 486)
                      ;   {metadata({method} {0x00007fab8f42c298} 'coder' '()B' in 'java/lang/String')}
  0x00007fabf5df6b14: 20d8 0649 | ba98 c242 | 8fab 7f00 | 004c 8954 | 2408 48c7 | 0424 ffff 

  0x00007fabf5df6b2c: ;   {runtime_call counter_overflow Runtime1 stub}
  0x00007fabf5df6b2c: ffff e8cd 

  0x00007fabf5df6b30: ; ImmutableOopMap {[184]=Oop [176]=Oop rdx=Oop [168]=Oop rsi=Oop }
                      ;*synchronization entry
                      ; - java.lang.String::coder@-1 (line 4545)
                      ; - java.lang.String::length@6 (line 1481)
                      ; - java.lang.String::lastIndexOf@3 (line 2451)
                      ; - java.net.URLClassLoader::defineClass@7 (line 486)
  0x00007fabf5df6b30: 7ed8 06e9 | c2e9 ffff 

  0x00007fabf5df6b38: ;   {metadata({method} {0x00007fab8f42d5d8} 'lastIndexOf' '(II)I' in 'java/lang/String')}
  0x00007fabf5df6b38: 49ba d8d5 | 428f ab7f | 0000 4c89 | 5424 0848 | c704 24ff 

  0x00007fabf5df6b4c: ;   {runtime_call counter_overflow Runtime1 stub}
  0x00007fabf5df6b4c: ffff ffe8 

  0x00007fabf5df6b50: ; ImmutableOopMap {[184]=Oop [176]=Oop rdx=Oop [168]=Oop rsi=Oop }
                      ;*synchronization entry
                      ; - java.lang.String::lastIndexOf@-1 (line 2489)
                      ; - java.lang.String::lastIndexOf@8 (line 2451)
                      ; - java.net.URLClassLoader::defineClass@7 (line 486)
  0x00007fabf5df6b50: ac7e d806 | e914 eaff 

  0x00007fabf5df6b58: ;   {metadata({method} {0x00007fab8f42ce48} 'isLatin1' '()Z' in 'java/lang/String')}
  0x00007fabf5df6b58: ff49 ba48 | ce42 8fab | 7f00 004c | 8954 2408 | 48c7 0424 | ffff ffff 

  0x00007fabf5df6b70: ;   {runtime_call counter_overflow Runtime1 stub}
  0x00007fabf5df6b70: e88b 7ed8 

  0x00007fabf5df6b74: ; ImmutableOopMap {[184]=Oop [176]=Oop rdx=Oop [168]=Oop rsi=Oop }
                      ;*synchronization entry
                      ; - java.lang.String::isLatin1@-1 (line 4553)
                      ; - java.lang.String::lastIndexOf@1 (line 2489)
                      ; - java.lang.String::lastIndexOf@8 (line 2451)
                      ; - java.net.URLClassLoader::defineClass@7 (line 486)
  0x00007fabf5df6b74: 06e9 35ea 

  0x00007fabf5df6b78: ;   {runtime_call throw_null_pointer_exception Runtime1 stub}
  0x00007fabf5df6b78: ffff e821 

  0x00007fabf5df6b7c: ; ImmutableOopMap {[184]=Oop [168]=Oop rcx=Oop [176]=Oop }
                      ;*invokevirtual getCodeSourceURL {reexecute=0 rethrow=0 return_oop=0}
                      ; - java.net.URLClassLoader::defineClass@13 (line 487)
                      ;   {metadata({method} {0x00007fab8f1a71f0} 'getByteBuffer' '()Ljava/nio/ByteBuffer;' in 'jdk/internal/loader/Resource')}
  0x00007fabf5df6b7c: 20d8 0649 | baf0 711a | 8fab 7f00 | 004c 8954 | 2408 48c7 | 0424 ffff 

  0x00007fabf5df6b94: ;   {runtime_call counter_overflow Runtime1 stub}
  0x00007fabf5df6b94: ffff e865 

  0x00007fabf5df6b98: ; ImmutableOopMap {[184]=Oop [168]=Oop [208]=Oop rcx=Oop [176]=Oop }
                      ;*synchronization entry
                      ; - jdk.internal.loader.Resource::getByteBuffer@-1 (line 163)
                      ; - java.net.URLClassLoader::defineClass@132 (line 511)
  0x00007fabf5df6b98: 7ed8 06e9 | d9f0 ffff | 4889 4c24 | 0848 8934 

  0x00007fabf5df6ba8: ;   {runtime_call monitorenter_nofpu Runtime1 stub}
  0x00007fabf5df6ba8: 24e8 5254 

  0x00007fabf5df6bac: ; ImmutableOopMap {[184]=Oop [168]=Oop [208]=Oop rcx=Oop [176]=Oop [288]=Oop }
                      ;*synchronization entry
                      ; - jdk.internal.loader.Resource::cachedInputStream@-1 (line 76)
                      ; - jdk.internal.loader.Resource::getByteBuffer@1 (line 163)
                      ; - java.net.URLClassLoader::defineClass@132 (line 511)
  0x00007fabf5df6bac: d806 e90f 

  0x00007fabf5df6bb0: ;   {metadata({method} {0x00007fab8f1a7df0} 'cachedInputStream' '()Ljava/io/InputStream;' in 'jdk/internal/loader/Resource')}
  0x00007fabf5df6bb0: f1ff ff49 | baf0 7d1a | 8fab 7f00 | 004c 8954 | 2408 48c7 | 0424 ffff 

  0x00007fabf5df6bc8: ;   {runtime_call counter_overflow Runtime1 stub}
  0x00007fabf5df6bc8: ffff e831 

  0x00007fabf5df6bcc: ; ImmutableOopMap {[184]=Oop [168]=Oop [208]=Oop rcx=Oop [176]=Oop [288]=Oop }
                      ;*synchronization entry
                      ; - jdk.internal.loader.Resource::cachedInputStream@-1 (line 76)
                      ; - jdk.internal.loader.Resource::getByteBuffer@1 (line 163)
                      ; - java.net.URLClassLoader::defineClass@132 (line 511)
  0x00007fabf5df6bcc: 7ed8 06e9 | 16f1 ffff | 8b71 0c48 | c1e6 0348 | 83fe 000f | 8405 f2ff | ff48 8934 

  0x00007fabf5df6be8: ;   {runtime_call g1_pre_barrier_slow}
  0x00007fabf5df6be8: 24e8 1285 | d806 e9f7 | f1ff ff48 | 83f8 000f | 840c f2ff | ff48 890c 

  0x00007fabf5df6c00: ;   {runtime_call g1_post_barrier_slow}
  0x00007fabf5df6c00: 24e8 7a88 | d806 e9fe | f1ff ff48 | 8d84 2418 | 0100 0048 

  0x00007fabf5df6c14: ;   {runtime_call monitorexit_nofpu Runtime1 stub}
  0x00007fabf5df6c14: 8904 24e8 | 645a d806 | e912 f2ff | ff48 8934 

  0x00007fabf5df6c24: ;   {runtime_call throw_class_cast_exception Runtime1 stub}
  0x00007fabf5df6c24: 24e8 7647 

  0x00007fabf5df6c28: ; ImmutableOopMap {[184]=Oop [168]=Oop [208]=Oop [176]=Oop }
                      ;*checkcast {reexecute=0 rethrow=0 return_oop=0}
                      ; - jdk.internal.loader.Resource::getByteBuffer@13 (line 165)
                      ; - java.net.URLClassLoader::defineClass@132 (line 511)
                      ;   {runtime_call throw_null_pointer_exception Runtime1 stub}
  0x00007fabf5df6c28: d806 e871 

  0x00007fabf5df6c2c: ; ImmutableOopMap {[184]=Oop [168]=Oop [208]=Oop [176]=Oop rsi=Oop }
                      ;*invokeinterface getByteBuffer {reexecute=0 rethrow=0 return_oop=0}
                      ; - jdk.internal.loader.Resource::getByteBuffer@16 (line 165)
                      ; - java.net.URLClassLoader::defineClass@132 (line 511)
                      ;   {metadata(NULL)}
  0x00007fabf5df6c2c: 1fd8 0648 | ba00 0000 | 0000 0000 | 00b8 000f 

  0x00007fabf5df6c3c: ;   {runtime_call load_klass_patching Runtime1 stub}
  0x00007fabf5df6c3c: 050a e83d 

  0x00007fabf5df6c40: ; ImmutableOopMap {[216]=Oop }
                      ;*new {reexecute=1 rethrow=0 return_oop=0}
                      ; - (reexecute) java.net.URLClassLoader::defineClass@103 (line 504)
  0x00007fabf5df6c40: 67d8 06e9 | 38f5 ffff 

  0x00007fabf5df6c48: ;   {runtime_call throw_null_pointer_exception Runtime1 stub}
  0x00007fabf5df6c48: e853 1fd8 

  0x00007fabf5df6c4c: ; ImmutableOopMap {[216]=Oop }
                      ;*new {reexecute=0 rethrow=0 return_oop=0}
                      ; - java.net.URLClassLoader::defineClass@103 (line 504)
  0x00007fabf5df6c4c: 0648 8bd2 

  0x00007fabf5df6c50: ;   {runtime_call fast_new_instance_init_check Runtime1 stub}
  0x00007fabf5df6c50: e8ab 2cd8 

  0x00007fabf5df6c54: ; ImmutableOopMap {[216]=Oop }
                      ;*new {reexecute=0 rethrow=0 return_oop=0}
                      ; - java.net.URLClassLoader::defineClass@103 (line 504)
  0x00007fabf5df6c54: 06e9 8bf5 

  0x00007fabf5df6c58: ;   {metadata(NULL)}
  0x00007fabf5df6c58: ffff 48ba | 0000 0000 | 0000 0000 | b800 0f05 

  0x00007fabf5df6c68: ;   {runtime_call load_klass_patching Runtime1 stub}
  0x00007fabf5df6c68: 0ae8 1267 

  0x00007fabf5df6c6c: ; ImmutableOopMap {[216]=Oop rax=Oop [240]=Oop }
                      ;*new {reexecute=1 rethrow=0 return_oop=0}
                      ; - (reexecute) java.net.URLClassLoader::defineClass@107 (line 504)
  0x00007fabf5df6c6c: d806 e97d | f5ff ff48 

  0x00007fabf5df6c74: ;   {runtime_call fast_new_instance Runtime1 stub}
  0x00007fabf5df6c74: 8bd2 e805 

  0x00007fabf5df6c78: ; ImmutableOopMap {[216]=Oop [240]=Oop }
                      ;*new {reexecute=0 rethrow=0 return_oop=0}
                      ; - java.net.URLClassLoader::defineClass@107 (line 504)
  0x00007fabf5df6c78: 29d8 06e9 | c0f5 ffff 

  0x00007fabf5df6c80: ;   {metadata({method} {0x00007fab8f423190} '<init>' '()V' in 'java/lang/StringBuilder')}
  0x00007fabf5df6c80: 49ba 9031 | 428f ab7f | 0000 4c89 | 5424 0848 | c704 24ff 

  0x00007fabf5df6c94: ;   {runtime_call counter_overflow Runtime1 stub}
  0x00007fabf5df6c94: ffff ffe8 

  0x00007fabf5df6c98: ; ImmutableOopMap {[216]=Oop [240]=Oop rax=Oop }
                      ;*synchronization entry
                      ; - java.lang.StringBuilder::<init>@-1 (line 106)
                      ; - java.net.URLClassLoader::defineClass@111 (line 504)
  0x00007fabf5df6c98: 647d d806 | e9dc f5ff 

  0x00007fabf5df6ca0: ;   {metadata({method} {0x00007fab8f4238c8} 'append' '(Ljava/lang/String;)Ljava/lang/StringBuilder;' in 'java/lang/StringBuilder')}
  0x00007fabf5df6ca0: ff49 bac8 | 3842 8fab | 7f00 004c | 8954 2408 | 48c7 0424 | ffff ffff 

  0x00007fabf5df6cb8: ;   {runtime_call counter_overflow Runtime1 stub}
  0x00007fabf5df6cb8: e843 7dd8 

  0x00007fabf5df6cbc: ; ImmutableOopMap {[232]=Oop [240]=Oop [216]=Oop }
                      ;*synchronization entry
                      ; - java.lang.StringBuilder::append@-1 (line 179)
                      ; - java.net.URLClassLoader::defineClass@116 (line 504)
  0x00007fabf5df6cbc: 06e9 2cf6 

  0x00007fabf5df6cc0: ;   {metadata({method} {0x00007fab8f4238c8} 'append' '(Ljava/lang/String;)Ljava/lang/StringBuilder;' in 'java/lang/StringBuilder')}
  0x00007fabf5df6cc0: ffff 49ba | c838 428f | ab7f 0000 | 4c89 5424 | 0848 c704 | 24ff ffff 

  0x00007fabf5df6cd8: ;   {runtime_call counter_overflow Runtime1 stub}
  0x00007fabf5df6cd8: ffe8 227d 

  0x00007fabf5df6cdc: ; ImmutableOopMap {[232]=Oop [240]=Oop [216]=Oop }
                      ;*synchronization entry
                      ; - java.lang.StringBuilder::append@-1 (line 179)
                      ; - java.net.URLClassLoader::defineClass@121 (line 504)
  0x00007fabf5df6cdc: d806 e983 

  0x00007fabf5df6ce0: ;   {metadata({method} {0x00007fab8f4231e8} 'toString' '()Ljava/lang/String;' in 'java/lang/StringBuilder')}
  0x00007fabf5df6ce0: f6ff ff49 | bae8 3142 | 8fab 7f00 | 004c 8954 | 2408 48c7 | 0424 ffff 

  0x00007fabf5df6cf8: ;   {runtime_call counter_overflow Runtime1 stub}
  0x00007fabf5df6cf8: ffff e801 

  0x00007fabf5df6cfc: ; ImmutableOopMap {[232]=Oop [240]=Oop }
                      ;*synchronization entry
                      ; - java.lang.StringBuilder::toString@-1 (line 453)
                      ; - java.net.URLClassLoader::defineClass@124 (line 504)
  0x00007fabf5df6cfc: 7dd8 06e9 | daf6 ffff 

  0x00007fabf5df6d04: ;   {metadata({method} {0x00007fab8f05f518} 'isLatin1' '()Z' in 'java/lang/AbstractStringBuilder')}
  0x00007fabf5df6d04: 49ba 18f5 | 058f ab7f | 0000 4c89 | 5424 0848 | c704 24ff 

  0x00007fabf5df6d18: ;   {runtime_call counter_overflow Runtime1 stub}
  0x00007fabf5df6d18: ffff ffe8 

  0x00007fabf5df6d1c: ; ImmutableOopMap {[232]=Oop [240]=Oop }
                      ;*synchronization entry
                      ; - java.lang.AbstractStringBuilder::isLatin1@-1 (line 1677)
                      ; - java.lang.StringBuilder::toString@1 (line 453)
                      ; - java.net.URLClassLoader::defineClass@124 (line 504)
  0x00007fabf5df6d1c: e07c d806 | e9fb f6ff | ff48 8bd2 

  0x00007fabf5df6d28: ;   {runtime_call fast_new_instance Runtime1 stub}
  0x00007fabf5df6d28: e853 28d8 

  0x00007fabf5df6d2c: ; ImmutableOopMap {[184]=Oop [168]=Oop [208]=Oop [248]=Oop rbx=Oop }
                      ;*new {reexecute=0 rethrow=0 return_oop=0}
                      ; - java.net.URLClassLoader::defineClass@148 (line 515)
  0x00007fabf5df6d2c: 06e9 1df9 

  0x00007fabf5df6d30: ;   {metadata({method} {0x00007fab8f12b6c8} 'getReadClassBytesTime' '()Ljdk/internal/perf/PerfCounter;' in 'jdk/internal/perf/PerfCounter')}
  0x00007fabf5df6d30: ffff 49ba | c8b6 128f | ab7f 0000 | 4c89 5424 | 0848 c704 | 24ff ffff 

  0x00007fabf5df6d48: ;   {runtime_call counter_overflow Runtime1 stub}
  0x00007fabf5df6d48: ffe8 b27c 

  0x00007fabf5df6d4c: ; ImmutableOopMap {[184]=Oop [168]=Oop [248]=Oop [256]=Oop }
                      ;*synchronization entry
                      ; - jdk.internal.perf.PerfCounter::getReadClassBytesTime@-1 (line 156)
                      ; - java.net.URLClassLoader::defineClass@161 (line 516)
  0x00007fabf5df6d4c: d806 e96b 

  0x00007fabf5df6d50: ;   {internal_word}
  0x00007fabf5df6d50: f9ff ff49 | ba44 67df | f5ab 7f00 | 004d 8997 | 5803 0000 

  0x00007fabf5df6d64: ;   {runtime_call SafepointBlob}
  0x00007fabf5df6d64: e997 6bce | 0648 8bd2 

  0x00007fabf5df6d6c: ;   {runtime_call fast_new_instance Runtime1 stub}
  0x00007fabf5df6d6c: e80f 28d8 

  0x00007fabf5df6d70: ; ImmutableOopMap {[184]=Oop [168]=Oop [208]=Oop [264]=Oop rbx=Oop }
                      ;*new {reexecute=0 rethrow=0 return_oop=0}
                      ; - java.net.URLClassLoader::defineClass@190 (line 522)
  0x00007fabf5df6d70: 06e9 b1fb 

  0x00007fabf5df6d74: ;   {metadata({method} {0x00007fab8f12b6c8} 'getReadClassBytesTime' '()Ljdk/internal/perf/PerfCounter;' in 'jdk/internal/perf/PerfCounter')}
  0x00007fabf5df6d74: ffff 49ba | c8b6 128f | ab7f 0000 | 4c89 5424 | 0848 c704 | 24ff ffff 

  0x00007fabf5df6d8c: ;   {runtime_call counter_overflow Runtime1 stub}
  0x00007fabf5df6d8c: ffe8 6e7c 

  0x00007fabf5df6d90: ; ImmutableOopMap {[184]=Oop [168]=Oop [264]=Oop [272]=Oop }
                      ;*synchronization entry
                      ; - jdk.internal.perf.PerfCounter::getReadClassBytesTime@-1 (line 156)
                      ; - java.net.URLClassLoader::defineClass@203 (line 523)
  0x00007fabf5df6d90: d806 e9ff 

  0x00007fabf5df6d94: ;   {runtime_call throw_null_pointer_exception Runtime1 stub}
  0x00007fabf5df6d94: fbff ffe8 

  0x00007fabf5df6d98: ; ImmutableOopMap {[184]=Oop [168]=Oop [272]=Oop rax=Oop }
                      ;*arraylength {reexecute=0 rethrow=0 return_oop=0}
                      ; - java.net.URLClassLoader::defineClass@217 (line 524)
  0x00007fabf5df6d98: 041e d806 

  0x00007fabf5df6d9c: ;   {internal_word}
  0x00007fabf5df6d9c: 49ba 1c6a | dff5 ab7f | 0000 4d89 | 9758 0300 

  0x00007fabf5df6dac: ;   {runtime_call SafepointBlob}
  0x00007fabf5df6dac: 00e9 4e6b | ce06 488d | 8424 1801 | 0000 4889 

  0x00007fabf5df6dbc: ;   {runtime_call monitorexit_nofpu Runtime1 stub}
  0x00007fabf5df6dbc: 0424 e8bd | 58d8 06e9 | dafc ffff | 9090 498b | 87d0 0300 | 0049 c787 | d003 0000 | 0000 0000 
  0x00007fabf5df6ddc: 49c7 87d8 | 0300 0000 | 0000 0048 | 81c4 3001 

  0x00007fabf5df6dec: ;   {runtime_call unwind_exception Runtime1 stub}
  0x00007fabf5df6dec: 0000 5de9 | 8c3d cf06 | f4f4 f4f4 | f4f4 f4f4 | f4f4 f4f4 
[Stub Code]
  0x00007fabf5df6e00: ;   {no_reloc}
  0x00007fabf5df6e00: 0f1f 4400 

  0x00007fabf5df6e04: ;   {static_stub}
  0x00007fabf5df6e04: 0048 bb00 | 0000 0000 

  0x00007fabf5df6e0c: ;   {runtime_call}
  0x00007fabf5df6e0c: 0000 00e9 | fbff ffff 

  0x00007fabf5df6e14: ;   {static_stub}
  0x00007fabf5df6e14: 9048 bb00 | 0000 0000 

  0x00007fabf5df6e1c: ;   {runtime_call}
  0x00007fabf5df6e1c: 0000 00e9 | fbff ffff 

  0x00007fabf5df6e24: ;   {static_stub}
  0x00007fabf5df6e24: 9048 bb00 | 0000 0000 

  0x00007fabf5df6e2c: ;   {runtime_call}
  0x00007fabf5df6e2c: 0000 00e9 | fbff ffff 

  0x00007fabf5df6e34: ;   {static_stub}
  0x00007fabf5df6e34: 9048 bb88 | d642 8fab 

  0x00007fabf5df6e3c: ;   {runtime_call I2C/C2I adapters}
  0x00007fabf5df6e3c: 7f00 00e9 | 9b45 cc06 

  0x00007fabf5df6e44: ;   {static_stub}
  0x00007fabf5df6e44: 9048 bb00 | 0000 0000 

  0x00007fabf5df6e4c: ;   {runtime_call}
  0x00007fabf5df6e4c: 0000 00e9 | fbff ffff 

  0x00007fabf5df6e54: ;   {static_stub}
  0x00007fabf5df6e54: 9048 bb00 | 0000 0000 

  0x00007fabf5df6e5c: ;   {runtime_call}
  0x00007fabf5df6e5c: 0000 00e9 | fbff ffff 

  0x00007fabf5df6e64: ;   {static_stub}
  0x00007fabf5df6e64: 9048 bb00 | 0000 0000 

  0x00007fabf5df6e6c: ;   {runtime_call}
  0x00007fabf5df6e6c: 0000 00e9 | fbff ffff 

  0x00007fabf5df6e74: ;   {static_stub}
  0x00007fabf5df6e74: 9048 bb00 | 0000 0000 

  0x00007fabf5df6e7c: ;   {runtime_call}
  0x00007fabf5df6e7c: 0000 00e9 | fbff ffff 

  0x00007fabf5df6e84: ;   {static_stub}
  0x00007fabf5df6e84: 9048 bb00 | 0000 0000 

  0x00007fabf5df6e8c: ;   {runtime_call}
  0x00007fabf5df6e8c: 0000 00e9 | fbff ffff 

  0x00007fabf5df6e94: ;   {static_stub}
  0x00007fabf5df6e94: 9048 bb00 | 0000 0000 

  0x00007fabf5df6e9c: ;   {runtime_call}
  0x00007fabf5df6e9c: 0000 00e9 | fbff ffff 

  0x00007fabf5df6ea4: ;   {static_stub}
  0x00007fabf5df6ea4: 9048 bb00 | 0000 0000 

  0x00007fabf5df6eac: ;   {runtime_call}
  0x00007fabf5df6eac: 0000 00e9 | fbff ffff 

  0x00007fabf5df6eb4: ;   {static_stub}
  0x00007fabf5df6eb4: 9048 bb00 | 0000 0000 

  0x00007fabf5df6ebc: ;   {runtime_call}
  0x00007fabf5df6ebc: 0000 00e9 | fbff ffff 

  0x00007fabf5df6ec4: ;   {static_stub}
  0x00007fabf5df6ec4: 9048 bb00 | 0000 0000 

  0x00007fabf5df6ecc: ;   {runtime_call}
  0x00007fabf5df6ecc: 0000 00e9 | fbff ffff 

  0x00007fabf5df6ed4: ;   {static_stub}
  0x00007fabf5df6ed4: 9048 bb00 | 0000 0000 

  0x00007fabf5df6edc: ;   {runtime_call}
  0x00007fabf5df6edc: 0000 00e9 | fbff ffff 

  0x00007fabf5df6ee4: ;   {static_stub}
  0x00007fabf5df6ee4: 9048 bb00 | 0000 0000 

  0x00007fabf5df6eec: ;   {runtime_call}
  0x00007fabf5df6eec: 0000 00e9 | fbff ffff 

  0x00007fabf5df6ef4: ;   {static_stub}
  0x00007fabf5df6ef4: 9048 bb00 | 0000 0000 

  0x00007fabf5df6efc: ;   {runtime_call}
  0x00007fabf5df6efc: 0000 00e9 | fbff ffff 

  0x00007fabf5df6f04: ;   {static_stub}
  0x00007fabf5df6f04: 9048 bb00 | 0000 0000 

  0x00007fabf5df6f0c: ;   {runtime_call}
  0x00007fabf5df6f0c: 0000 00e9 | fbff ffff 

  0x00007fabf5df6f14: ;   {static_stub}
  0x00007fabf5df6f14: 9048 bb00 | 0000 0000 

  0x00007fabf5df6f1c: ;   {runtime_call}
  0x00007fabf5df6f1c: 0000 00e9 | fbff ffff 

  0x00007fabf5df6f24: ;   {static_stub}
  0x00007fabf5df6f24: 9048 bb00 | 0000 0000 

  0x00007fabf5df6f2c: ;   {runtime_call}
  0x00007fabf5df6f2c: 0000 00e9 | fbff ffff 

  0x00007fabf5df6f34: ;   {static_stub}
  0x00007fabf5df6f34: 9048 bb00 | 0000 0000 

  0x00007fabf5df6f3c: ;   {runtime_call}
  0x00007fabf5df6f3c: 0000 00e9 | fbff ffff 

  0x00007fabf5df6f44: ;   {static_stub}
  0x00007fabf5df6f44: 9048 bb00 | 0000 0000 

  0x00007fabf5df6f4c: ;   {runtime_call}
  0x00007fabf5df6f4c: 0000 00e9 | fbff ffff 

  0x00007fabf5df6f54: ;   {static_stub}
  0x00007fabf5df6f54: 9048 bb00 | 0000 0000 

  0x00007fabf5df6f5c: ;   {runtime_call}
  0x00007fabf5df6f5c: 0000 00e9 | fbff ffff 

  0x00007fabf5df6f64: ;   {static_stub}
  0x00007fabf5df6f64: 9048 bb88 | 6f42 8fab 

  0x00007fabf5df6f6c: ;   {runtime_call I2C/C2I adapters}
  0x00007fabf5df6f6c: 7f00 00e9 | 6d78 ce06 

  0x00007fabf5df6f74: ;   {static_stub}
  0x00007fabf5df6f74: 9048 bb00 | 0000 0000 

  0x00007fabf5df6f7c: ;   {runtime_call}
  0x00007fabf5df6f7c: 0000 00e9 | fbff ffff 

  0x00007fabf5df6f84: ;   {static_stub}
  0x00007fabf5df6f84: 9048 bbf0 | 9043 8fab 

  0x00007fabf5df6f8c: ;   {runtime_call I2C/C2I adapters}
  0x00007fabf5df6f8c: 7f00 00e9 | 5960 cd06 

  0x00007fabf5df6f94: ;   {static_stub}
  0x00007fabf5df6f94: 9048 bb00 | 0000 0000 

  0x00007fabf5df6f9c: ;   {runtime_call}
  0x00007fabf5df6f9c: 0000 00e9 | fbff ffff 
[Exception Handler]
  0x00007fabf5df6fa4: ;   {runtime_call handle_exception_from_callee Runtime1 stub}
  0x00007fabf5df6fa4: e8d7 3dd8 

  0x00007fabf5df6fa8: ;   {external_word}
  0x00007fabf5df6fa8: 0648 bf4a | a66d 14ac | 7f00 0048 

  0x00007fabf5df6fb4: ;   {runtime_call MacroAssembler::debug64(char*, long, long*)}
  0x00007fabf5df6fb4: 83e4 f0e8 | 3401 431e 

  0x00007fabf5df6fbc: ;   {section_word}
  0x00007fabf5df6fbc: f449 babd | 6fdf f5ab | 7f00 0041 

  0x00007fabf5df6fc8: ;   {runtime_call DeoptimizationBlob}
  0x00007fabf5df6fc8: 52e9 d27d | ce06 f4f4 
[/MachCode]


---------------  P R O C E S S  ---------------

Threads class SMR info:
_java_thread_list=0x00007fabd3917650, length=60, elements={
0x00007fac0c01aea0, 0x00007fac0c0e6990, 0x00007fac0c0e7d70, 0x00007fac0c0eea50,
0x00007fac0c0efe00, 0x00007fac0c0f1210, 0x00007fac0c0f2bc0, 0x00007fac0c0f40f0,
0x00007fac0c0f5560, 0x00007fac0c101320, 0x00007fac0c201310, 0x00007fac0d36ec00,
0x00007fac0d3f4bc0, 0x00007fac0d4258f0, 0x00007fab7c0180b0, 0x00007fab84002d50,
0x00007fab84007fc0, 0x00007fab8400a640, 0x00007fabd0009890, 0x00007fabd000c650,
0x00007fabd0016c30, 0x00007fabd01afb60, 0x00007fabd01b2a80, 0x00007fabd0221930,
0x00007fabd08d5fe0, 0x00007fabd092ede0, 0x00007fabd09f51c0, 0x00007fabd0330440,
0x00007fabd0c03fc0, 0x00007fabd0c1fc50, 0x00007fabd26296a0, 0x00007fabd2b609e0,
0x00007fabd26d4ee0, 0x00007fabd26d5b30, 0x00007fabd1deba10, 0x00007fabd318e320,
0x00007fabd318cdf0, 0x00007fabd31798a0, 0x00007fabd317a900, 0x00007fabd3173a90,
0x00007fabd2743f30, 0x00007fabd2744b00, 0x00007fabd273e000, 0x00007fabd273ee30,
0x00007fabd0452ca0, 0x00007fabd0453d20, 0x00007fabd0454e00, 0x00007fabd0457610,
0x00007fabd0455ee0, 0x00007fabd27d3c10, 0x00007fabd27cf3b0, 0x00007fabd27d01a0,
0x00007fabd3163e40, 0x00007fabd3164b70, 0x00007fabd3165da0, 0x00007fabd3169f00,
0x00007fabd2df0bc0, 0x00007fabd2df17c0, 0x00007fabd37ce6c0, 0x00007fabd3916950
}

Java Threads: ( => current thread )
  0x00007fac0c01aea0 JavaThread "main" [_thread_blocked, id=2711, stack(0x00007fac13304000,0x00007fac13404000)]
  0x00007fac0c0e6990 JavaThread "Reference Handler" daemon [_thread_blocked, id=2720, stack(0x00007fac10b6c000,0x00007fac10c6c000)]
  0x00007fac0c0e7d70 JavaThread "Finalizer" daemon [_thread_blocked, id=2721, stack(0x00007fac10a6b000,0x00007fac10b6b000)]
  0x00007fac0c0eea50 JavaThread "Signal Dispatcher" daemon [_thread_blocked, id=2722, stack(0x00007fac10913000,0x00007fac10a13000)]
  0x00007fac0c0efe00 JavaThread "Service Thread" daemon [_thread_blocked, id=2723, stack(0x00007fac10812000,0x00007fac10912000)]
  0x00007fac0c0f1210 JavaThread "Monitor Deflation Thread" daemon [_thread_blocked, id=2724, stack(0x00007fac10711000,0x00007fac10811000)]
  0x00007fac0c0f2bc0 JavaThread "C2 CompilerThread0" daemon [_thread_in_vm, id=2725, stack(0x00007fac10610000,0x00007fac10710000)]
  0x00007fac0c0f40f0 JavaThread "C1 CompilerThread0" daemon [_thread_blocked, id=2726, stack(0x00007fac1050f000,0x00007fac1060f000)]
  0x00007fac0c0f5560 JavaThread "Sweeper thread" daemon [_thread_blocked, id=2727, stack(0x00007fac1040e000,0x00007fac1050e000)]
  0x00007fac0c101320 JavaThread "Common-Cleaner" daemon [_thread_blocked, id=2728, stack(0x00007fac1030d000,0x00007fac1040d000)]
  0x00007fac0c201310 JavaThread "Notification Thread" daemon [_thread_blocked, id=2729, stack(0x00007fac101f4000,0x00007fac102f4000)]
  0x00007fac0d36ec00 JavaThread "Daemon health stats" [_thread_blocked, id=2736, stack(0x00007fabed100000,0x00007fabed200000)]
  0x00007fac0d3f4bc0 JavaThread "Incoming local TCP Connector on port 40175" [_thread_in_native, id=2737, stack(0x00007fabecfff000,0x00007fabed0ff000)]
  0x00007fac0d4258f0 JavaThread "Daemon periodic checks" [_thread_blocked, id=2738, stack(0x00007fabecefe000,0x00007fabecffe000)]
  0x00007fab7c0180b0 JavaThread "Daemon" [_thread_blocked, id=2739, stack(0x00007fabecdfd000,0x00007fabecefd000)]
  0x00007fab84002d50 JavaThread "Handler for socket connection from /127.0.0.1:40175 to /127.0.0.1:47042" [_thread_in_native, id=2740, stack(0x00007fabeccfc000,0x00007fabecdfc000)]
  0x00007fab84007fc0 JavaThread "Cancel handler" [_thread_blocked, id=2741, stack(0x00007fabecbfb000,0x00007fabeccfb000)]
=>0x00007fab8400a640 JavaThread "Daemon worker" [_thread_in_vm, id=2742, stack(0x00007fabecafa000,0x00007fabecbfa000)]
  0x00007fabd0009890 JavaThread "Asynchronous log dispatcher for DefaultDaemonConnection: socket connection from /127.0.0.1:40175 to /127.0.0.1:47042" [_thread_blocked, id=2743, stack(0x00007fabec9f9000,0x00007fabecaf9000)]
  0x00007fabd000c650 JavaThread "Stdin handler" [_thread_blocked, id=2744, stack(0x00007fabec8f8000,0x00007fabec9f8000)]
  0x00007fabd0016c30 JavaThread "Daemon client event forwarder" [_thread_blocked, id=2746, stack(0x00007fabec7f7000,0x00007fabec8f7000)]
  0x00007fabd01afb60 JavaThread "Cache worker for journal cache (/root/.gradle/caches/journal-1)" [_thread_blocked, id=2748, stack(0x00007fabec6f6000,0x00007fabec7f6000)]
  0x00007fabd01b2a80 JavaThread "File lock request listener" [_thread_in_native, id=2749, stack(0x00007fabec5f5000,0x00007fabec6f5000)]
  0x00007fabd0221930 JavaThread "Cache worker for file hash cache (/root/.gradle/caches/9.3.1/fileHashes)" [_thread_blocked, id=2750, stack(0x00007fabec18e000,0x00007fabec28e000)]
  0x00007fabd08d5fe0 JavaThread "Cache worker for file hash cache (/workspace/.gradle/9.3.1/fileHashes)" [_thread_blocked, id=2754, stack(0x00007fabec2e6000,0x00007fabec3e6000)]
  0x00007fabd092ede0 JavaThread "Cache worker for checksums cache (/workspace/.gradle/9.3.1/checksums)" [_thread_blocked, id=2755, stack(0x00007fabec08d000,0x00007fabec18d000)]
  0x00007fabd09f51c0 JavaThread "Cache worker for Build Output Cleanup Cache (/workspace/.gradle/buildOutputCleanup)" [_thread_blocked, id=2756, stack(0x00007fabec4f4000,0x00007fabec5f4000)]
  0x00007fabd0330440 JavaThread "Cache worker for file content cache (/root/.gradle/caches/9.3.1/fileContent)" [_thread_blocked, id=2759, stack(0x00007fabec3f3000,0x00007fabec4f3000)]
  0x00007fabd0c03fc0 JavaThread "Cache worker for cache directory md-supplier (/root/.gradle/caches/9.3.1/md-supplier)" [_thread_blocked, id=2763, stack(0x00007fabddf00000,0x00007fabde000000)]
  0x00007fabd0c1fc50 JavaThread "Cache worker for cache directory md-rule (/root/.gradle/caches/9.3.1/md-rule)" [_thread_blocked, id=2764, stack(0x00007fabdddff000,0x00007fabddeff000)]
  0x00007fabd26296a0 JavaThread "Kotlin DSL Writer" [_thread_blocked, id=2873, stack(0x00007fabddcfe000,0x00007fabdddfe000)]
  0x00007fabd2b609e0 JavaThread "Configuration cache report writer" [_thread_blocked, id=2880, stack(0x00007fabddbfd000,0x00007fabddcfd000)]
  0x00007fabd26d4ee0 JavaThread "Unconstrained build operations" [_thread_blocked, id=2898, stack(0x00007fabddafc000,0x00007fabddbfc000)]
  0x00007fabd26d5b30 JavaThread "Unconstrained build operations Thread 2" [_thread_blocked, id=2899, stack(0x00007fabdd9fb000,0x00007fabddafb000)]
  0x00007fabd1deba10 JavaThread "Unconstrained build operations Thread 3" [_thread_blocked, id=2900, stack(0x00007fabdd8fa000,0x00007fabdd9fa000)]
  0x00007fabd318e320 JavaThread "Unconstrained build operations Thread 4" [_thread_blocked, id=2906, stack(0x00007fabdd7f9000,0x00007fabdd8f9000)]
  0x00007fabd318cdf0 JavaThread "Unconstrained build operations Thread 5" [_thread_blocked, id=2907, stack(0x00007fabdd6f8000,0x00007fabdd7f8000)]
  0x00007fabd31798a0 JavaThread "Unconstrained build operations Thread 6" [_thread_blocked, id=2910, stack(0x00007fabdd5f7000,0x00007fabdd6f7000)]
  0x00007fabd317a900 JavaThread "Unconstrained build operations Thread 7" [_thread_blocked, id=2911, stack(0x00007fabdd4f6000,0x00007fabdd5f6000)]
  0x00007fabd3173a90 JavaThread "Unconstrained build operations Thread 8" [_thread_blocked, id=2915, stack(0x00007fabdd3f5000,0x00007fabdd4f5000)]
  0x00007fabd2743f30 JavaThread "Unconstrained build operations Thread 9" [_thread_blocked, id=2916, stack(0x00007fabdd2f4000,0x00007fabdd3f4000)]
  0x00007fabd2744b00 JavaThread "Unconstrained build operations Thread 10" [_thread_blocked, id=2917, stack(0x00007fabdd1f3000,0x00007fabdd2f3000)]
  0x00007fabd273e000 JavaThread "Unconstrained build operations Thread 11" [_thread_blocked, id=2919, stack(0x00007fabdd0f2000,0x00007fabdd1f2000)]
  0x00007fabd273ee30 JavaThread "Unconstrained build operations Thread 12" [_thread_blocked, id=2920, stack(0x00007fabdcff1000,0x00007fabdd0f1000)]
  0x00007fabd0452ca0 JavaThread "Unconstrained build operations Thread 13" [_thread_blocked, id=2922, stack(0x00007fabdcef0000,0x00007fabdcff0000)]
  0x00007fabd0453d20 JavaThread "Unconstrained build operations Thread 14" [_thread_blocked, id=2923, stack(0x00007fabdcdef000,0x00007fabdceef000)]
  0x00007fabd0454e00 JavaThread "Unconstrained build operations Thread 15" [_thread_blocked, id=2924, stack(0x00007fabdccee000,0x00007fabdcdee000)]
  0x00007fabd0457610 JavaThread "Unconstrained build operations Thread 16" [_thread_blocked, id=2926, stack(0x00007fabdcbed000,0x00007fabdcced000)]
  0x00007fabd0455ee0 JavaThread "Unconstrained build operations Thread 17" [_thread_blocked, id=2927, stack(0x00007fabdcaec000,0x00007fabdcbec000)]
  0x00007fabd27d3c10 JavaThread "Unconstrained build operations Thread 18" [_thread_blocked, id=2930, stack(0x00007fabdc9eb000,0x00007fabdcaeb000)]
  0x00007fabd27cf3b0 JavaThread "Unconstrained build operations Thread 19" [_thread_blocked, id=2931, stack(0x00007fabdc8ea000,0x00007fabdc9ea000)]
  0x00007fabd27d01a0 JavaThread "Unconstrained build operations Thread 20" [_thread_blocked, id=2932, stack(0x00007fabdc7e9000,0x00007fabdc8e9000)]
  0x00007fabd3163e40 JavaThread "Unconstrained build operations Thread 21" [_thread_blocked, id=2942, stack(0x00007fabdc6e8000,0x00007fabdc7e8000)]
  0x00007fabd3164b70 JavaThread "Unconstrained build operations Thread 22" [_thread_blocked, id=2943, stack(0x00007fabdc5e7000,0x00007fabdc6e7000)]
  0x00007fabd3165da0 JavaThread "Unconstrained build operations Thread 23" [_thread_blocked, id=2944, stack(0x00007fabdc4e6000,0x00007fabdc5e6000)]
  0x00007fabd3169f00 JavaThread "Unconstrained build operations Thread 24" [_thread_blocked, id=2958, stack(0x00007fabdc3e5000,0x00007fabdc4e5000)]
  0x00007fabd2df0bc0 JavaThread "Unconstrained build operations Thread 25" [_thread_blocked, id=2959, stack(0x00007fabdc2e4000,0x00007fabdc3e4000)]
  0x00007fabd2df17c0 JavaThread "Unconstrained build operations Thread 26" [_thread_blocked, id=2960, stack(0x00007fabdc1e3000,0x00007fabdc2e3000)]
  0x00007fabd37ce6c0 JavaThread "Memory manager" [_thread_blocked, id=3062, stack(0x00007fabdc0e2000,0x00007fabdc1e2000)]
  0x00007fabd3916950 JavaThread "build event listener" [_thread_blocked, id=3065, stack(0x00007fab8ef00000,0x00007fab8f000000)]

Other Threads:
  0x00007fac0c0e28d0 VMThread "VM Thread" [stack: 0x00007fac10c6d000,0x00007fac10d6d000] [id=2719]
  0x00007fac0c01d260 WatcherThread [stack: 0x00007fac100f3000,0x00007fac101f3000] [id=2730]
  0x00007fac0c086790 GCTaskThread "GC Thread#0" [stack: 0x00007fac11599000,0x00007fac11699000] [id=2714]
  0x00007fab88004990 GCTaskThread "GC Thread#1" [stack: 0x00007fabed44d000,0x00007fabed54d000] [id=2731]
  0x00007fac0c097d70 ConcurrentGCThread "G1 Main Marker" [stack: 0x00007fac11498000,0x00007fac11598000] [id=2715]
  0x00007fac0c098ce0 ConcurrentGCThread "G1 Conc#0" [stack: 0x00007fac11397000,0x00007fac11497000] [id=2716]
  0x00007fac0c0b4f10 ConcurrentGCThread "G1 Refine#0" [stack: 0x00007fac11094000,0x00007fac11194000] [id=2717]
  0x00007fac0c0b5e10 ConcurrentGCThread "G1 Service" [stack: 0x00007fac10f93000,0x00007fac11093000] [id=2718]

Threads with active compile tasks:
C2 CompilerThread0   208616 28789       4       javax.management.ObjectName::construct (1135 bytes)

VM state: not at safepoint (normal execution)

VM Mutex/Monitor currently owned by a thread:  ([mutex/lock_event])
[0x00007fac0c016c10] Metaspace_lock - owner thread: 0x00007fab8400a640

Heap address: 0x0000000700000000, size: 4096 MB, Compressed Oops mode: Zero based, Oop shift amount: 3

CDS archive(s) mapped at: [0x00007fab8f000000-0x00007fab8fbca000-0x00007fab8fbca000), size 12361728, SharedBaseAddress: 0x00007fab8f000000, ArchiveRelocationMode: 1.
Compressed class space mapped at: 0x00007fab90000000-0x00007fabd0000000, reserved size: 1073741824
Narrow klass base: 0x00007fab8f000000, Narrow klass shift: 0, Narrow klass range: 0x100000000

GC Precious Log:
 CPUs: 2 total, 2 available
 Memory: 2048M
 Large Page Support: Disabled
 NUMA Support: Disabled
 Compressed Oops: Enabled (Zero based)
 Heap Region Size: 2M
 Heap Min Capacity: 8M
 Heap Initial Capacity: 32M
 Heap Max Capacity: 4G
 Pre-touch: Disabled
 Parallel Workers: 2
 Concurrent Workers: 1
 Concurrent Refinement Workers: 2
 Periodic GC: Disabled

Heap:
 garbage-first heap   total 1228800K, used 680566K [0x0000000700000000, 0x0000000800000000)
  region size 2048K, 257 young (526336K), 15 survivors (30720K)
 Metaspace       used 166981K, committed 167872K, reserved 1245184K
  class space    used 20592K, committed 20992K, reserved 1048576K

Heap Regions: E=young(eden), S=young(survivor), O=old, HS=humongous(starts), HC=humongous(continues), CS=collection set, F=free, OA=open archive, CA=closed archive, TAMS=top-at-mark-start (previous, next)
|   0|0x0000000700000000, 0x0000000700200000, 0x0000000700200000|100%|HS|  |TAMS 0x0000000700200000, 0x0000000700000000| Complete 
|   1|0x0000000700200000, 0x0000000700400000, 0x0000000700400000|100%|HC|  |TAMS 0x0000000700400000, 0x0000000700200000| Complete 
|   2|0x0000000700400000, 0x0000000700600000, 0x0000000700600000|100%| O|  |TAMS 0x0000000700600000, 0x0000000700400000| Untracked 
|   3|0x0000000700600000, 0x0000000700800000, 0x0000000700800000|100%| O|  |TAMS 0x0000000700800000, 0x0000000700600000| Untracked 
|   4|0x0000000700800000, 0x0000000700a00000, 0x0000000700a00000|100%| O|  |TAMS 0x0000000700a00000, 0x0000000700800000| Untracked 
|   5|0x0000000700a00000, 0x0000000700c00000, 0x0000000700c00000|100%| O|  |TAMS 0x0000000700c00000, 0x0000000700a00000| Untracked 
|   6|0x0000000700c00000, 0x0000000700e00000, 0x0000000700e00000|100%| O|  |TAMS 0x0000000700e00000, 0x0000000700c00000| Untracked 
|   7|0x0000000700e00000, 0x0000000701000000, 0x0000000701000000|100%| O|  |TAMS 0x0000000701000000, 0x0000000700e00000| Untracked 
|   8|0x0000000701000000, 0x0000000701200000, 0x0000000701200000|100%| O|  |TAMS 0x0000000701200000, 0x0000000701000000| Untracked 
|   9|0x0000000701200000, 0x0000000701400000, 0x0000000701400000|100%| O|  |TAMS 0x0000000701400000, 0x0000000701200000| Untracked 
|  10|0x0000000701400000, 0x0000000701600000, 0x0000000701600000|100%| O|  |TAMS 0x0000000701600000, 0x0000000701400000| Untracked 
|  11|0x0000000701600000, 0x0000000701800000, 0x0000000701800000|100%| O|  |TAMS 0x0000000701800000, 0x0000000701600000| Untracked 
|  12|0x0000000701800000, 0x0000000701a00000, 0x0000000701a00000|100%| O|  |TAMS 0x0000000701a00000, 0x0000000701800000| Untracked 
|  13|0x0000000701a00000, 0x0000000701c00000, 0x0000000701c00000|100%| O|  |TAMS 0x0000000701c00000, 0x0000000701a00000| Untracked 
|  14|0x0000000701c00000, 0x0000000701e00000, 0x0000000701e00000|100%| O|  |TAMS 0x0000000701e00000, 0x0000000701c00000| Untracked 
|  15|0x0000000701e00000, 0x0000000702000000, 0x0000000702000000|100%| O|  |TAMS 0x0000000701e00000, 0x0000000701e00000| Untracked 
|  16|0x0000000702000000, 0x0000000702200000, 0x0000000702200000|100%| O|  |TAMS 0x0000000702000000, 0x0000000702000000| Untracked 
|  17|0x0000000702200000, 0x0000000702400000, 0x0000000702400000|100%| O|  |TAMS 0x0000000702200000, 0x0000000702200000| Untracked 
|  18|0x0000000702400000, 0x0000000702600000, 0x0000000702600000|100%| O|  |TAMS 0x0000000702600000, 0x0000000702400000| Untracked 
|  19|0x0000000702600000, 0x00000007027ffff8, 0x0000000702800000| 99%| O|  |TAMS 0x00000007027ffff8, 0x0000000702600000| Untracked 
|  20|0x0000000702800000, 0x0000000702a00000, 0x0000000702a00000|100%| O|  |TAMS 0x0000000702a00000, 0x0000000702800000| Untracked 
|  21|0x0000000702a00000, 0x0000000702c00000, 0x0000000702c00000|100%| O|  |TAMS 0x0000000702c00000, 0x0000000702a00000| Untracked 
|  22|0x0000000702c00000, 0x0000000702e00000, 0x0000000702e00000|100%| O|  |TAMS 0x0000000702e00000, 0x0000000702c00000| Untracked 
|  23|0x0000000702e00000, 0x0000000703000000, 0x0000000703000000|100%| O|  |TAMS 0x0000000703000000, 0x0000000702e00000| Untracked 
|  24|0x0000000703000000, 0x0000000703200000, 0x0000000703200000|100%| O|  |TAMS 0x0000000703200000, 0x0000000703000000| Untracked 
|  25|0x0000000703200000, 0x0000000703400000, 0x0000000703400000|100%| O|  |TAMS 0x0000000703200000, 0x0000000703200000| Untracked 
|  26|0x0000000703400000, 0x0000000703600000, 0x0000000703600000|100%| O|  |TAMS 0x0000000703400000, 0x0000000703400000| Untracked 
|  27|0x0000000703600000, 0x0000000703800000, 0x0000000703800000|100%| O|  |TAMS 0x0000000703600000, 0x0000000703600000| Untracked 
|  28|0x0000000703800000, 0x0000000703a00000, 0x0000000703a00000|100%| O|  |TAMS 0x0000000703a00000, 0x0000000703800000| Untracked 
|  29|0x0000000703a00000, 0x0000000703c00000, 0x0000000703c00000|100%| O|  |TAMS 0x0000000703c00000, 0x0000000703a00000| Untracked 
|  30|0x0000000703c00000, 0x0000000703e00000, 0x0000000703e00000|100%| O|  |TAMS 0x0000000703c00000, 0x0000000703c00000| Untracked 
|  31|0x0000000703e00000, 0x0000000704000000, 0x0000000704000000|100%| O|  |TAMS 0x0000000703e00000, 0x0000000703e00000| Untracked 
|  32|0x0000000704000000, 0x0000000704200000, 0x0000000704200000|100%| O|  |TAMS 0x0000000704000000, 0x0000000704000000| Untracked 
|  33|0x0000000704200000, 0x0000000704400000, 0x0000000704400000|100%| O|  |TAMS 0x0000000704200000, 0x0000000704200000| Untracked 
|  34|0x0000000704400000, 0x0000000704600000, 0x0000000704600000|100%| O|  |TAMS 0x0000000704400000, 0x0000000704400000| Untracked 
|  35|0x0000000704600000, 0x0000000704800000, 0x0000000704800000|100%| O|  |TAMS 0x0000000704600000, 0x0000000704600000| Untracked 
|  36|0x0000000704800000, 0x0000000704a00000, 0x0000000704a00000|100%| O|  |TAMS 0x0000000704a00000, 0x0000000704800000| Untracked 
|  37|0x0000000704a00000, 0x0000000704c00000, 0x0000000704c00000|100%| O|  |TAMS 0x0000000704a00000, 0x0000000704a00000| Untracked 
|  38|0x0000000704c00000, 0x0000000704e00000, 0x0000000704e00000|100%| O|  |TAMS 0x0000000704e00000, 0x0000000704c00000| Untracked 
|  39|0x0000000704e00000, 0x0000000705000000, 0x0000000705000000|100%| O|  |TAMS 0x0000000704e87a00, 0x0000000704e00000| Untracked 
|  40|0x0000000705000000, 0x0000000705200000, 0x0000000705200000|100%| O|  |TAMS 0x0000000705000000, 0x0000000705000000| Untracked 
|  41|0x0000000705200000, 0x0000000705400000, 0x0000000705400000|100%| O|  |TAMS 0x0000000705200000, 0x0000000705200000| Untracked 
|  42|0x0000000705400000, 0x0000000705600000, 0x0000000705600000|100%| O|  |TAMS 0x0000000705400000, 0x0000000705400000| Untracked 
|  43|0x0000000705600000, 0x0000000705800000, 0x0000000705800000|100%| O|  |TAMS 0x0000000705600000, 0x0000000705600000| Untracked 
|  44|0x0000000705800000, 0x0000000705a00000, 0x0000000705a00000|100%| O|  |TAMS 0x0000000705800000, 0x0000000705800000| Untracked 
|  45|0x0000000705a00000, 0x0000000705c00000, 0x0000000705c00000|100%| O|  |TAMS 0x0000000705a00000, 0x0000000705a00000| Untracked 
|  46|0x0000000705c00000, 0x0000000705e00000, 0x0000000705e00000|100%| O|  |TAMS 0x0000000705c00000, 0x0000000705c00000| Untracked 
|  47|0x0000000705e00000, 0x0000000706000000, 0x0000000706000000|100%| O|  |TAMS 0x0000000705e00000, 0x0000000705e00000| Untracked 
|  48|0x0000000706000000, 0x0000000706200000, 0x0000000706200000|100%| O|  |TAMS 0x0000000706000000, 0x0000000706000000| Untracked 
|  49|0x0000000706200000, 0x0000000706400000, 0x0000000706400000|100%| O|  |TAMS 0x0000000706200000, 0x0000000706200000| Untracked 
|  50|0x0000000706400000, 0x0000000706600000, 0x0000000706600000|100%| O|  |TAMS 0x0000000706400000, 0x0000000706400000| Untracked 
|  51|0x0000000706600000, 0x0000000706800000, 0x0000000706800000|100%| O|  |TAMS 0x0000000706600000, 0x0000000706600000| Untracked 
|  52|0x0000000706800000, 0x0000000706a00000, 0x0000000706a00000|100%| O|  |TAMS 0x0000000706a00000, 0x0000000706800000| Untracked 
|  53|0x0000000706a00000, 0x0000000706c00000, 0x0000000706c00000|100%| O|  |TAMS 0x0000000706a00000, 0x0000000706a00000| Untracked 
|  54|0x0000000706c00000, 0x0000000706e00000, 0x0000000706e00000|100%| O|  |TAMS 0x0000000706e00000, 0x0000000706c00000| Untracked 
|  55|0x0000000706e00000, 0x0000000707000000, 0x0000000707000000|100%| O|  |TAMS 0x0000000707000000, 0x0000000706e00000| Untracked 
|  56|0x0000000707000000, 0x0000000707200000, 0x0000000707200000|100%| O|  |TAMS 0x0000000707200000, 0x0000000707000000| Untracked 
|  57|0x0000000707200000, 0x0000000707400000, 0x0000000707400000|100%| O|  |TAMS 0x0000000707200000, 0x0000000707200000| Untracked 
|  58|0x0000000707400000, 0x0000000707600000, 0x0000000707600000|100%| O|  |TAMS 0x0000000707400000, 0x0000000707400000| Untracked 
|  59|0x0000000707600000, 0x0000000707800000, 0x0000000707800000|100%| O|  |TAMS 0x0000000707600000, 0x0000000707600000| Untracked 
|  60|0x0000000707800000, 0x0000000707a00000, 0x0000000707a00000|100%| O|  |TAMS 0x0000000707800000, 0x0000000707800000| Untracked 
|  61|0x0000000707a00000, 0x0000000707c00000, 0x0000000707c00000|100%| O|  |TAMS 0x0000000707a00000, 0x0000000707a00000| Untracked 
|  62|0x0000000707c00000, 0x0000000707e00000, 0x0000000707e00000|100%| O|  |TAMS 0x0000000707c00000, 0x0000000707c00000| Untracked 
|  63|0x0000000707e00000, 0x0000000708000000, 0x0000000708000000|100%| O|  |TAMS 0x0000000707e00000, 0x0000000707e00000| Untracked 
|  64|0x0000000708000000, 0x0000000708200000, 0x0000000708200000|100%| O|  |TAMS 0x0000000708000000, 0x0000000708000000| Untracked 
|  65|0x0000000708200000, 0x0000000708400000, 0x0000000708400000|100%| O|  |TAMS 0x0000000708400000, 0x0000000708200000| Untracked 
|  66|0x0000000708400000, 0x0000000708600000, 0x0000000708600000|100%| O|  |TAMS 0x0000000708600000, 0x0000000708400000| Untracked 
|  67|0x0000000708600000, 0x0000000708800000, 0x0000000708800000|100%| O|  |TAMS 0x0000000708800000, 0x0000000708600000| Untracked 
|  68|0x0000000708800000, 0x0000000708a00000, 0x0000000708a00000|100%| O|  |TAMS 0x0000000708800000, 0x0000000708800000| Untracked 
|  69|0x0000000708a00000, 0x0000000708c00000, 0x0000000708c00000|100%| O|  |TAMS 0x0000000708a00000, 0x0000000708a00000| Untracked 
|  70|0x0000000708c00000, 0x0000000708db0a00, 0x0000000708e00000| 84%| O|  |TAMS 0x0000000708c00000, 0x0000000708c00000| Untracked 
|  71|0x0000000708e00000, 0x0000000709000000, 0x0000000709000000|100%|HS|  |TAMS 0x0000000708e00000, 0x0000000708e00000| Complete 
|  72|0x0000000709000000, 0x0000000709200000, 0x0000000709200000|100%|HS|  |TAMS 0x0000000709000000, 0x0000000709000000| Complete 
|  73|0x0000000709200000, 0x0000000709400000, 0x0000000709400000|100%|HS|  |TAMS 0x0000000709200000, 0x0000000709200000| Complete 
|  74|0x0000000709400000, 0x0000000709600000, 0x0000000709600000|100%|HC|  |TAMS 0x0000000709400000, 0x0000000709400000| Complete 
|  75|0x0000000709600000, 0x0000000709800000, 0x0000000709800000|100%|HC|  |TAMS 0x0000000709600000, 0x0000000709600000| Complete 
|  76|0x0000000709800000, 0x0000000709a00000, 0x0000000709a00000|100%|HC|  |TAMS 0x0000000709800000, 0x0000000709800000| Complete 
|  77|0x0000000709a00000, 0x0000000709a00000, 0x0000000709c00000|  0%| F|  |TAMS 0x0000000709a00000, 0x0000000709a00000| Untracked 
|  78|0x0000000709c00000, 0x0000000709c00000, 0x0000000709e00000|  0%| F|  |TAMS 0x0000000709c00000, 0x0000000709c00000| Untracked 
|  79|0x0000000709e00000, 0x0000000709e00000, 0x000000070a000000|  0%| F|  |TAMS 0x0000000709e00000, 0x0000000709e00000| Untracked 
|  80|0x000000070a000000, 0x000000070a000000, 0x000000070a200000|  0%| F|  |TAMS 0x000000070a000000, 0x000000070a000000| Untracked 
|  81|0x000000070a200000, 0x000000070a200000, 0x000000070a400000|  0%| F|  |TAMS 0x000000070a200000, 0x000000070a200000| Untracked 
|  82|0x000000070a400000, 0x000000070a400000, 0x000000070a600000|  0%| F|  |TAMS 0x000000070a400000, 0x000000070a400000| Untracked 
|  83|0x000000070a600000, 0x000000070a600000, 0x000000070a800000|  0%| F|  |TAMS 0x000000070a600000, 0x000000070a600000| Untracked 
|  84|0x000000070a800000, 0x000000070a800000, 0x000000070aa00000|  0%| F|  |TAMS 0x000000070a800000, 0x000000070a800000| Untracked 
|  85|0x000000070aa00000, 0x000000070aa00000, 0x000000070ac00000|  0%| F|  |TAMS 0x000000070aa00000, 0x000000070aa00000| Untracked 
|  86|0x000000070ac00000, 0x000000070ac00000, 0x000000070ae00000|  0%| F|  |TAMS 0x000000070ac00000, 0x000000070ac00000| Untracked 
|  87|0x000000070ae00000, 0x000000070ae00000, 0x000000070b000000|  0%| F|  |TAMS 0x000000070ae00000, 0x000000070ae00000| Untracked 
|  88|0x000000070b000000, 0x000000070b000000, 0x000000070b200000|  0%| F|  |TAMS 0x000000070b000000, 0x000000070b000000| Untracked 
|  89|0x000000070b200000, 0x000000070b200000, 0x000000070b400000|  0%| F|  |TAMS 0x000000070b200000, 0x000000070b200000| Untracked 
|  90|0x000000070b400000, 0x000000070b400000, 0x000000070b600000|  0%| F|  |TAMS 0x000000070b400000, 0x000000070b400000| Untracked 
|  91|0x000000070b600000, 0x000000070b600000, 0x000000070b800000|  0%| F|  |TAMS 0x000000070b600000, 0x000000070b600000| Untracked 
|  92|0x000000070b800000, 0x000000070b800000, 0x000000070ba00000|  0%| F|  |TAMS 0x000000070b800000, 0x000000070b800000| Untracked 
|  93|0x000000070ba00000, 0x000000070ba00000, 0x000000070bc00000|  0%| F|  |TAMS 0x000000070ba00000, 0x000000070ba00000| Untracked 
|  94|0x000000070bc00000, 0x000000070bc00000, 0x000000070be00000|  0%| F|  |TAMS 0x000000070bc00000, 0x000000070bc00000| Untracked 
|  95|0x000000070be00000, 0x000000070be00000, 0x000000070c000000|  0%| F|  |TAMS 0x000000070be00000, 0x000000070be00000| Untracked 
|  96|0x000000070c000000, 0x000000070c000000, 0x000000070c200000|  0%| F|  |TAMS 0x000000070c000000, 0x000000070c000000| Untracked 
|  97|0x000000070c200000, 0x000000070c200000, 0x000000070c400000|  0%| F|  |TAMS 0x000000070c200000, 0x000000070c200000| Untracked 
|  98|0x000000070c400000, 0x000000070c400000, 0x000000070c600000|  0%| F|  |TAMS 0x000000070c400000, 0x000000070c400000| Untracked 
|  99|0x000000070c600000, 0x000000070c600000, 0x000000070c800000|  0%| F|  |TAMS 0x000000070c600000, 0x000000070c600000| Untracked 
| 100|0x000000070c800000, 0x000000070c800000, 0x000000070ca00000|  0%| F|  |TAMS 0x000000070c800000, 0x000000070c800000| Untracked 
| 101|0x000000070ca00000, 0x000000070ca00000, 0x000000070cc00000|  0%| F|  |TAMS 0x000000070ca00000, 0x000000070ca00000| Untracked 
| 102|0x000000070cc00000, 0x000000070cc00000, 0x000000070ce00000|  0%| F|  |TAMS 0x000000070cc00000, 0x000000070cc00000| Untracked 
| 103|0x000000070ce00000, 0x000000070ce00000, 0x000000070d000000|  0%| F|  |TAMS 0x000000070ce00000, 0x000000070ce00000| Untracked 
| 104|0x000000070d000000, 0x000000070d000000, 0x000000070d200000|  0%| F|  |TAMS 0x000000070d000000, 0x000000070d000000| Untracked 
| 105|0x000000070d200000, 0x000000070d200000, 0x000000070d400000|  0%| F|  |TAMS 0x000000070d200000, 0x000000070d200000| Untracked 
| 106|0x000000070d400000, 0x000000070d400000, 0x000000070d600000|  0%| F|  |TAMS 0x000000070d400000, 0x000000070d400000| Untracked 
| 107|0x000000070d600000, 0x000000070d600000, 0x000000070d800000|  0%| F|  |TAMS 0x000000070d600000, 0x000000070d600000| Untracked 
| 108|0x000000070d800000, 0x000000070d800000, 0x000000070da00000|  0%| F|  |TAMS 0x000000070d800000, 0x000000070d800000| Untracked 
| 109|0x000000070da00000, 0x000000070da00000, 0x000000070dc00000|  0%| F|  |TAMS 0x000000070da00000, 0x000000070da00000| Untracked 
| 110|0x000000070dc00000, 0x000000070dc00000, 0x000000070de00000|  0%| F|  |TAMS 0x000000070dc00000, 0x000000070dc00000| Untracked 
| 111|0x000000070de00000, 0x000000070de00000, 0x000000070e000000|  0%| F|  |TAMS 0x000000070de00000, 0x000000070de00000| Untracked 
| 112|0x000000070e000000, 0x000000070e000000, 0x000000070e200000|  0%| F|  |TAMS 0x000000070e000000, 0x000000070e000000| Untracked 
| 113|0x000000070e200000, 0x000000070e200000, 0x000000070e400000|  0%| F|  |TAMS 0x000000070e200000, 0x000000070e200000| Untracked 
| 114|0x000000070e400000, 0x000000070e400000, 0x000000070e600000|  0%| F|  |TAMS 0x000000070e400000, 0x000000070e400000| Untracked 
| 115|0x000000070e600000, 0x000000070e600000, 0x000000070e800000|  0%| F|  |TAMS 0x000000070e600000, 0x000000070e600000| Untracked 
| 116|0x000000070e800000, 0x000000070e800000, 0x000000070ea00000|  0%| F|  |TAMS 0x000000070e800000, 0x000000070e800000| Untracked 
| 117|0x000000070ea00000, 0x000000070ea00000, 0x000000070ec00000|  0%| F|  |TAMS 0x000000070ea00000, 0x000000070ea00000| Untracked 
| 118|0x000000070ec00000, 0x000000070ec00000, 0x000000070ee00000|  0%| F|  |TAMS 0x000000070ec00000, 0x000000070ec00000| Untracked 
| 119|0x000000070ee00000, 0x000000070ee00000, 0x000000070f000000|  0%| F|  |TAMS 0x000000070ee00000, 0x000000070ee00000| Untracked 
| 120|0x000000070f000000, 0x000000070f000000, 0x000000070f200000|  0%| F|  |TAMS 0x000000070f000000, 0x000000070f000000| Untracked 
| 121|0x000000070f200000, 0x000000070f200000, 0x000000070f400000|  0%| F|  |TAMS 0x000000070f200000, 0x000000070f200000| Untracked 
| 122|0x000000070f400000, 0x000000070f400000, 0x000000070f600000|  0%| F|  |TAMS 0x000000070f400000, 0x000000070f400000| Untracked 
| 123|0x000000070f600000, 0x000000070f600000, 0x000000070f800000|  0%| F|  |TAMS 0x000000070f600000, 0x000000070f600000| Untracked 
| 124|0x000000070f800000, 0x000000070f800000, 0x000000070fa00000|  0%| F|  |TAMS 0x000000070f800000, 0x000000070f800000| Untracked 
| 125|0x000000070fa00000, 0x000000070fa00000, 0x000000070fc00000|  0%| F|  |TAMS 0x000000070fa00000, 0x000000070fa00000| Untracked 
| 126|0x000000070fc00000, 0x000000070fc00000, 0x000000070fe00000|  0%| F|  |TAMS 0x000000070fc00000, 0x000000070fc00000| Untracked 
| 127|0x000000070fe00000, 0x000000070fe00000, 0x0000000710000000|  0%| F|  |TAMS 0x000000070fe00000, 0x000000070fe00000| Untracked 
| 128|0x0000000710000000, 0x0000000710000000, 0x0000000710200000|  0%| F|  |TAMS 0x0000000710000000, 0x0000000710000000| Untracked 
| 129|0x0000000710200000, 0x0000000710200000, 0x0000000710400000|  0%| F|  |TAMS 0x0000000710200000, 0x0000000710200000| Untracked 
| 130|0x0000000710400000, 0x0000000710400000, 0x0000000710600000|  0%| F|  |TAMS 0x0000000710400000, 0x0000000710400000| Untracked 
| 131|0x0000000710600000, 0x0000000710600000, 0x0000000710800000|  0%| F|  |TAMS 0x0000000710600000, 0x0000000710600000| Untracked 
| 132|0x0000000710800000, 0x0000000710800000, 0x0000000710a00000|  0%| F|  |TAMS 0x0000000710800000, 0x0000000710800000| Untracked 
| 133|0x0000000710a00000, 0x0000000710a00000, 0x0000000710c00000|  0%| F|  |TAMS 0x0000000710a00000, 0x0000000710a00000| Untracked 
| 134|0x0000000710c00000, 0x0000000710c00000, 0x0000000710e00000|  0%| F|  |TAMS 0x0000000710c00000, 0x0000000710c00000| Untracked 
| 135|0x0000000710e00000, 0x0000000710e00000, 0x0000000711000000|  0%| F|  |TAMS 0x0000000710e00000, 0x0000000710e00000| Untracked 
| 136|0x0000000711000000, 0x0000000711000000, 0x0000000711200000|  0%| F|  |TAMS 0x0000000711000000, 0x0000000711000000| Untracked 
| 137|0x0000000711200000, 0x0000000711200000, 0x0000000711400000|  0%| F|  |TAMS 0x0000000711200000, 0x0000000711200000| Untracked 
| 138|0x0000000711400000, 0x0000000711400000, 0x0000000711600000|  0%| F|  |TAMS 0x0000000711400000, 0x0000000711400000| Untracked 
| 139|0x0000000711600000, 0x0000000711600000, 0x0000000711800000|  0%| F|  |TAMS 0x0000000711600000, 0x0000000711600000| Untracked 
| 140|0x0000000711800000, 0x0000000711800000, 0x0000000711a00000|  0%| F|  |TAMS 0x0000000711800000, 0x0000000711800000| Untracked 
| 141|0x0000000711a00000, 0x0000000711a00000, 0x0000000711c00000|  0%| F|  |TAMS 0x0000000711a00000, 0x0000000711a00000| Untracked 
| 142|0x0000000711c00000, 0x0000000711c00000, 0x0000000711e00000|  0%| F|  |TAMS 0x0000000711c00000, 0x0000000711c00000| Untracked 
| 143|0x0000000711e00000, 0x0000000711e00000, 0x0000000712000000|  0%| F|  |TAMS 0x0000000711e00000, 0x0000000711e00000| Untracked 
| 144|0x0000000712000000, 0x0000000712000000, 0x0000000712200000|  0%| F|  |TAMS 0x0000000712000000, 0x0000000712000000| Untracked 
| 145|0x0000000712200000, 0x0000000712200000, 0x0000000712400000|  0%| F|  |TAMS 0x0000000712200000, 0x0000000712200000| Untracked 
| 146|0x0000000712400000, 0x0000000712400000, 0x0000000712600000|  0%| F|  |TAMS 0x0000000712400000, 0x0000000712400000| Untracked 
| 147|0x0000000712600000, 0x0000000712600000, 0x0000000712800000|  0%| F|  |TAMS 0x0000000712600000, 0x0000000712600000| Untracked 
| 148|0x0000000712800000, 0x0000000712800000, 0x0000000712a00000|  0%| F|  |TAMS 0x0000000712800000, 0x0000000712800000| Untracked 
| 149|0x0000000712a00000, 0x0000000712a00000, 0x0000000712c00000|  0%| F|  |TAMS 0x0000000712a00000, 0x0000000712a00000| Untracked 
| 150|0x0000000712c00000, 0x0000000712c00000, 0x0000000712e00000|  0%| F|  |TAMS 0x0000000712c00000, 0x0000000712c00000| Untracked 
| 151|0x0000000712e00000, 0x0000000712e00000, 0x0000000713000000|  0%| F|  |TAMS 0x0000000712e00000, 0x0000000712e00000| Untracked 
| 152|0x0000000713000000, 0x0000000713000000, 0x0000000713200000|  0%| F|  |TAMS 0x0000000713000000, 0x0000000713000000| Untracked 
| 153|0x0000000713200000, 0x0000000713200000, 0x0000000713400000|  0%| F|  |TAMS 0x0000000713200000, 0x0000000713200000| Untracked 
| 154|0x0000000713400000, 0x0000000713400000, 0x0000000713600000|  0%| F|  |TAMS 0x0000000713400000, 0x0000000713400000| Untracked 
| 155|0x0000000713600000, 0x0000000713600000, 0x0000000713800000|  0%| F|  |TAMS 0x0000000713600000, 0x0000000713600000| Untracked 
| 156|0x0000000713800000, 0x0000000713800000, 0x0000000713a00000|  0%| F|  |TAMS 0x0000000713800000, 0x0000000713800000| Untracked 
| 157|0x0000000713a00000, 0x0000000713a00000, 0x0000000713c00000|  0%| F|  |TAMS 0x0000000713a00000, 0x0000000713a00000| Untracked 
| 158|0x0000000713c00000, 0x0000000713c00000, 0x0000000713e00000|  0%| F|  |TAMS 0x0000000713c00000, 0x0000000713c00000| Untracked 
| 159|0x0000000713e00000, 0x0000000713e00000, 0x0000000714000000|  0%| F|  |TAMS 0x0000000713e00000, 0x0000000713e00000| Untracked 
| 160|0x0000000714000000, 0x0000000714000000, 0x0000000714200000|  0%| F|  |TAMS 0x0000000714000000, 0x0000000714000000| Untracked 
| 161|0x0000000714200000, 0x0000000714200000, 0x0000000714400000|  0%| F|  |TAMS 0x0000000714200000, 0x0000000714200000| Untracked 
| 162|0x0000000714400000, 0x0000000714400000, 0x0000000714600000|  0%| F|  |TAMS 0x0000000714400000, 0x0000000714400000| Untracked 
| 163|0x0000000714600000, 0x0000000714600000, 0x0000000714800000|  0%| F|  |TAMS 0x0000000714600000, 0x0000000714600000| Untracked 
| 164|0x0000000714800000, 0x0000000714800000, 0x0000000714a00000|  0%| F|  |TAMS 0x0000000714800000, 0x0000000714800000| Untracked 
| 165|0x0000000714a00000, 0x0000000714a00000, 0x0000000714c00000|  0%| F|  |TAMS 0x0000000714a00000, 0x0000000714a00000| Untracked 
| 166|0x0000000714c00000, 0x0000000714c00000, 0x0000000714e00000|  0%| F|  |TAMS 0x0000000714c00000, 0x0000000714c00000| Untracked 
| 167|0x0000000714e00000, 0x0000000714e00000, 0x0000000715000000|  0%| F|  |TAMS 0x0000000714e00000, 0x0000000714e00000| Untracked 
| 168|0x0000000715000000, 0x0000000715000000, 0x0000000715200000|  0%| F|  |TAMS 0x0000000715000000, 0x0000000715000000| Untracked 
| 169|0x0000000715200000, 0x0000000715200000, 0x0000000715400000|  0%| F|  |TAMS 0x0000000715200000, 0x0000000715200000| Untracked 
| 170|0x0000000715400000, 0x0000000715400000, 0x0000000715600000|  0%| F|  |TAMS 0x0000000715400000, 0x0000000715400000| Untracked 
| 171|0x0000000715600000, 0x0000000715600000, 0x0000000715800000|  0%| F|  |TAMS 0x0000000715600000, 0x0000000715600000| Untracked 
| 172|0x0000000715800000, 0x0000000715800000, 0x0000000715a00000|  0%| F|  |TAMS 0x0000000715800000, 0x0000000715800000| Untracked 
| 173|0x0000000715a00000, 0x0000000715a00000, 0x0000000715c00000|  0%| F|  |TAMS 0x0000000715a00000, 0x0000000715a00000| Untracked 
| 174|0x0000000715c00000, 0x0000000715c00000, 0x0000000715e00000|  0%| F|  |TAMS 0x0000000715c00000, 0x0000000715c00000| Untracked 
| 175|0x0000000715e00000, 0x0000000715e00000, 0x0000000716000000|  0%| F|  |TAMS 0x0000000715e00000, 0x0000000715e00000| Untracked 
| 176|0x0000000716000000, 0x0000000716000000, 0x0000000716200000|  0%| F|  |TAMS 0x0000000716000000, 0x0000000716000000| Untracked 
| 177|0x0000000716200000, 0x0000000716200000, 0x0000000716400000|  0%| F|  |TAMS 0x0000000716200000, 0x0000000716200000| Untracked 
| 178|0x0000000716400000, 0x0000000716400000, 0x0000000716600000|  0%| F|  |TAMS 0x0000000716400000, 0x0000000716400000| Untracked 
| 179|0x0000000716600000, 0x0000000716600000, 0x0000000716800000|  0%| F|  |TAMS 0x0000000716600000, 0x0000000716600000| Untracked 
| 180|0x0000000716800000, 0x0000000716800000, 0x0000000716a00000|  0%| F|  |TAMS 0x0000000716800000, 0x0000000716800000| Untracked 
| 181|0x0000000716a00000, 0x0000000716a00000, 0x0000000716c00000|  0%| F|  |TAMS 0x0000000716a00000, 0x0000000716a00000| Untracked 
| 182|0x0000000716c00000, 0x0000000716c00000, 0x0000000716e00000|  0%| F|  |TAMS 0x0000000716c00000, 0x0000000716c00000| Untracked 
| 183|0x0000000716e00000, 0x0000000716e00000, 0x0000000717000000|  0%| F|  |TAMS 0x0000000716e00000, 0x0000000716e00000| Untracked 
| 184|0x0000000717000000, 0x0000000717000000, 0x0000000717200000|  0%| F|  |TAMS 0x0000000717000000, 0x0000000717000000| Untracked 
| 185|0x0000000717200000, 0x0000000717200000, 0x0000000717400000|  0%| F|  |TAMS 0x0000000717200000, 0x0000000717200000| Untracked 
| 186|0x0000000717400000, 0x0000000717400000, 0x0000000717600000|  0%| F|  |TAMS 0x0000000717400000, 0x0000000717400000| Untracked 
| 187|0x0000000717600000, 0x0000000717600000, 0x0000000717800000|  0%| F|  |TAMS 0x0000000717600000, 0x0000000717600000| Untracked 
| 188|0x0000000717800000, 0x0000000717800000, 0x0000000717a00000|  0%| F|  |TAMS 0x0000000717800000, 0x0000000717800000| Untracked 
| 189|0x0000000717a00000, 0x0000000717a00000, 0x0000000717c00000|  0%| F|  |TAMS 0x0000000717a00000, 0x0000000717a00000| Untracked 
| 190|0x0000000717c00000, 0x0000000717c00000, 0x0000000717e00000|  0%| F|  |TAMS 0x0000000717c00000, 0x0000000717c00000| Untracked 
| 191|0x0000000717e00000, 0x0000000717e00000, 0x0000000718000000|  0%| F|  |TAMS 0x0000000717e00000, 0x0000000717e00000| Untracked 
| 192|0x0000000718000000, 0x0000000718000000, 0x0000000718200000|  0%| F|  |TAMS 0x0000000718000000, 0x0000000718000000| Untracked 
| 193|0x0000000718200000, 0x0000000718200000, 0x0000000718400000|  0%| F|  |TAMS 0x0000000718200000, 0x0000000718200000| Untracked 
| 194|0x0000000718400000, 0x0000000718400000, 0x0000000718600000|  0%| F|  |TAMS 0x0000000718400000, 0x0000000718400000| Untracked 
| 195|0x0000000718600000, 0x0000000718600000, 0x0000000718800000|  0%| F|  |TAMS 0x0000000718600000, 0x0000000718600000| Untracked 
| 196|0x0000000718800000, 0x0000000718800000, 0x0000000718a00000|  0%| F|  |TAMS 0x0000000718800000, 0x0000000718800000| Untracked 
| 197|0x0000000718a00000, 0x0000000718a00000, 0x0000000718c00000|  0%| F|  |TAMS 0x0000000718a00000, 0x0000000718a00000| Untracked 
| 198|0x0000000718c00000, 0x0000000718c00000, 0x0000000718e00000|  0%| F|  |TAMS 0x0000000718c00000, 0x0000000718c00000| Untracked 
| 199|0x0000000718e00000, 0x0000000718e00000, 0x0000000719000000|  0%| F|  |TAMS 0x0000000718e00000, 0x0000000718e00000| Untracked 
| 200|0x0000000719000000, 0x0000000719000000, 0x0000000719200000|  0%| F|  |TAMS 0x0000000719000000, 0x0000000719000000| Untracked 
| 201|0x0000000719200000, 0x0000000719200000, 0x0000000719400000|  0%| F|  |TAMS 0x0000000719200000, 0x0000000719200000| Untracked 
| 202|0x0000000719400000, 0x0000000719400000, 0x0000000719600000|  0%| F|  |TAMS 0x0000000719400000, 0x0000000719400000| Untracked 
| 203|0x0000000719600000, 0x0000000719600000, 0x0000000719800000|  0%| F|  |TAMS 0x0000000719600000, 0x0000000719600000| Untracked 
| 204|0x0000000719800000, 0x0000000719800000, 0x0000000719a00000|  0%| F|  |TAMS 0x0000000719800000, 0x0000000719800000| Untracked 
| 205|0x0000000719a00000, 0x0000000719a00000, 0x0000000719c00000|  0%| F|  |TAMS 0x0000000719a00000, 0x0000000719a00000| Untracked 
| 206|0x0000000719c00000, 0x0000000719c00000, 0x0000000719e00000|  0%| F|  |TAMS 0x0000000719c00000, 0x0000000719c00000| Untracked 
| 207|0x0000000719e00000, 0x0000000719e00000, 0x000000071a000000|  0%| F|  |TAMS 0x0000000719e00000, 0x0000000719e00000| Untracked 
| 208|0x000000071a000000, 0x000000071a000000, 0x000000071a200000|  0%| F|  |TAMS 0x000000071a000000, 0x000000071a000000| Untracked 
| 209|0x000000071a200000, 0x000000071a200000, 0x000000071a400000|  0%| F|  |TAMS 0x000000071a200000, 0x000000071a200000| Untracked 
| 210|0x000000071a400000, 0x000000071a400000, 0x000000071a600000|  0%| F|  |TAMS 0x000000071a400000, 0x000000071a400000| Untracked 
| 211|0x000000071a600000, 0x000000071a600000, 0x000000071a800000|  0%| F|  |TAMS 0x000000071a600000, 0x000000071a600000| Untracked 
| 212|0x000000071a800000, 0x000000071a800000, 0x000000071aa00000|  0%| F|  |TAMS 0x000000071a800000, 0x000000071a800000| Untracked 
| 213|0x000000071aa00000, 0x000000071aa00000, 0x000000071ac00000|  0%| F|  |TAMS 0x000000071aa00000, 0x000000071aa00000| Untracked 
| 214|0x000000071ac00000, 0x000000071ac00000, 0x000000071ae00000|  0%| F|  |TAMS 0x000000071ac00000, 0x000000071ac00000| Untracked 
| 215|0x000000071ae00000, 0x000000071ae00000, 0x000000071b000000|  0%| F|  |TAMS 0x000000071ae00000, 0x000000071ae00000| Untracked 
| 216|0x000000071b000000, 0x000000071b000000, 0x000000071b200000|  0%| F|  |TAMS 0x000000071b000000, 0x000000071b000000| Untracked 
| 217|0x000000071b200000, 0x000000071b200000, 0x000000071b400000|  0%| F|  |TAMS 0x000000071b200000, 0x000000071b200000| Untracked 
| 218|0x000000071b400000, 0x000000071b400000, 0x000000071b600000|  0%| F|  |TAMS 0x000000071b400000, 0x000000071b400000| Untracked 
| 219|0x000000071b600000, 0x000000071b600000, 0x000000071b800000|  0%| F|  |TAMS 0x000000071b600000, 0x000000071b600000| Untracked 
| 220|0x000000071b800000, 0x000000071b800000, 0x000000071ba00000|  0%| F|  |TAMS 0x000000071b800000, 0x000000071b800000| Untracked 
| 221|0x000000071ba00000, 0x000000071ba00000, 0x000000071bc00000|  0%| F|  |TAMS 0x000000071ba00000, 0x000000071ba00000| Untracked 
| 222|0x000000071bc00000, 0x000000071bc00000, 0x000000071be00000|  0%| F|  |TAMS 0x000000071bc00000, 0x000000071bc00000| Untracked 
| 223|0x000000071be00000, 0x000000071bf00000, 0x000000071c000000| 50%| S|CS|TAMS 0x000000071be00000, 0x000000071be00000| Complete 
| 224|0x000000071c000000, 0x000000071c200000, 0x000000071c200000|100%| S|CS|TAMS 0x000000071c000000, 0x000000071c000000| Complete 
| 225|0x000000071c200000, 0x000000071c400000, 0x000000071c400000|100%| S|CS|TAMS 0x000000071c200000, 0x000000071c200000| Complete 
| 226|0x000000071c400000, 0x000000071c600000, 0x000000071c600000|100%| S|CS|TAMS 0x000000071c400000, 0x000000071c400000| Complete 
| 227|0x000000071c600000, 0x000000071c800000, 0x000000071c800000|100%| S|CS|TAMS 0x000000071c600000, 0x000000071c600000| Complete 
| 228|0x000000071c800000, 0x000000071c800000, 0x000000071ca00000|  0%| F|  |TAMS 0x000000071c800000, 0x000000071c800000| Untracked 
| 229|0x000000071ca00000, 0x000000071ca00000, 0x000000071cc00000|  0%| F|  |TAMS 0x000000071ca00000, 0x000000071ca00000| Untracked 
| 230|0x000000071cc00000, 0x000000071cc00000, 0x000000071ce00000|  0%| F|  |TAMS 0x000000071cc00000, 0x000000071cc00000| Untracked 
| 231|0x000000071ce00000, 0x000000071d000000, 0x000000071d000000|100%| S|CS|TAMS 0x000000071ce00000, 0x000000071ce00000| Complete 
| 232|0x000000071d000000, 0x000000071d200000, 0x000000071d200000|100%| S|CS|TAMS 0x000000071d000000, 0x000000071d000000| Complete 
| 233|0x000000071d200000, 0x000000071d400000, 0x000000071d400000|100%| S|CS|TAMS 0x000000071d200000, 0x000000071d200000| Complete 
| 234|0x000000071d400000, 0x000000071d400000, 0x000000071d600000|  0%| F|  |TAMS 0x000000071d400000, 0x000000071d400000| Untracked 
| 235|0x000000071d600000, 0x000000071d600000, 0x000000071d800000|  0%| F|  |TAMS 0x000000071d600000, 0x000000071d600000| Untracked 
| 236|0x000000071d800000, 0x000000071d800000, 0x000000071da00000|  0%| F|  |TAMS 0x000000071d800000, 0x000000071d800000| Untracked 
| 237|0x000000071da00000, 0x000000071da00000, 0x000000071dc00000|  0%| F|  |TAMS 0x000000071da00000, 0x000000071da00000| Untracked 
| 238|0x000000071dc00000, 0x000000071de00000, 0x000000071de00000|100%| S|CS|TAMS 0x000000071dc00000, 0x000000071dc00000| Complete 
| 239|0x000000071de00000, 0x000000071e000000, 0x000000071e000000|100%| S|CS|TAMS 0x000000071de00000, 0x000000071de00000| Complete 
| 240|0x000000071e000000, 0x000000071e200000, 0x000000071e200000|100%| S|CS|TAMS 0x000000071e000000, 0x000000071e000000| Complete 
| 241|0x000000071e200000, 0x000000071e400000, 0x000000071e400000|100%| S|CS|TAMS 0x000000071e200000, 0x000000071e200000| Complete 
| 242|0x000000071e400000, 0x000000071e400000, 0x000000071e600000|  0%| F|  |TAMS 0x000000071e400000, 0x000000071e400000| Untracked 
| 243|0x000000071e600000, 0x000000071e600000, 0x000000071e800000|  0%| F|  |TAMS 0x000000071e600000, 0x000000071e600000| Untracked 
| 244|0x000000071e800000, 0x000000071e800000, 0x000000071ea00000|  0%| F|  |TAMS 0x000000071e800000, 0x000000071e800000| Untracked 
| 245|0x000000071ea00000, 0x000000071ec00000, 0x000000071ec00000|100%| S|CS|TAMS 0x000000071ea00000, 0x000000071ea00000| Complete 
| 246|0x000000071ec00000, 0x000000071ee00000, 0x000000071ee00000|100%| S|CS|TAMS 0x000000071ec00000, 0x000000071ec00000| Complete 
| 247|0x000000071ee00000, 0x000000071f000000, 0x000000071f000000|100%| S|CS|TAMS 0x000000071ee00000, 0x000000071ee00000| Complete 
| 248|0x000000071f000000, 0x000000071f000000, 0x000000071f200000|  0%| F|  |TAMS 0x000000071f000000, 0x000000071f000000| Untracked 
| 249|0x000000071f200000, 0x000000071f200000, 0x000000071f400000|  0%| F|  |TAMS 0x000000071f200000, 0x000000071f200000| Untracked 
| 250|0x000000071f400000, 0x000000071f400000, 0x000000071f600000|  0%| F|  |TAMS 0x000000071f400000, 0x000000071f400000| Untracked 
| 251|0x000000071f600000, 0x000000071f600000, 0x000000071f800000|  0%| F|  |TAMS 0x000000071f600000, 0x000000071f600000| Untracked 
| 252|0x000000071f800000, 0x000000071f800000, 0x000000071fa00000|  0%| F|  |TAMS 0x000000071f800000, 0x000000071f800000| Untracked 
| 253|0x000000071fa00000, 0x000000071fa00000, 0x000000071fc00000|  0%| F|  |TAMS 0x000000071fa00000, 0x000000071fa00000| Untracked 
| 254|0x000000071fc00000, 0x000000071fc00000, 0x000000071fe00000|  0%| F|  |TAMS 0x000000071fc00000, 0x000000071fc00000| Untracked 
| 255|0x000000071fe00000, 0x000000071fe00000, 0x0000000720000000|  0%| F|  |TAMS 0x000000071fe00000, 0x000000071fe00000| Untracked 
| 256|0x0000000720000000, 0x0000000720000000, 0x0000000720200000|  0%| F|  |TAMS 0x0000000720000000, 0x0000000720000000| Untracked 
| 257|0x0000000720200000, 0x0000000720200000, 0x0000000720400000|  0%| F|  |TAMS 0x0000000720200000, 0x0000000720200000| Untracked 
| 258|0x0000000720400000, 0x0000000720400000, 0x0000000720600000|  0%| F|  |TAMS 0x0000000720400000, 0x0000000720400000| Untracked 
| 259|0x0000000720600000, 0x0000000720600000, 0x0000000720800000|  0%| F|  |TAMS 0x0000000720600000, 0x0000000720600000| Untracked 
| 260|0x0000000720800000, 0x0000000720800000, 0x0000000720a00000|  0%| F|  |TAMS 0x0000000720800000, 0x0000000720800000| Untracked 
| 261|0x0000000720a00000, 0x0000000720a00000, 0x0000000720c00000|  0%| F|  |TAMS 0x0000000720a00000, 0x0000000720a00000| Untracked 
| 262|0x0000000720c00000, 0x0000000720c00000, 0x0000000720e00000|  0%| F|  |TAMS 0x0000000720c00000, 0x0000000720c00000| Untracked 
| 263|0x0000000720e00000, 0x0000000720e00000, 0x0000000721000000|  0%| F|  |TAMS 0x0000000720e00000, 0x0000000720e00000| Untracked 
| 264|0x0000000721000000, 0x0000000721000000, 0x0000000721200000|  0%| F|  |TAMS 0x0000000721000000, 0x0000000721000000| Untracked 
| 265|0x0000000721200000, 0x0000000721200000, 0x0000000721400000|  0%| F|  |TAMS 0x0000000721200000, 0x0000000721200000| Untracked 
| 266|0x0000000721400000, 0x0000000721400000, 0x0000000721600000|  0%| F|  |TAMS 0x0000000721400000, 0x0000000721400000| Untracked 
| 267|0x0000000721600000, 0x0000000721600000, 0x0000000721800000|  0%| F|  |TAMS 0x0000000721600000, 0x0000000721600000| Untracked 
| 268|0x0000000721800000, 0x0000000721800000, 0x0000000721a00000|  0%| F|  |TAMS 0x0000000721800000, 0x0000000721800000| Untracked 
| 269|0x0000000721a00000, 0x0000000721a00000, 0x0000000721c00000|  0%| F|  |TAMS 0x0000000721a00000, 0x0000000721a00000| Untracked 
| 270|0x0000000721c00000, 0x0000000721c00000, 0x0000000721e00000|  0%| F|  |TAMS 0x0000000721c00000, 0x0000000721c00000| Untracked 
| 271|0x0000000721e00000, 0x0000000721e00000, 0x0000000722000000|  0%| F|  |TAMS 0x0000000721e00000, 0x0000000721e00000| Untracked 
| 272|0x0000000722000000, 0x0000000722000000, 0x0000000722200000|  0%| F|  |TAMS 0x0000000722000000, 0x0000000722000000| Untracked 
| 273|0x0000000722200000, 0x0000000722200000, 0x0000000722400000|  0%| F|  |TAMS 0x0000000722200000, 0x0000000722200000| Untracked 
| 274|0x0000000722400000, 0x0000000722400000, 0x0000000722600000|  0%| F|  |TAMS 0x0000000722400000, 0x0000000722400000| Untracked 
| 275|0x0000000722600000, 0x0000000722600000, 0x0000000722800000|  0%| F|  |TAMS 0x0000000722600000, 0x0000000722600000| Untracked 
| 276|0x0000000722800000, 0x0000000722800000, 0x0000000722a00000|  0%| F|  |TAMS 0x0000000722800000, 0x0000000722800000| Untracked 
| 277|0x0000000722a00000, 0x0000000722a00000, 0x0000000722c00000|  0%| F|  |TAMS 0x0000000722a00000, 0x0000000722a00000| Untracked 
| 278|0x0000000722c00000, 0x0000000722c00000, 0x0000000722e00000|  0%| F|  |TAMS 0x0000000722c00000, 0x0000000722c00000| Untracked 
| 279|0x0000000722e00000, 0x0000000722e00000, 0x0000000723000000|  0%| F|  |TAMS 0x0000000722e00000, 0x0000000722e00000| Untracked 
| 280|0x0000000723000000, 0x0000000723000000, 0x0000000723200000|  0%| F|  |TAMS 0x0000000723000000, 0x0000000723000000| Untracked 
| 281|0x0000000723200000, 0x0000000723200000, 0x0000000723400000|  0%| F|  |TAMS 0x0000000723200000, 0x0000000723200000| Untracked 
| 282|0x0000000723400000, 0x0000000723400000, 0x0000000723600000|  0%| F|  |TAMS 0x0000000723400000, 0x0000000723400000| Untracked 
| 283|0x0000000723600000, 0x0000000723600000, 0x0000000723800000|  0%| F|  |TAMS 0x0000000723600000, 0x0000000723600000| Untracked 
| 284|0x0000000723800000, 0x0000000723800000, 0x0000000723a00000|  0%| F|  |TAMS 0x0000000723800000, 0x0000000723800000| Untracked 
| 285|0x0000000723a00000, 0x0000000723a00000, 0x0000000723c00000|  0%| F|  |TAMS 0x0000000723a00000, 0x0000000723a00000| Untracked 
| 286|0x0000000723c00000, 0x0000000723c00000, 0x0000000723e00000|  0%| F|  |TAMS 0x0000000723c00000, 0x0000000723c00000| Untracked 
| 287|0x0000000723e00000, 0x0000000723e00000, 0x0000000724000000|  0%| F|  |TAMS 0x0000000723e00000, 0x0000000723e00000| Untracked 
| 288|0x0000000724000000, 0x0000000724000000, 0x0000000724200000|  0%| F|  |TAMS 0x0000000724000000, 0x0000000724000000| Untracked 
| 289|0x0000000724200000, 0x0000000724200000, 0x0000000724400000|  0%| F|  |TAMS 0x0000000724200000, 0x0000000724200000| Untracked 
| 290|0x0000000724400000, 0x0000000724400000, 0x0000000724600000|  0%| F|  |TAMS 0x0000000724400000, 0x0000000724400000| Untracked 
| 291|0x0000000724600000, 0x0000000724600000, 0x0000000724800000|  0%| F|  |TAMS 0x0000000724600000, 0x0000000724600000| Untracked 
| 292|0x0000000724800000, 0x0000000724800000, 0x0000000724a00000|  0%| F|  |TAMS 0x0000000724800000, 0x0000000724800000| Untracked 
| 293|0x0000000724a00000, 0x0000000724a00000, 0x0000000724c00000|  0%| F|  |TAMS 0x0000000724a00000, 0x0000000724a00000| Untracked 
| 294|0x0000000724c00000, 0x0000000724c00000, 0x0000000724e00000|  0%| F|  |TAMS 0x0000000724c00000, 0x0000000724c00000| Untracked 
| 295|0x0000000724e00000, 0x0000000724e00000, 0x0000000725000000|  0%| F|  |TAMS 0x0000000724e00000, 0x0000000724e00000| Untracked 
| 296|0x0000000725000000, 0x0000000725000000, 0x0000000725200000|  0%| F|  |TAMS 0x0000000725000000, 0x0000000725000000| Untracked 
| 297|0x0000000725200000, 0x0000000725200000, 0x0000000725400000|  0%| F|  |TAMS 0x0000000725200000, 0x0000000725200000| Untracked 
| 298|0x0000000725400000, 0x0000000725400000, 0x0000000725600000|  0%| F|  |TAMS 0x0000000725400000, 0x0000000725400000| Untracked 
| 299|0x0000000725600000, 0x0000000725600000, 0x0000000725800000|  0%| F|  |TAMS 0x0000000725600000, 0x0000000725600000| Untracked 
| 300|0x0000000725800000, 0x0000000725800000, 0x0000000725a00000|  0%| F|  |TAMS 0x0000000725800000, 0x0000000725800000| Untracked 
| 301|0x0000000725a00000, 0x0000000725a00000, 0x0000000725c00000|  0%| F|  |TAMS 0x0000000725a00000, 0x0000000725a00000| Untracked 
| 302|0x0000000725c00000, 0x0000000725c00000, 0x0000000725e00000|  0%| F|  |TAMS 0x0000000725c00000, 0x0000000725c00000| Untracked 
| 303|0x0000000725e00000, 0x0000000725e00000, 0x0000000726000000|  0%| F|  |TAMS 0x0000000725e00000, 0x0000000725e00000| Untracked 
| 304|0x0000000726000000, 0x0000000726000000, 0x0000000726200000|  0%| F|  |TAMS 0x0000000726000000, 0x0000000726000000| Untracked 
| 305|0x0000000726200000, 0x0000000726200000, 0x0000000726400000|  0%| F|  |TAMS 0x0000000726200000, 0x0000000726200000| Untracked 
| 306|0x0000000726400000, 0x0000000726400000, 0x0000000726600000|  0%| F|  |TAMS 0x0000000726400000, 0x0000000726400000| Untracked 
| 307|0x0000000726600000, 0x0000000726600000, 0x0000000726800000|  0%| F|  |TAMS 0x0000000726600000, 0x0000000726600000| Untracked 
| 308|0x0000000726800000, 0x0000000726800000, 0x0000000726a00000|  0%| F|  |TAMS 0x0000000726800000, 0x0000000726800000| Untracked 
| 309|0x0000000726a00000, 0x0000000726a00000, 0x0000000726c00000|  0%| F|  |TAMS 0x0000000726a00000, 0x0000000726a00000| Untracked 
| 310|0x0000000726c00000, 0x0000000726c00000, 0x0000000726e00000|  0%| F|  |TAMS 0x0000000726c00000, 0x0000000726c00000| Untracked 
| 311|0x0000000726e00000, 0x0000000726e00000, 0x0000000727000000|  0%| F|  |TAMS 0x0000000726e00000, 0x0000000726e00000| Untracked 
| 312|0x0000000727000000, 0x0000000727000000, 0x0000000727200000|  0%| F|  |TAMS 0x0000000727000000, 0x0000000727000000| Untracked 
| 313|0x0000000727200000, 0x0000000727200000, 0x0000000727400000|  0%| F|  |TAMS 0x0000000727200000, 0x0000000727200000| Untracked 
| 314|0x0000000727400000, 0x0000000727400000, 0x0000000727600000|  0%| F|  |TAMS 0x0000000727400000, 0x0000000727400000| Untracked 
| 315|0x0000000727600000, 0x0000000727600000, 0x0000000727800000|  0%| F|  |TAMS 0x0000000727600000, 0x0000000727600000| Untracked 
| 316|0x0000000727800000, 0x0000000727800000, 0x0000000727a00000|  0%| F|  |TAMS 0x0000000727800000, 0x0000000727800000| Untracked 
| 317|0x0000000727a00000, 0x0000000727a00000, 0x0000000727c00000|  0%| F|  |TAMS 0x0000000727a00000, 0x0000000727a00000| Untracked 
| 318|0x0000000727c00000, 0x0000000727c00000, 0x0000000727e00000|  0%| F|  |TAMS 0x0000000727c00000, 0x0000000727c00000| Untracked 
| 319|0x0000000727e00000, 0x0000000727e00000, 0x0000000728000000|  0%| F|  |TAMS 0x0000000727e00000, 0x0000000727e00000| Untracked 
| 320|0x0000000728000000, 0x0000000728000000, 0x0000000728200000|  0%| F|  |TAMS 0x0000000728000000, 0x0000000728000000| Untracked 
| 321|0x0000000728200000, 0x0000000728200000, 0x0000000728400000|  0%| F|  |TAMS 0x0000000728200000, 0x0000000728200000| Untracked 
| 322|0x0000000728400000, 0x0000000728400000, 0x0000000728600000|  0%| F|  |TAMS 0x0000000728400000, 0x0000000728400000| Untracked 
| 323|0x0000000728600000, 0x0000000728600000, 0x0000000728800000|  0%| F|  |TAMS 0x0000000728600000, 0x0000000728600000| Untracked 
| 324|0x0000000728800000, 0x0000000728800000, 0x0000000728a00000|  0%| F|  |TAMS 0x0000000728800000, 0x0000000728800000| Untracked 
| 325|0x0000000728a00000, 0x0000000728a00000, 0x0000000728c00000|  0%| F|  |TAMS 0x0000000728a00000, 0x0000000728a00000| Untracked 
| 326|0x0000000728c00000, 0x0000000728c00000, 0x0000000728e00000|  0%| F|  |TAMS 0x0000000728c00000, 0x0000000728c00000| Untracked 
| 327|0x0000000728e00000, 0x0000000728e00000, 0x0000000729000000|  0%| F|  |TAMS 0x0000000728e00000, 0x0000000728e00000| Untracked 
| 328|0x0000000729000000, 0x0000000729000000, 0x0000000729200000|  0%| F|  |TAMS 0x0000000729000000, 0x0000000729000000| Untracked 
| 329|0x0000000729200000, 0x0000000729200000, 0x0000000729400000|  0%| F|  |TAMS 0x0000000729200000, 0x0000000729200000| Untracked 
| 330|0x0000000729400000, 0x0000000729400000, 0x0000000729600000|  0%| F|  |TAMS 0x0000000729400000, 0x0000000729400000| Untracked 
| 331|0x0000000729600000, 0x0000000729600000, 0x0000000729800000|  0%| F|  |TAMS 0x0000000729600000, 0x0000000729600000| Untracked 
| 332|0x0000000729800000, 0x0000000729800000, 0x0000000729a00000|  0%| F|  |TAMS 0x0000000729800000, 0x0000000729800000| Untracked 
| 333|0x0000000729a00000, 0x0000000729a00000, 0x0000000729c00000|  0%| F|  |TAMS 0x0000000729a00000, 0x0000000729a00000| Untracked 
| 334|0x0000000729c00000, 0x0000000729c00000, 0x0000000729e00000|  0%| F|  |TAMS 0x0000000729c00000, 0x0000000729c00000| Untracked 
| 335|0x0000000729e00000, 0x0000000729e00000, 0x000000072a000000|  0%| F|  |TAMS 0x0000000729e00000, 0x0000000729e00000| Untracked 
| 336|0x000000072a000000, 0x000000072a000000, 0x000000072a200000|  0%| F|  |TAMS 0x000000072a000000, 0x000000072a000000| Untracked 
| 337|0x000000072a200000, 0x000000072a200000, 0x000000072a400000|  0%| F|  |TAMS 0x000000072a200000, 0x000000072a200000| Untracked 
| 338|0x000000072a400000, 0x000000072a400000, 0x000000072a600000|  0%| F|  |TAMS 0x000000072a400000, 0x000000072a400000| Untracked 
| 339|0x000000072a600000, 0x000000072a600000, 0x000000072a800000|  0%| F|  |TAMS 0x000000072a600000, 0x000000072a600000| Untracked 
| 340|0x000000072a800000, 0x000000072a800000, 0x000000072aa00000|  0%| F|  |TAMS 0x000000072a800000, 0x000000072a800000| Untracked 
| 341|0x000000072aa00000, 0x000000072aa00000, 0x000000072ac00000|  0%| F|  |TAMS 0x000000072aa00000, 0x000000072aa00000| Untracked 
| 342|0x000000072ac00000, 0x000000072ac00000, 0x000000072ae00000|  0%| F|  |TAMS 0x000000072ac00000, 0x000000072ac00000| Untracked 
| 343|0x000000072ae00000, 0x000000072ae00000, 0x000000072b000000|  0%| F|  |TAMS 0x000000072ae00000, 0x000000072ae00000| Untracked 
| 344|0x000000072b000000, 0x000000072b000000, 0x000000072b200000|  0%| F|  |TAMS 0x000000072b000000, 0x000000072b000000| Untracked 
| 345|0x000000072b200000, 0x000000072b200000, 0x000000072b400000|  0%| F|  |TAMS 0x000000072b200000, 0x000000072b200000| Untracked 
| 346|0x000000072b400000, 0x000000072b400000, 0x000000072b600000|  0%| F|  |TAMS 0x000000072b400000, 0x000000072b400000| Untracked 
| 347|0x000000072b600000, 0x000000072b600000, 0x000000072b800000|  0%| F|  |TAMS 0x000000072b600000, 0x000000072b600000| Untracked 
| 348|0x000000072b800000, 0x000000072b800000, 0x000000072ba00000|  0%| F|  |TAMS 0x000000072b800000, 0x000000072b800000| Untracked 
| 349|0x000000072ba00000, 0x000000072ba00000, 0x000000072bc00000|  0%| F|  |TAMS 0x000000072ba00000, 0x000000072ba00000| Untracked 
| 350|0x000000072bc00000, 0x000000072bc00000, 0x000000072be00000|  0%| F|  |TAMS 0x000000072bc00000, 0x000000072bc00000| Untracked 
| 351|0x000000072be00000, 0x000000072be00000, 0x000000072c000000|  0%| F|  |TAMS 0x000000072be00000, 0x000000072be00000| Untracked 
| 352|0x000000072c000000, 0x000000072c000000, 0x000000072c200000|  0%| F|  |TAMS 0x000000072c000000, 0x000000072c000000| Untracked 
| 353|0x000000072c200000, 0x000000072c200000, 0x000000072c400000|  0%| F|  |TAMS 0x000000072c200000, 0x000000072c200000| Untracked 
| 354|0x000000072c400000, 0x000000072c400000, 0x000000072c600000|  0%| F|  |TAMS 0x000000072c400000, 0x000000072c400000| Untracked 
| 355|0x000000072c600000, 0x000000072c600000, 0x000000072c800000|  0%| F|  |TAMS 0x000000072c600000, 0x000000072c600000| Untracked 
| 356|0x000000072c800000, 0x000000072c800a60, 0x000000072ca00000|  0%| E|  |TAMS 0x000000072c800000, 0x000000072c800000| Complete 
| 357|0x000000072ca00000, 0x000000072cc00000, 0x000000072cc00000|100%| E|CS|TAMS 0x000000072ca00000, 0x000000072ca00000| Complete 
| 358|0x000000072cc00000, 0x000000072ce00000, 0x000000072ce00000|100%| E|CS|TAMS 0x000000072cc00000, 0x000000072cc00000| Complete 
| 359|0x000000072ce00000, 0x000000072d000000, 0x000000072d000000|100%| E|CS|TAMS 0x000000072ce00000, 0x000000072ce00000| Complete 
| 360|0x000000072d000000, 0x000000072d200000, 0x000000072d200000|100%| E|CS|TAMS 0x000000072d000000, 0x000000072d000000| Complete 
| 361|0x000000072d200000, 0x000000072d400000, 0x000000072d400000|100%| E|CS|TAMS 0x000000072d200000, 0x000000072d200000| Complete 
| 362|0x000000072d400000, 0x000000072d600000, 0x000000072d600000|100%| E|CS|TAMS 0x000000072d400000, 0x000000072d400000| Complete 
| 363|0x000000072d600000, 0x000000072d800000, 0x000000072d800000|100%| E|CS|TAMS 0x000000072d600000, 0x000000072d600000| Complete 
| 364|0x000000072d800000, 0x000000072da00000, 0x000000072da00000|100%| E|CS|TAMS 0x000000072d800000, 0x000000072d800000| Complete 
| 365|0x000000072da00000, 0x000000072dc00000, 0x000000072dc00000|100%| E|CS|TAMS 0x000000072da00000, 0x000000072da00000| Complete 
| 366|0x000000072dc00000, 0x000000072de00000, 0x000000072de00000|100%| E|CS|TAMS 0x000000072dc00000, 0x000000072dc00000| Complete 
| 367|0x000000072de00000, 0x000000072e000000, 0x000000072e000000|100%| E|CS|TAMS 0x000000072de00000, 0x000000072de00000| Complete 
| 368|0x000000072e000000, 0x000000072e200000, 0x000000072e200000|100%| E|CS|TAMS 0x000000072e000000, 0x000000072e000000| Complete 
| 369|0x000000072e200000, 0x000000072e400000, 0x000000072e400000|100%| E|CS|TAMS 0x000000072e200000, 0x000000072e200000| Complete 
| 370|0x000000072e400000, 0x000000072e600000, 0x000000072e600000|100%| E|CS|TAMS 0x000000072e400000, 0x000000072e400000| Complete 
| 371|0x000000072e600000, 0x000000072e800000, 0x000000072e800000|100%| E|CS|TAMS 0x000000072e600000, 0x000000072e600000| Complete 
| 372|0x000000072e800000, 0x000000072ea00000, 0x000000072ea00000|100%| E|CS|TAMS 0x000000072e800000, 0x000000072e800000| Complete 
| 373|0x000000072ea00000, 0x000000072ec00000, 0x000000072ec00000|100%| E|CS|TAMS 0x000000072ea00000, 0x000000072ea00000| Complete 
| 374|0x000000072ec00000, 0x000000072ee00000, 0x000000072ee00000|100%| E|CS|TAMS 0x000000072ec00000, 0x000000072ec00000| Complete 
| 375|0x000000072ee00000, 0x000000072f000000, 0x000000072f000000|100%| E|CS|TAMS 0x000000072ee00000, 0x000000072ee00000| Complete 
| 376|0x000000072f000000, 0x000000072f200000, 0x000000072f200000|100%| E|CS|TAMS 0x000000072f000000, 0x000000072f000000| Complete 
| 377|0x000000072f200000, 0x000000072f400000, 0x000000072f400000|100%| E|CS|TAMS 0x000000072f200000, 0x000000072f200000| Complete 
| 378|0x000000072f400000, 0x000000072f600000, 0x000000072f600000|100%| E|CS|TAMS 0x000000072f400000, 0x000000072f400000| Complete 
| 379|0x000000072f600000, 0x000000072f800000, 0x000000072f800000|100%| E|CS|TAMS 0x000000072f600000, 0x000000072f600000| Complete 
| 380|0x000000072f800000, 0x000000072fa00000, 0x000000072fa00000|100%| E|CS|TAMS 0x000000072f800000, 0x000000072f800000| Complete 
| 381|0x000000072fa00000, 0x000000072fc00000, 0x000000072fc00000|100%| E|CS|TAMS 0x000000072fa00000, 0x000000072fa00000| Complete 
| 382|0x000000072fc00000, 0x000000072fe00000, 0x000000072fe00000|100%| E|CS|TAMS 0x000000072fc00000, 0x000000072fc00000| Complete 
| 383|0x000000072fe00000, 0x0000000730000000, 0x0000000730000000|100%| E|CS|TAMS 0x000000072fe00000, 0x000000072fe00000| Complete 
| 384|0x0000000730000000, 0x0000000730200000, 0x0000000730200000|100%| E|CS|TAMS 0x0000000730000000, 0x0000000730000000| Complete 
| 385|0x0000000730200000, 0x0000000730400000, 0x0000000730400000|100%| E|CS|TAMS 0x0000000730200000, 0x0000000730200000| Complete 
| 386|0x0000000730400000, 0x0000000730600000, 0x0000000730600000|100%| E|CS|TAMS 0x0000000730400000, 0x0000000730400000| Complete 
| 387|0x0000000730600000, 0x0000000730800000, 0x0000000730800000|100%| E|CS|TAMS 0x0000000730600000, 0x0000000730600000| Complete 
| 388|0x0000000730800000, 0x0000000730a00000, 0x0000000730a00000|100%| E|CS|TAMS 0x0000000730800000, 0x0000000730800000| Complete 
| 389|0x0000000730a00000, 0x0000000730c00000, 0x0000000730c00000|100%| E|CS|TAMS 0x0000000730a00000, 0x0000000730a00000| Complete 
| 390|0x0000000730c00000, 0x0000000730e00000, 0x0000000730e00000|100%| E|CS|TAMS 0x0000000730c00000, 0x0000000730c00000| Complete 
| 391|0x0000000730e00000, 0x0000000731000000, 0x0000000731000000|100%| E|CS|TAMS 0x0000000730e00000, 0x0000000730e00000| Complete 
| 392|0x0000000731000000, 0x0000000731200000, 0x0000000731200000|100%| E|CS|TAMS 0x0000000731000000, 0x0000000731000000| Complete 
| 393|0x0000000731200000, 0x0000000731400000, 0x0000000731400000|100%| E|CS|TAMS 0x0000000731200000, 0x0000000731200000| Complete 
| 394|0x0000000731400000, 0x0000000731600000, 0x0000000731600000|100%| E|CS|TAMS 0x0000000731400000, 0x0000000731400000| Complete 
| 395|0x0000000731600000, 0x0000000731800000, 0x0000000731800000|100%| E|CS|TAMS 0x0000000731600000, 0x0000000731600000| Complete 
| 396|0x0000000731800000, 0x0000000731a00000, 0x0000000731a00000|100%| E|CS|TAMS 0x0000000731800000, 0x0000000731800000| Complete 
| 397|0x0000000731a00000, 0x0000000731c00000, 0x0000000731c00000|100%| E|CS|TAMS 0x0000000731a00000, 0x0000000731a00000| Complete 
| 398|0x0000000731c00000, 0x0000000731e00000, 0x0000000731e00000|100%| E|CS|TAMS 0x0000000731c00000, 0x0000000731c00000| Complete 
| 399|0x0000000731e00000, 0x0000000732000000, 0x0000000732000000|100%| E|CS|TAMS 0x0000000731e00000, 0x0000000731e00000| Complete 
| 400|0x0000000732000000, 0x0000000732200000, 0x0000000732200000|100%| E|CS|TAMS 0x0000000732000000, 0x0000000732000000| Complete 
| 401|0x0000000732200000, 0x0000000732400000, 0x0000000732400000|100%| E|CS|TAMS 0x0000000732200000, 0x0000000732200000| Complete 
| 402|0x0000000732400000, 0x0000000732600000, 0x0000000732600000|100%| E|CS|TAMS 0x0000000732400000, 0x0000000732400000| Complete 
| 403|0x0000000732600000, 0x0000000732800000, 0x0000000732800000|100%| E|CS|TAMS 0x0000000732600000, 0x0000000732600000| Complete 
| 404|0x0000000732800000, 0x0000000732a00000, 0x0000000732a00000|100%| E|CS|TAMS 0x0000000732800000, 0x0000000732800000| Complete 
| 405|0x0000000732a00000, 0x0000000732c00000, 0x0000000732c00000|100%| E|CS|TAMS 0x0000000732a00000, 0x0000000732a00000| Complete 
| 406|0x0000000732c00000, 0x0000000732e00000, 0x0000000732e00000|100%| E|CS|TAMS 0x0000000732c00000, 0x0000000732c00000| Complete 
| 407|0x0000000732e00000, 0x0000000733000000, 0x0000000733000000|100%| E|CS|TAMS 0x0000000732e00000, 0x0000000732e00000| Complete 
| 408|0x0000000733000000, 0x0000000733200000, 0x0000000733200000|100%| E|CS|TAMS 0x0000000733000000, 0x0000000733000000| Complete 
| 409|0x0000000733200000, 0x0000000733400000, 0x0000000733400000|100%| E|CS|TAMS 0x0000000733200000, 0x0000000733200000| Complete 
| 410|0x0000000733400000, 0x0000000733600000, 0x0000000733600000|100%| E|CS|TAMS 0x0000000733400000, 0x0000000733400000| Complete 
| 411|0x0000000733600000, 0x0000000733800000, 0x0000000733800000|100%| E|CS|TAMS 0x0000000733600000, 0x0000000733600000| Complete 
| 412|0x0000000733800000, 0x0000000733a00000, 0x0000000733a00000|100%| E|CS|TAMS 0x0000000733800000, 0x0000000733800000| Complete 
| 413|0x0000000733a00000, 0x0000000733c00000, 0x0000000733c00000|100%| E|CS|TAMS 0x0000000733a00000, 0x0000000733a00000| Complete 
| 414|0x0000000733c00000, 0x0000000733e00000, 0x0000000733e00000|100%| E|CS|TAMS 0x0000000733c00000, 0x0000000733c00000| Complete 
| 415|0x0000000733e00000, 0x0000000734000000, 0x0000000734000000|100%| E|CS|TAMS 0x0000000733e00000, 0x0000000733e00000| Complete 
| 416|0x0000000734000000, 0x0000000734200000, 0x0000000734200000|100%| E|CS|TAMS 0x0000000734000000, 0x0000000734000000| Complete 
| 417|0x0000000734200000, 0x0000000734400000, 0x0000000734400000|100%| E|CS|TAMS 0x0000000734200000, 0x0000000734200000| Complete 
| 418|0x0000000734400000, 0x0000000734600000, 0x0000000734600000|100%| E|CS|TAMS 0x0000000734400000, 0x0000000734400000| Complete 
| 419|0x0000000734600000, 0x0000000734800000, 0x0000000734800000|100%| E|CS|TAMS 0x0000000734600000, 0x0000000734600000| Complete 
| 420|0x0000000734800000, 0x0000000734a00000, 0x0000000734a00000|100%| E|CS|TAMS 0x0000000734800000, 0x0000000734800000| Complete 
| 421|0x0000000734a00000, 0x0000000734c00000, 0x0000000734c00000|100%| E|CS|TAMS 0x0000000734a00000, 0x0000000734a00000| Complete 
| 422|0x0000000734c00000, 0x0000000734e00000, 0x0000000734e00000|100%| E|CS|TAMS 0x0000000734c00000, 0x0000000734c00000| Complete 
| 423|0x0000000734e00000, 0x0000000735000000, 0x0000000735000000|100%| E|CS|TAMS 0x0000000734e00000, 0x0000000734e00000| Complete 
| 424|0x0000000735000000, 0x0000000735200000, 0x0000000735200000|100%| E|CS|TAMS 0x0000000735000000, 0x0000000735000000| Complete 
| 425|0x0000000735200000, 0x0000000735400000, 0x0000000735400000|100%| E|CS|TAMS 0x0000000735200000, 0x0000000735200000| Complete 
| 426|0x0000000735400000, 0x0000000735600000, 0x0000000735600000|100%| E|CS|TAMS 0x0000000735400000, 0x0000000735400000| Complete 
| 427|0x0000000735600000, 0x0000000735800000, 0x0000000735800000|100%| E|CS|TAMS 0x0000000735600000, 0x0000000735600000| Complete 
| 428|0x0000000735800000, 0x0000000735a00000, 0x0000000735a00000|100%| E|CS|TAMS 0x0000000735800000, 0x0000000735800000| Complete 
| 429|0x0000000735a00000, 0x0000000735c00000, 0x0000000735c00000|100%| E|CS|TAMS 0x0000000735a00000, 0x0000000735a00000| Complete 
| 430|0x0000000735c00000, 0x0000000735e00000, 0x0000000735e00000|100%| E|CS|TAMS 0x0000000735c00000, 0x0000000735c00000| Complete 
| 431|0x0000000735e00000, 0x0000000736000000, 0x0000000736000000|100%| E|CS|TAMS 0x0000000735e00000, 0x0000000735e00000| Complete 
| 432|0x0000000736000000, 0x0000000736200000, 0x0000000736200000|100%| E|CS|TAMS 0x0000000736000000, 0x0000000736000000| Complete 
| 433|0x0000000736200000, 0x0000000736400000, 0x0000000736400000|100%| E|CS|TAMS 0x0000000736200000, 0x0000000736200000| Complete 
| 434|0x0000000736400000, 0x0000000736600000, 0x0000000736600000|100%| E|CS|TAMS 0x0000000736400000, 0x0000000736400000| Complete 
| 435|0x0000000736600000, 0x0000000736800000, 0x0000000736800000|100%| E|CS|TAMS 0x0000000736600000, 0x0000000736600000| Complete 
| 436|0x0000000736800000, 0x0000000736a00000, 0x0000000736a00000|100%| E|CS|TAMS 0x0000000736800000, 0x0000000736800000| Complete 
| 437|0x0000000736a00000, 0x0000000736c00000, 0x0000000736c00000|100%| E|CS|TAMS 0x0000000736a00000, 0x0000000736a00000| Complete 
| 438|0x0000000736c00000, 0x0000000736e00000, 0x0000000736e00000|100%| E|CS|TAMS 0x0000000736c00000, 0x0000000736c00000| Complete 
| 439|0x0000000736e00000, 0x0000000737000000, 0x0000000737000000|100%| E|CS|TAMS 0x0000000736e00000, 0x0000000736e00000| Complete 
| 440|0x0000000737000000, 0x0000000737200000, 0x0000000737200000|100%| E|CS|TAMS 0x0000000737000000, 0x0000000737000000| Complete 
| 441|0x0000000737200000, 0x0000000737400000, 0x0000000737400000|100%| E|CS|TAMS 0x0000000737200000, 0x0000000737200000| Complete 
| 442|0x0000000737400000, 0x0000000737600000, 0x0000000737600000|100%| E|CS|TAMS 0x0000000737400000, 0x0000000737400000| Complete 
| 443|0x0000000737600000, 0x0000000737800000, 0x0000000737800000|100%| E|CS|TAMS 0x0000000737600000, 0x0000000737600000| Complete 
| 444|0x0000000737800000, 0x0000000737a00000, 0x0000000737a00000|100%| E|CS|TAMS 0x0000000737800000, 0x0000000737800000| Complete 
| 445|0x0000000737a00000, 0x0000000737c00000, 0x0000000737c00000|100%| E|CS|TAMS 0x0000000737a00000, 0x0000000737a00000| Complete 
| 446|0x0000000737c00000, 0x0000000737e00000, 0x0000000737e00000|100%| E|CS|TAMS 0x0000000737c00000, 0x0000000737c00000| Complete 
| 447|0x0000000737e00000, 0x0000000738000000, 0x0000000738000000|100%| E|CS|TAMS 0x0000000737e00000, 0x0000000737e00000| Complete 
| 448|0x0000000738000000, 0x0000000738200000, 0x0000000738200000|100%| E|CS|TAMS 0x0000000738000000, 0x0000000738000000| Complete 
| 449|0x0000000738200000, 0x0000000738400000, 0x0000000738400000|100%| E|CS|TAMS 0x0000000738200000, 0x0000000738200000| Complete 
| 450|0x0000000738400000, 0x0000000738600000, 0x0000000738600000|100%| E|CS|TAMS 0x0000000738400000, 0x0000000738400000| Complete 
| 451|0x0000000738600000, 0x0000000738800000, 0x0000000738800000|100%| E|CS|TAMS 0x0000000738600000, 0x0000000738600000| Complete 
| 452|0x0000000738800000, 0x0000000738a00000, 0x0000000738a00000|100%| E|CS|TAMS 0x0000000738800000, 0x0000000738800000| Complete 
| 453|0x0000000738a00000, 0x0000000738c00000, 0x0000000738c00000|100%| E|CS|TAMS 0x0000000738a00000, 0x0000000738a00000| Complete 
| 454|0x0000000738c00000, 0x0000000738e00000, 0x0000000738e00000|100%| E|CS|TAMS 0x0000000738c00000, 0x0000000738c00000| Complete 
| 455|0x0000000738e00000, 0x0000000739000000, 0x0000000739000000|100%| E|CS|TAMS 0x0000000738e00000, 0x0000000738e00000| Complete 
| 456|0x0000000739000000, 0x0000000739200000, 0x0000000739200000|100%| E|CS|TAMS 0x0000000739000000, 0x0000000739000000| Complete 
| 457|0x0000000739200000, 0x0000000739400000, 0x0000000739400000|100%| E|CS|TAMS 0x0000000739200000, 0x0000000739200000| Complete 
| 458|0x0000000739400000, 0x0000000739600000, 0x0000000739600000|100%| E|CS|TAMS 0x0000000739400000, 0x0000000739400000| Complete 
| 459|0x0000000739600000, 0x0000000739800000, 0x0000000739800000|100%| E|CS|TAMS 0x0000000739600000, 0x0000000739600000| Complete 
| 460|0x0000000739800000, 0x0000000739a00000, 0x0000000739a00000|100%| E|CS|TAMS 0x0000000739800000, 0x0000000739800000| Complete 
| 461|0x0000000739a00000, 0x0000000739c00000, 0x0000000739c00000|100%| E|CS|TAMS 0x0000000739a00000, 0x0000000739a00000| Complete 
| 462|0x0000000739c00000, 0x0000000739e00000, 0x0000000739e00000|100%| E|CS|TAMS 0x0000000739c00000, 0x0000000739c00000| Complete 
| 463|0x0000000739e00000, 0x000000073a000000, 0x000000073a000000|100%| E|CS|TAMS 0x0000000739e00000, 0x0000000739e00000| Complete 
| 464|0x000000073a000000, 0x000000073a200000, 0x000000073a200000|100%| E|CS|TAMS 0x000000073a000000, 0x000000073a000000| Complete 
| 465|0x000000073a200000, 0x000000073a400000, 0x000000073a400000|100%| E|CS|TAMS 0x000000073a200000, 0x000000073a200000| Complete 
| 466|0x000000073a400000, 0x000000073a600000, 0x000000073a600000|100%| E|CS|TAMS 0x000000073a400000, 0x000000073a400000| Complete 
| 467|0x000000073a600000, 0x000000073a800000, 0x000000073a800000|100%| E|CS|TAMS 0x000000073a600000, 0x000000073a600000| Complete 
| 468|0x000000073a800000, 0x000000073aa00000, 0x000000073aa00000|100%| E|CS|TAMS 0x000000073a800000, 0x000000073a800000| Complete 
| 469|0x000000073aa00000, 0x000000073ac00000, 0x000000073ac00000|100%| E|CS|TAMS 0x000000073aa00000, 0x000000073aa00000| Complete 
| 470|0x000000073ac00000, 0x000000073ae00000, 0x000000073ae00000|100%| E|CS|TAMS 0x000000073ac00000, 0x000000073ac00000| Complete 
| 471|0x000000073ae00000, 0x000000073b000000, 0x000000073b000000|100%| E|CS|TAMS 0x000000073ae00000, 0x000000073ae00000| Complete 
| 472|0x000000073b000000, 0x000000073b200000, 0x000000073b200000|100%| E|CS|TAMS 0x000000073b000000, 0x000000073b000000| Complete 
| 473|0x000000073b200000, 0x000000073b400000, 0x000000073b400000|100%| E|CS|TAMS 0x000000073b200000, 0x000000073b200000| Complete 
| 474|0x000000073b400000, 0x000000073b600000, 0x000000073b600000|100%| E|CS|TAMS 0x000000073b400000, 0x000000073b400000| Complete 
| 475|0x000000073b600000, 0x000000073b800000, 0x000000073b800000|100%| E|CS|TAMS 0x000000073b600000, 0x000000073b600000| Complete 
| 476|0x000000073b800000, 0x000000073ba00000, 0x000000073ba00000|100%| E|CS|TAMS 0x000000073b800000, 0x000000073b800000| Complete 
| 477|0x000000073ba00000, 0x000000073bc00000, 0x000000073bc00000|100%| E|CS|TAMS 0x000000073ba00000, 0x000000073ba00000| Complete 
| 478|0x000000073bc00000, 0x000000073be00000, 0x000000073be00000|100%| E|CS|TAMS 0x000000073bc00000, 0x000000073bc00000| Complete 
| 479|0x000000073be00000, 0x000000073c000000, 0x000000073c000000|100%| E|CS|TAMS 0x000000073be00000, 0x000000073be00000| Complete 
| 480|0x000000073c000000, 0x000000073c200000, 0x000000073c200000|100%| E|CS|TAMS 0x000000073c000000, 0x000000073c000000| Complete 
| 481|0x000000073c200000, 0x000000073c400000, 0x000000073c400000|100%| E|CS|TAMS 0x000000073c200000, 0x000000073c200000| Complete 
| 482|0x000000073c400000, 0x000000073c600000, 0x000000073c600000|100%| E|CS|TAMS 0x000000073c400000, 0x000000073c400000| Complete 
| 483|0x000000073c600000, 0x000000073c800000, 0x000000073c800000|100%| E|CS|TAMS 0x000000073c600000, 0x000000073c600000| Complete 
| 484|0x000000073c800000, 0x000000073ca00000, 0x000000073ca00000|100%| E|CS|TAMS 0x000000073c800000, 0x000000073c800000| Complete 
| 485|0x000000073ca00000, 0x000000073cc00000, 0x000000073cc00000|100%| E|CS|TAMS 0x000000073ca00000, 0x000000073ca00000| Complete 
| 486|0x000000073cc00000, 0x000000073ce00000, 0x000000073ce00000|100%| E|CS|TAMS 0x000000073cc00000, 0x000000073cc00000| Complete 
| 487|0x000000073ce00000, 0x000000073d000000, 0x000000073d000000|100%| E|CS|TAMS 0x000000073ce00000, 0x000000073ce00000| Complete 
| 488|0x000000073d000000, 0x000000073d200000, 0x000000073d200000|100%| E|CS|TAMS 0x000000073d000000, 0x000000073d000000| Complete 
| 489|0x000000073d200000, 0x000000073d400000, 0x000000073d400000|100%| E|CS|TAMS 0x000000073d200000, 0x000000073d200000| Complete 
| 490|0x000000073d400000, 0x000000073d600000, 0x000000073d600000|100%| E|CS|TAMS 0x000000073d400000, 0x000000073d400000| Complete 
| 491|0x000000073d600000, 0x000000073d800000, 0x000000073d800000|100%| E|CS|TAMS 0x000000073d600000, 0x000000073d600000| Complete 
| 492|0x000000073d800000, 0x000000073da00000, 0x000000073da00000|100%| E|CS|TAMS 0x000000073d800000, 0x000000073d800000| Complete 
| 493|0x000000073da00000, 0x000000073dc00000, 0x000000073dc00000|100%| E|CS|TAMS 0x000000073da00000, 0x000000073da00000| Complete 
| 494|0x000000073dc00000, 0x000000073de00000, 0x000000073de00000|100%| E|CS|TAMS 0x000000073dc00000, 0x000000073dc00000| Complete 
| 495|0x000000073de00000, 0x000000073e000000, 0x000000073e000000|100%| E|CS|TAMS 0x000000073de00000, 0x000000073de00000| Complete 
| 496|0x000000073e000000, 0x000000073e200000, 0x000000073e200000|100%| E|CS|TAMS 0x000000073e000000, 0x000000073e000000| Complete 
| 497|0x000000073e200000, 0x000000073e400000, 0x000000073e400000|100%| E|CS|TAMS 0x000000073e200000, 0x000000073e200000| Complete 
| 498|0x000000073e400000, 0x000000073e600000, 0x000000073e600000|100%| E|CS|TAMS 0x000000073e400000, 0x000000073e400000| Complete 
| 499|0x000000073e600000, 0x000000073e800000, 0x000000073e800000|100%| E|  |TAMS 0x000000073e600000, 0x000000073e600000| Complete 
| 500|0x000000073e800000, 0x000000073ea00000, 0x000000073ea00000|100%| E|CS|TAMS 0x000000073e800000, 0x000000073e800000| Complete 
| 501|0x000000073ea00000, 0x000000073ec00000, 0x000000073ec00000|100%| E|CS|TAMS 0x000000073ea00000, 0x000000073ea00000| Complete 
| 502|0x000000073ec00000, 0x000000073ee00000, 0x000000073ee00000|100%| E|CS|TAMS 0x000000073ec00000, 0x000000073ec00000| Complete 
| 503|0x000000073ee00000, 0x000000073f000000, 0x000000073f000000|100%| E|CS|TAMS 0x000000073ee00000, 0x000000073ee00000| Complete 
| 504|0x000000073f000000, 0x000000073f200000, 0x000000073f200000|100%| E|CS|TAMS 0x000000073f000000, 0x000000073f000000| Complete 
| 505|0x000000073f200000, 0x000000073f400000, 0x000000073f400000|100%| E|CS|TAMS 0x000000073f200000, 0x000000073f200000| Complete 
| 506|0x000000073f400000, 0x000000073f600000, 0x000000073f600000|100%| E|CS|TAMS 0x000000073f400000, 0x000000073f400000| Complete 
| 507|0x000000073f600000, 0x000000073f800000, 0x000000073f800000|100%| E|CS|TAMS 0x000000073f600000, 0x000000073f600000| Complete 
| 508|0x000000073f800000, 0x000000073fa00000, 0x000000073fa00000|100%| E|CS|TAMS 0x000000073f800000, 0x000000073f800000| Complete 
| 509|0x000000073fa00000, 0x000000073fc00000, 0x000000073fc00000|100%| E|CS|TAMS 0x000000073fa00000, 0x000000073fa00000| Complete 
| 510|0x000000073fc00000, 0x000000073fe00000, 0x000000073fe00000|100%| E|CS|TAMS 0x000000073fc00000, 0x000000073fc00000| Complete 
| 511|0x000000073fe00000, 0x0000000740000000, 0x0000000740000000|100%| E|CS|TAMS 0x000000073fe00000, 0x000000073fe00000| Complete 
| 512|0x0000000740000000, 0x0000000740200000, 0x0000000740200000|100%| E|CS|TAMS 0x0000000740000000, 0x0000000740000000| Complete 
| 513|0x0000000740200000, 0x0000000740400000, 0x0000000740400000|100%| E|CS|TAMS 0x0000000740200000, 0x0000000740200000| Complete 
| 514|0x0000000740400000, 0x0000000740600000, 0x0000000740600000|100%| E|CS|TAMS 0x0000000740400000, 0x0000000740400000| Complete 
| 515|0x0000000740600000, 0x0000000740800000, 0x0000000740800000|100%| E|CS|TAMS 0x0000000740600000, 0x0000000740600000| Complete 
| 516|0x0000000740800000, 0x0000000740a00000, 0x0000000740a00000|100%| E|CS|TAMS 0x0000000740800000, 0x0000000740800000| Complete 
| 517|0x0000000740a00000, 0x0000000740c00000, 0x0000000740c00000|100%| E|CS|TAMS 0x0000000740a00000, 0x0000000740a00000| Complete 
| 518|0x0000000740c00000, 0x0000000740e00000, 0x0000000740e00000|100%| E|CS|TAMS 0x0000000740c00000, 0x0000000740c00000| Complete 
| 519|0x0000000740e00000, 0x0000000741000000, 0x0000000741000000|100%| E|CS|TAMS 0x0000000740e00000, 0x0000000740e00000| Complete 
| 520|0x0000000741000000, 0x0000000741200000, 0x0000000741200000|100%| E|CS|TAMS 0x0000000741000000, 0x0000000741000000| Complete 
| 521|0x0000000741200000, 0x0000000741400000, 0x0000000741400000|100%| E|CS|TAMS 0x0000000741200000, 0x0000000741200000| Complete 
| 522|0x0000000741400000, 0x0000000741600000, 0x0000000741600000|100%| E|CS|TAMS 0x0000000741400000, 0x0000000741400000| Complete 
| 523|0x0000000741600000, 0x0000000741800000, 0x0000000741800000|100%| E|CS|TAMS 0x0000000741600000, 0x0000000741600000| Complete 
| 524|0x0000000741800000, 0x0000000741a00000, 0x0000000741a00000|100%| E|CS|TAMS 0x0000000741800000, 0x0000000741800000| Complete 
| 525|0x0000000741a00000, 0x0000000741c00000, 0x0000000741c00000|100%| E|CS|TAMS 0x0000000741a00000, 0x0000000741a00000| Complete 
| 526|0x0000000741c00000, 0x0000000741e00000, 0x0000000741e00000|100%| E|CS|TAMS 0x0000000741c00000, 0x0000000741c00000| Complete 
| 527|0x0000000741e00000, 0x0000000742000000, 0x0000000742000000|100%| E|CS|TAMS 0x0000000741e00000, 0x0000000741e00000| Complete 
| 528|0x0000000742000000, 0x0000000742200000, 0x0000000742200000|100%| E|CS|TAMS 0x0000000742000000, 0x0000000742000000| Complete 
| 529|0x0000000742200000, 0x0000000742400000, 0x0000000742400000|100%| E|CS|TAMS 0x0000000742200000, 0x0000000742200000| Complete 
| 530|0x0000000742400000, 0x0000000742600000, 0x0000000742600000|100%| E|CS|TAMS 0x0000000742400000, 0x0000000742400000| Complete 
| 531|0x0000000742600000, 0x0000000742800000, 0x0000000742800000|100%| E|CS|TAMS 0x0000000742600000, 0x0000000742600000| Complete 
| 532|0x0000000742800000, 0x0000000742a00000, 0x0000000742a00000|100%| E|CS|TAMS 0x0000000742800000, 0x0000000742800000| Complete 
| 533|0x0000000742a00000, 0x0000000742c00000, 0x0000000742c00000|100%| E|CS|TAMS 0x0000000742a00000, 0x0000000742a00000| Complete 
| 534|0x0000000742c00000, 0x0000000742e00000, 0x0000000742e00000|100%| E|CS|TAMS 0x0000000742c00000, 0x0000000742c00000| Complete 
| 535|0x0000000742e00000, 0x0000000743000000, 0x0000000743000000|100%| E|CS|TAMS 0x0000000742e00000, 0x0000000742e00000| Complete 
| 536|0x0000000743000000, 0x0000000743200000, 0x0000000743200000|100%| E|CS|TAMS 0x0000000743000000, 0x0000000743000000| Complete 
| 537|0x0000000743200000, 0x0000000743400000, 0x0000000743400000|100%| E|CS|TAMS 0x0000000743200000, 0x0000000743200000| Complete 
| 538|0x0000000743400000, 0x0000000743600000, 0x0000000743600000|100%| E|CS|TAMS 0x0000000743400000, 0x0000000743400000| Complete 
| 539|0x0000000743600000, 0x0000000743800000, 0x0000000743800000|100%| E|CS|TAMS 0x0000000743600000, 0x0000000743600000| Complete 
| 540|0x0000000743800000, 0x0000000743a00000, 0x0000000743a00000|100%| E|CS|TAMS 0x0000000743800000, 0x0000000743800000| Complete 
| 541|0x0000000743a00000, 0x0000000743c00000, 0x0000000743c00000|100%| E|CS|TAMS 0x0000000743a00000, 0x0000000743a00000| Complete 
| 542|0x0000000743c00000, 0x0000000743e00000, 0x0000000743e00000|100%| E|CS|TAMS 0x0000000743c00000, 0x0000000743c00000| Complete 
| 543|0x0000000743e00000, 0x0000000744000000, 0x0000000744000000|100%| E|CS|TAMS 0x0000000743e00000, 0x0000000743e00000| Complete 
| 544|0x0000000744000000, 0x0000000744200000, 0x0000000744200000|100%| E|CS|TAMS 0x0000000744000000, 0x0000000744000000| Complete 
| 545|0x0000000744200000, 0x0000000744400000, 0x0000000744400000|100%| E|CS|TAMS 0x0000000744200000, 0x0000000744200000| Complete 
| 546|0x0000000744400000, 0x0000000744600000, 0x0000000744600000|100%| E|CS|TAMS 0x0000000744400000, 0x0000000744400000| Complete 
| 547|0x0000000744600000, 0x0000000744800000, 0x0000000744800000|100%| E|CS|TAMS 0x0000000744600000, 0x0000000744600000| Complete 
| 548|0x0000000744800000, 0x0000000744a00000, 0x0000000744a00000|100%| E|CS|TAMS 0x0000000744800000, 0x0000000744800000| Complete 
| 549|0x0000000744a00000, 0x0000000744c00000, 0x0000000744c00000|100%| E|CS|TAMS 0x0000000744a00000, 0x0000000744a00000| Complete 
| 550|0x0000000744c00000, 0x0000000744e00000, 0x0000000744e00000|100%| E|CS|TAMS 0x0000000744c00000, 0x0000000744c00000| Complete 
| 551|0x0000000744e00000, 0x0000000745000000, 0x0000000745000000|100%| E|CS|TAMS 0x0000000744e00000, 0x0000000744e00000| Complete 
| 552|0x0000000745000000, 0x0000000745200000, 0x0000000745200000|100%| E|CS|TAMS 0x0000000745000000, 0x0000000745000000| Complete 
| 553|0x0000000745200000, 0x0000000745400000, 0x0000000745400000|100%| E|CS|TAMS 0x0000000745200000, 0x0000000745200000| Complete 
| 554|0x0000000745400000, 0x0000000745600000, 0x0000000745600000|100%| E|CS|TAMS 0x0000000745400000, 0x0000000745400000| Complete 
| 555|0x0000000745600000, 0x0000000745800000, 0x0000000745800000|100%| E|CS|TAMS 0x0000000745600000, 0x0000000745600000| Complete 
| 556|0x0000000745800000, 0x0000000745a00000, 0x0000000745a00000|100%| E|CS|TAMS 0x0000000745800000, 0x0000000745800000| Complete 
| 557|0x0000000745a00000, 0x0000000745c00000, 0x0000000745c00000|100%| E|CS|TAMS 0x0000000745a00000, 0x0000000745a00000| Complete 
| 558|0x0000000745c00000, 0x0000000745e00000, 0x0000000745e00000|100%| E|CS|TAMS 0x0000000745c00000, 0x0000000745c00000| Complete 
| 559|0x0000000745e00000, 0x0000000746000000, 0x0000000746000000|100%| E|CS|TAMS 0x0000000745e00000, 0x0000000745e00000| Complete 
| 560|0x0000000746000000, 0x0000000746200000, 0x0000000746200000|100%| E|CS|TAMS 0x0000000746000000, 0x0000000746000000| Complete 
| 561|0x0000000746200000, 0x0000000746400000, 0x0000000746400000|100%| E|CS|TAMS 0x0000000746200000, 0x0000000746200000| Complete 
| 562|0x0000000746400000, 0x0000000746600000, 0x0000000746600000|100%| E|CS|TAMS 0x0000000746400000, 0x0000000746400000| Complete 
| 563|0x0000000746600000, 0x0000000746800000, 0x0000000746800000|100%| E|CS|TAMS 0x0000000746600000, 0x0000000746600000| Complete 
| 564|0x0000000746800000, 0x0000000746a00000, 0x0000000746a00000|100%| E|CS|TAMS 0x0000000746800000, 0x0000000746800000| Complete 
| 565|0x0000000746a00000, 0x0000000746c00000, 0x0000000746c00000|100%| E|CS|TAMS 0x0000000746a00000, 0x0000000746a00000| Complete 
| 566|0x0000000746c00000, 0x0000000746e00000, 0x0000000746e00000|100%| E|CS|TAMS 0x0000000746c00000, 0x0000000746c00000| Complete 
| 567|0x0000000746e00000, 0x0000000747000000, 0x0000000747000000|100%| E|CS|TAMS 0x0000000746e00000, 0x0000000746e00000| Complete 
| 568|0x0000000747000000, 0x0000000747200000, 0x0000000747200000|100%| E|CS|TAMS 0x0000000747000000, 0x0000000747000000| Complete 
| 569|0x0000000747200000, 0x0000000747400000, 0x0000000747400000|100%| E|CS|TAMS 0x0000000747200000, 0x0000000747200000| Complete 
| 570|0x0000000747400000, 0x0000000747600000, 0x0000000747600000|100%| E|CS|TAMS 0x0000000747400000, 0x0000000747400000| Complete 
| 571|0x0000000747600000, 0x0000000747800000, 0x0000000747800000|100%| E|CS|TAMS 0x0000000747600000, 0x0000000747600000| Complete 
| 572|0x0000000747800000, 0x0000000747a00000, 0x0000000747a00000|100%| E|CS|TAMS 0x0000000747800000, 0x0000000747800000| Complete 
| 573|0x0000000747a00000, 0x0000000747c00000, 0x0000000747c00000|100%| E|CS|TAMS 0x0000000747a00000, 0x0000000747a00000| Complete 
| 574|0x0000000747c00000, 0x0000000747e00000, 0x0000000747e00000|100%| E|CS|TAMS 0x0000000747c00000, 0x0000000747c00000| Complete 
| 575|0x0000000747e00000, 0x0000000748000000, 0x0000000748000000|100%| E|CS|TAMS 0x0000000747e00000, 0x0000000747e00000| Complete 
| 576|0x0000000748000000, 0x0000000748200000, 0x0000000748200000|100%| E|CS|TAMS 0x0000000748000000, 0x0000000748000000| Complete 
| 577|0x0000000748200000, 0x0000000748400000, 0x0000000748400000|100%| E|CS|TAMS 0x0000000748200000, 0x0000000748200000| Complete 
| 578|0x0000000748400000, 0x0000000748600000, 0x0000000748600000|100%| E|CS|TAMS 0x0000000748400000, 0x0000000748400000| Complete 
| 579|0x0000000748600000, 0x0000000748800000, 0x0000000748800000|100%| E|CS|TAMS 0x0000000748600000, 0x0000000748600000| Complete 
| 580|0x0000000748800000, 0x0000000748a00000, 0x0000000748a00000|100%| E|CS|TAMS 0x0000000748800000, 0x0000000748800000| Complete 
| 581|0x0000000748a00000, 0x0000000748c00000, 0x0000000748c00000|100%| E|CS|TAMS 0x0000000748a00000, 0x0000000748a00000| Complete 
| 582|0x0000000748c00000, 0x0000000748e00000, 0x0000000748e00000|100%| E|CS|TAMS 0x0000000748c00000, 0x0000000748c00000| Complete 
| 583|0x0000000748e00000, 0x0000000749000000, 0x0000000749000000|100%| E|CS|TAMS 0x0000000748e00000, 0x0000000748e00000| Complete 
| 584|0x0000000749000000, 0x0000000749200000, 0x0000000749200000|100%| E|CS|TAMS 0x0000000749000000, 0x0000000749000000| Complete 
| 585|0x0000000749200000, 0x0000000749400000, 0x0000000749400000|100%| E|CS|TAMS 0x0000000749200000, 0x0000000749200000| Complete 
| 586|0x0000000749400000, 0x0000000749600000, 0x0000000749600000|100%| E|CS|TAMS 0x0000000749400000, 0x0000000749400000| Complete 
| 587|0x0000000749600000, 0x0000000749800000, 0x0000000749800000|100%| E|CS|TAMS 0x0000000749600000, 0x0000000749600000| Complete 
| 588|0x0000000749800000, 0x0000000749a00000, 0x0000000749a00000|100%| E|CS|TAMS 0x0000000749800000, 0x0000000749800000| Complete 
| 589|0x0000000749a00000, 0x0000000749c00000, 0x0000000749c00000|100%| E|CS|TAMS 0x0000000749a00000, 0x0000000749a00000| Complete 
| 590|0x0000000749c00000, 0x0000000749e00000, 0x0000000749e00000|100%| E|CS|TAMS 0x0000000749c00000, 0x0000000749c00000| Complete 
| 591|0x0000000749e00000, 0x000000074a000000, 0x000000074a000000|100%| E|CS|TAMS 0x0000000749e00000, 0x0000000749e00000| Complete 
| 592|0x000000074a000000, 0x000000074a200000, 0x000000074a200000|100%| E|CS|TAMS 0x000000074a000000, 0x000000074a000000| Complete 
| 593|0x000000074a200000, 0x000000074a400000, 0x000000074a400000|100%| E|CS|TAMS 0x000000074a200000, 0x000000074a200000| Complete 
| 594|0x000000074a400000, 0x000000074a600000, 0x000000074a600000|100%| E|CS|TAMS 0x000000074a400000, 0x000000074a400000| Complete 
| 595|0x000000074a600000, 0x000000074a800000, 0x000000074a800000|100%| E|CS|TAMS 0x000000074a600000, 0x000000074a600000| Complete 
| 596|0x000000074a800000, 0x000000074aa00000, 0x000000074aa00000|100%| E|CS|TAMS 0x000000074a800000, 0x000000074a800000| Complete 
| 597|0x000000074aa00000, 0x000000074ac00000, 0x000000074ac00000|100%| E|CS|TAMS 0x000000074aa00000, 0x000000074aa00000| Complete 
|2046|0x00000007ffc00000, 0x00000007ffd75000, 0x00000007ffe00000| 72%|OA|  |TAMS 0x00000007ffd75000, 0x00000007ffc00000| Untracked 
|2047|0x00000007ffe00000, 0x00000007ffe78000, 0x0000000800000000| 23%|CA|  |TAMS 0x00000007ffe78000, 0x00000007ffe00000| Untracked 

Card table byte_map: [0x00007fac11ede000,0x00007fac126de000] _byte_map_base: 0x00007fac0e6de000

Marking Bits (Prev, Next): (CMBitMap*) 0x00007fac0c087260, (CMBitMap*) 0x00007fac0c087220
 Prev Bits: [0x00007fabed54d000, 0x00007fabf154d000)
 Next Bits: [0x00007fabf154d000, 0x00007fabf554d000)

Polling page: 0x00007fac14ca0000

Metaspace:

Usage:
  Non-class:    142.96 MB used.
      Class:     20.11 MB used.
       Both:    163.07 MB used.

Virtual space:
  Non-class space:      192.00 MB reserved,     143.44 MB ( 75%) committed,  3 nodes.
      Class space:        1.00 GB reserved,      20.50 MB (  2%) committed,  1 nodes.
             Both:        1.19 GB reserved,     163.94 MB ( 13%) committed. 

Chunk freelists:
   Non-Class:  560.00 KB
       Class:  11.52 MB
        Both:  12.07 MB

MaxMetaspaceSize: unlimited
CompressedClassSpaceSize: 1.00 GB
Initial GC threshold: 21.00 MB
Current GC threshold: 176.81 MB
CDS: on
MetaspaceReclaimPolicy: balanced
 - commit_granule_bytes: 65536.
 - commit_granule_words: 8192.
 - virtual_space_node_default_size: 8388608.
 - enlarge_chunks_in_place: 1.
 - new_chunks_are_fully_committed: 0.
 - uncommit_free_chunks: 1.
 - use_allocation_guard: 0.
 - handle_deallocations: 1.


Internal statistics:

num_allocs_failed_limit: 18.
num_arena_births: 1324.
num_arena_deaths: 0.
num_vsnodes_births: 4.
num_vsnodes_deaths: 0.
num_space_committed: 2621.
num_space_uncommitted: 0.
num_chunks_returned_to_freelist: 18.
num_chunks_taken_from_freelist: 7551.
num_chunk_merges: 18.
num_chunk_splits: 5569.
num_chunks_enlarged: 4365.
num_inconsistent_stats: 0.

CodeHeap 'non-profiled nmethods': size=120036Kb used=13630Kb max_used=13630Kb free=106405Kb
 bounds [0x00007fabfd014000, 0x00007fabfdd74000, 0x00007fac0454d000]
CodeHeap 'profiled nmethods': size=120032Kb used=40418Kb max_used=40598Kb free=79613Kb
 bounds [0x00007fabf554d000, 0x00007fabf7d1d000, 0x00007fabfca85000]
CodeHeap 'non-nmethods': size=5692Kb used=1979Kb max_used=2074Kb free=3712Kb
 bounds [0x00007fabfca85000, 0x00007fabfccf5000, 0x00007fabfd014000]
 total_blobs=21299 nmethods=20180 adapters=1030
 compilation: enabled
              stopped_count=0, restarted_count=0
 full_count=0

Compilation events (20 events):
Event: 206.875 Thread 0x00007fac0c0f40f0 nmethod 28775 0x00007fabf6189810 code [0x00007fabf6189a60, 0x00007fabf618a440]
Event: 206.880 Thread 0x00007fac0c0f40f0 28776       3       org.gradle.internal.instantiation.generator.AbstractClassGenerator$LazyGroovySupportTypePropertyHandler::visitProperty (43 bytes)
Event: 206.894 Thread 0x00007fac0c0f40f0 nmethod 28776 0x00007fabf658cb10 code [0x00007fabf658cdc0, 0x00007fabf658dc00]
Event: 206.953 Thread 0x00007fac0c0f40f0 28777       3       org.gradle.internal.instantiation.generator.AbstractClassGenerator$NamePropertyHandler::visitProperty (13 bytes)
Event: 207.061 Thread 0x00007fac0c0f40f0 nmethod 28777 0x00007fabf6ff9190 code [0x00007fabf6ff9340, 0x00007fabf6ff9580]
Event: 207.071 Thread 0x00007fac0c0f40f0 28778       3       org.gradle.internal.instantiation.generator.AbstractClassGenerator$ManagedPropertiesHandler::visitProperty (44 bytes)
Event: 207.088 Thread 0x00007fac0c0f40f0 nmethod 28778 0x00007fabf6188e90 code [0x00007fabf61890a0, 0x00007fabf61895a0]
Event: 207.092 Thread 0x00007fac0c0f40f0 28780       3       org.gradle.internal.instantiation.generator.AbstractClassGenerator$DslMixInPropertyType::claimPropertyImplementation (21 bytes)
Event: 207.169 Thread 0x00007fac0c0f40f0 nmethod 28780 0x00007fabf7445c10 code [0x00007fabf7445dc0, 0x00007fabf7445fa0]
Event: 207.172 Thread 0x00007fac0c0f40f0 28781       3       org.gradle.internal.instantiation.generator.AbstractClassGenerator$ServicesPropertyHandler::claimPropertyImplementation (40 bytes)
Event: 207.173 Thread 0x00007fac0c0f2bc0 28784       4       com.google.common.collect.AbstractIndexedListIterator::next (31 bytes)
Event: 207.469 Thread 0x00007fac0c0f40f0 nmethod 28781 0x00007fabf7a47d10 code [0x00007fabf7a47f40, 0x00007fabf7a48810]
Event: 207.478 Thread 0x00007fac0c0f40f0 28782       3       org.gradle.internal.instantiation.generator.AbstractClassGenerator$NamePropertyHandler::claimPropertyImplementation (16 bytes)
Event: 207.560 Thread 0x00007fac0c0f2bc0 nmethod 28784 0x00007fabfdacbd10 code [0x00007fabfdacbea0, 0x00007fabfdacbfb8]
Event: 207.562 Thread 0x00007fac0c0f40f0 nmethod 28782 0x00007fabf6ffee10 code [0x00007fabf6ffefc0, 0x00007fabf6fff220]
Event: 207.803 Thread 0x00007fac0c0f2bc0 28785       4       org.gradle.internal.reflect.MutableClassDetails::property (41 bytes)
Event: 207.806 Thread 0x00007fac0c0f40f0 28788   !   3       jdk.proxy1.$Proxy18::annotationType (29 bytes)
Event: 207.860 Thread 0x00007fac0c0f40f0 nmethod 28788 0x00007fabf6624b90 code [0x00007fabf6624d60, 0x00007fabf6625150]
Event: 208.152 Thread 0x00007fac0c0f2bc0 nmethod 28785 0x00007fabfdacaf90 code [0x00007fabfdacb160, 0x00007fabfdacb9b8]
Event: 208.164 Thread 0x00007fac0c0f2bc0 28789       4       javax.management.ObjectName::construct (1135 bytes)

GC Heap History (20 events):
Event: 121.574 GC heap before
{Heap before GC invocations=81 (full 0):
 garbage-first heap   total 1228800K, used 886390K [0x0000000700000000, 0x0000000800000000)
  region size 2048K, 360 young (737280K), 8 survivors (16384K)
 Metaspace       used 143310K, committed 144192K, reserved 1179648K
  class space    used 17753K, committed 18176K, reserved 1048576K
}
Event: 121.661 GC heap after
{Heap after GC invocations=82 (full 0):
 garbage-first heap   total 1228800K, used 161398K [0x0000000700000000, 0x0000000800000000)
  region size 2048K, 7 young (14336K), 7 survivors (14336K)
 Metaspace       used 143310K, committed 144192K, reserved 1179648K
  class space    used 17753K, committed 18176K, reserved 1048576K
}
Event: 125.648 GC heap before
{Heap before GC invocations=82 (full 0):
 garbage-first heap   total 1228800K, used 882294K [0x0000000700000000, 0x0000000800000000)
  region size 2048K, 361 young (739328K), 7 survivors (14336K)
 Metaspace       used 143511K, committed 144384K, reserved 1179648K
  class space    used 17767K, committed 18176K, reserved 1048576K
}
Event: 125.676 GC heap after
{Heap after GC invocations=83 (full 0):
 garbage-first heap   total 1228800K, used 165494K [0x0000000700000000, 0x0000000800000000)
  region size 2048K, 9 young (18432K), 9 survivors (18432K)
 Metaspace       used 143511K, committed 144384K, reserved 1179648K
  class space    used 17767K, committed 18176K, reserved 1048576K
}
Event: 129.878 GC heap before
{Heap before GC invocations=83 (full 0):
 garbage-first heap   total 1228800K, used 884342K [0x0000000700000000, 0x0000000800000000)
  region size 2048K, 360 young (737280K), 9 survivors (18432K)
 Metaspace       used 143657K, committed 144512K, reserved 1179648K
  class space    used 17783K, committed 18176K, reserved 1048576K
}
Event: 129.967 GC heap after
{Heap after GC invocations=84 (full 0):
 garbage-first heap   total 1228800K, used 163446K [0x0000000700000000, 0x0000000800000000)
  region size 2048K, 8 young (16384K), 8 survivors (16384K)
 Metaspace       used 143657K, committed 144512K, reserved 1179648K
  class space    used 17783K, committed 18176K, reserved 1048576K
}
Event: 133.155 GC heap before
{Heap before GC invocations=84 (full 0):
 garbage-first heap   total 1228800K, used 886390K [0x0000000700000000, 0x0000000800000000)
  region size 2048K, 360 young (737280K), 8 survivors (16384K)
 Metaspace       used 143675K, committed 144512K, reserved 1179648K
  class space    used 17783K, committed 18176K, reserved 1048576K
}
Event: 133.186 GC heap after
{Heap after GC invocations=85 (full 0):
 garbage-first heap   total 1228800K, used 165494K [0x0000000700000000, 0x0000000800000000)
  region size 2048K, 9 young (18432K), 9 survivors (18432K)
 Metaspace       used 143675K, committed 144512K, reserved 1179648K
  class space    used 17783K, committed 18176K, reserved 1048576K
}
Event: 135.589 GC heap before
{Heap before GC invocations=85 (full 0):
 garbage-first heap   total 1228800K, used 884342K [0x0000000700000000, 0x0000000800000000)
  region size 2048K, 360 young (737280K), 9 survivors (18432K)
 Metaspace       used 143707K, committed 144512K, reserved 1179648K
  class space    used 17786K, committed 18176K, reserved 1048576K
}
Event: 135.671 GC heap after
{Heap after GC invocations=86 (full 0):
 garbage-first heap   total 1228800K, used 163446K [0x0000000700000000, 0x0000000800000000)
  region size 2048K, 8 young (16384K), 8 survivors (16384K)
 Metaspace       used 143707K, committed 144512K, reserved 1179648K
  class space    used 17786K, committed 18176K, reserved 1048576K
}
Event: 137.880 GC heap before
{Heap before GC invocations=86 (full 0):
 garbage-first heap   total 1228800K, used 886390K [0x0000000700000000, 0x0000000800000000)
  region size 2048K, 360 young (737280K), 8 survivors (16384K)
 Metaspace       used 143708K, committed 144512K, reserved 1179648K
  class space    used 17786K, committed 18176K, reserved 1048576K
}
Event: 137.973 GC heap after
{Heap after GC invocations=87 (full 0):
 garbage-first heap   total 1228800K, used 171638K [0x0000000700000000, 0x0000000800000000)
  region size 2048K, 11 young (22528K), 11 survivors (22528K)
 Metaspace       used 143708K, committed 144512K, reserved 1179648K
  class space    used 17786K, committed 18176K, reserved 1048576K
}
Event: 139.968 GC heap before
{Heap before GC invocations=87 (full 0):
 garbage-first heap   total 1228800K, used 886390K [0x0000000700000000, 0x0000000800000000)
  region size 2048K, 360 young (737280K), 11 survivors (22528K)
 Metaspace       used 143709K, committed 144512K, reserved 1179648K
  class space    used 17786K, committed 18176K, reserved 1048576K
}
Event: 140.056 GC heap after
{Heap after GC invocations=88 (full 0):
 garbage-first heap   total 1228800K, used 174710K [0x0000000700000000, 0x0000000800000000)
  region size 2048K, 13 young (26624K), 13 survivors (26624K)
 Metaspace       used 143709K, committed 144512K, reserved 1179648K
  class space    used 17786K, committed 18176K, reserved 1048576K
}
Event: 142.248 GC heap before
{Heap before GC invocations=88 (full 0):
 garbage-first heap   total 1228800K, used 885366K [0x0000000700000000, 0x0000000800000000)
  region size 2048K, 360 young (737280K), 13 survivors (26624K)
 Metaspace       used 143716K, committed 144576K, reserved 1179648K
  class space    used 17786K, committed 18176K, reserved 1048576K
}
Event: 142.356 GC heap after
{Heap after GC invocations=89 (full 0):
 garbage-first heap   total 1228800K, used 164470K [0x0000000700000000, 0x0000000800000000)
  region size 2048K, 9 young (18432K), 9 survivors (18432K)
 Metaspace       used 143716K, committed 144576K, reserved 1179648K
  class space    used 17786K, committed 18176K, reserved 1048576K
}
Event: 144.271 GC heap before
{Heap before GC invocations=89 (full 0):
 garbage-first heap   total 1228800K, used 881270K [0x0000000700000000, 0x0000000800000000)
  region size 2048K, 360 young (737280K), 9 survivors (18432K)
 Metaspace       used 143717K, committed 144576K, reserved 1179648K
  class space    used 17786K, committed 18176K, reserved 1048576K
}
Event: 144.364 GC heap after
{Heap after GC invocations=90 (full 0):
 garbage-first heap   total 1228800K, used 166518K [0x0000000700000000, 0x0000000800000000)
  region size 2048K, 10 young (20480K), 10 survivors (20480K)
 Metaspace       used 143717K, committed 144576K, reserved 1179648K
  class space    used 17786K, committed 18176K, reserved 1048576K
}
Event: 150.678 GC heap before
{Heap before GC invocations=90 (full 0):
 garbage-first heap   total 1228800K, used 885366K [0x0000000700000000, 0x0000000800000000)
  region size 2048K, 360 young (737280K), 10 survivors (20480K)
 Metaspace       used 150166K, committed 151104K, reserved 1245184K
  class space    used 18509K, committed 18944K, reserved 1048576K
}
Event: 150.763 GC heap after
{Heap after GC invocations=91 (full 0):
 garbage-first heap   total 1228800K, used 178806K [0x0000000700000000, 0x0000000800000000)
  region size 2048K, 15 young (30720K), 15 survivors (30720K)
 Metaspace       used 150166K, committed 151104K, reserved 1245184K
  class space    used 18509K, committed 18944K, reserved 1048576K
}

Dll operation events (14 events):
Event: 0.007 Loaded shared library /usr/lib/jvm/java-17-openjdk-amd64/lib/libjava.so
Event: 0.071 Loaded shared library /usr/lib/jvm/java-17-openjdk-amd64/lib/libjsvml.so
Event: 0.149 Loaded shared library /usr/lib/jvm/java-17-openjdk-amd64/lib/libzip.so
Event: 0.150 Loaded shared library /usr/lib/jvm/java-17-openjdk-amd64/lib/libinstrument.so
Event: 0.152 Loaded shared library /usr/lib/jvm/java-17-openjdk-amd64/lib/libnio.so
Event: 0.154 Loaded shared library /usr/lib/jvm/java-17-openjdk-amd64/lib/libzip.so
Event: 0.372 Loaded shared library /usr/lib/jvm/java-17-openjdk-amd64/lib/libjimage.so
Event: 0.688 Loaded shared library /usr/lib/jvm/java-17-openjdk-amd64/lib/libverify.so
Event: 0.753 Loaded shared library /usr/lib/jvm/java-17-openjdk-amd64/lib/libnet.so
Event: 0.754 Loaded shared library /root/.gradle/native/660c5614fbf4a5f2a75b1949f50a0caf5cd603558e7d8a26e50b933a0cfb79d1/linux-amd64/libnative-platform.so
Event: 0.768 Loaded shared library /root/.gradle/native/0.2.8/x86_64-linux-gnu/libgradle-fileevents.so
Event: 1.970 Loaded shared library /usr/lib/jvm/java-17-openjdk-amd64/lib/libmanagement.so
Event: 1.972 Loaded shared library /usr/lib/jvm/java-17-openjdk-amd64/lib/libmanagement_ext.so
Event: 2.096 Loaded shared library /usr/lib/jvm/java-17-openjdk-amd64/lib/libextnet.so

Deoptimization events (20 events):
Event: 201.081 Thread 0x00007fab8400a640 Uncommon trap: trap_request=0xffffffc6 fr.pc=0x00007fabfd942b6c relative=0x00000000000004cc
Event: 201.081 Thread 0x00007fab8400a640 Uncommon trap: reason=bimorphic_or_optimized_type_check action=maybe_recompile pc=0x00007fabfd942b6c method=org.gradle.internal.event.AbstractBroadcastDispatch.dispatch(Lorg/gradle/internal/dispatch/MethodInvocation;Lorg/gradle/internal/dispatch/Dispatch;
Event: 201.081 Thread 0x00007fab8400a640 DEOPT PACKING pc=0x00007fabfd942b6c sp=0x00007fabecbf2f00
Event: 201.081 Thread 0x00007fab8400a640 DEOPT UNPACKING pc=0x00007fabfcadeb19 sp=0x00007fabecbf2eb8 mode 2
Event: 201.195 Thread 0x00007fab8400a640 Uncommon trap: trap_request=0xffffffde fr.pc=0x00007fabfd5fd03c relative=0x000000000000075c
Event: 201.196 Thread 0x00007fab8400a640 Uncommon trap: reason=class_check action=maybe_recompile pc=0x00007fabfd5fd03c method=java.lang.StringConcatHelper.stringOf(Ljava/lang/Object;)Ljava/lang/String; @ 5 c2
Event: 201.247 Thread 0x00007fab8400a640 DEOPT PACKING pc=0x00007fabfd5fd03c sp=0x00007fabecbf21c0
Event: 201.249 Thread 0x00007fab8400a640 DEOPT UNPACKING pc=0x00007fabfcadeb19 sp=0x00007fabecbf2100 mode 2
Event: 201.250 Thread 0x00007fab8400a640 Uncommon trap: trap_request=0xffffffde fr.pc=0x00007fabfdc4b9dc relative=0x000000000000003c
Event: 201.250 Thread 0x00007fab8400a640 Uncommon trap: reason=class_check action=maybe_recompile pc=0x00007fabfdc4b9dc method=java.lang.StringConcatHelper.stringOf(Ljava/lang/Object;)Ljava/lang/String; @ 5 c2
Event: 201.250 Thread 0x00007fab8400a640 DEOPT PACKING pc=0x00007fabfdc4b9dc sp=0x00007fabecbf2190
Event: 201.250 Thread 0x00007fab8400a640 DEOPT UNPACKING pc=0x00007fabfcadeb19 sp=0x00007fabecbf2140 mode 2
Event: 201.250 Thread 0x00007fab8400a640 Uncommon trap: trap_request=0xffffffde fr.pc=0x00007fabfd5fd03c relative=0x000000000000075c
Event: 201.250 Thread 0x00007fab8400a640 Uncommon trap: reason=class_check action=maybe_recompile pc=0x00007fabfd5fd03c method=java.lang.StringConcatHelper.stringOf(Ljava/lang/Object;)Ljava/lang/String; @ 5 c2
Event: 201.250 Thread 0x00007fab8400a640 DEOPT PACKING pc=0x00007fabfd5fd03c sp=0x00007fabecbf21c0
Event: 201.250 Thread 0x00007fab8400a640 DEOPT UNPACKING pc=0x00007fabfcadeb19 sp=0x00007fabecbf2100 mode 2
Event: 201.656 Thread 0x00007fab8400a640 DEOPT PACKING pc=0x00007fabf583d746 sp=0x00007fabecbf1700
Event: 201.657 Thread 0x00007fab8400a640 DEOPT UNPACKING pc=0x00007fabfcadf64f sp=0x00007fabecbf0be8 mode 0
Event: 202.183 Thread 0x00007fab8400a640 DEOPT PACKING pc=0x00007fabf6240cb5 sp=0x00007fabecbf16f0
Event: 202.252 Thread 0x00007fab8400a640 DEOPT UNPACKING pc=0x00007fabfcadf64f sp=0x00007fabecbf0b98 mode 0

Classes loaded (20 events):
Event: 152.773 Loading class java/util/Base64$Encoder
Event: 152.774 Loading class java/util/Base64$Encoder done
Event: 152.777 Loading class java/util/jar/JarVerifier$VerifierStream
Event: 152.779 Loading class java/util/jar/JarVerifier$VerifierStream done
Event: 152.780 Loading class sun/security/util/ManifestEntryVerifier$SunProviderHolder
Event: 152.781 Loading class sun/security/util/ManifestEntryVerifier$SunProviderHolder done
Event: 153.557 Loading class sun/reflect/annotation/AnnotationInvocationHandler$1
Event: 153.557 Loading class sun/reflect/annotation/AnnotationInvocationHandler$1 done
Event: 161.161 Loading class java/util/regex/Pattern$Neg
Event: 161.179 Loading class java/util/regex/Pattern$Neg done
Event: 200.955 Loading class sun/reflect/generics/reflectiveObjects/GenericArrayTypeImpl
Event: 200.961 Loading class sun/reflect/generics/reflectiveObjects/GenericArrayTypeImpl done
Event: 200.976 Loading class com/sun/beans/finder/MethodFinder
Event: 200.982 Loading class com/sun/beans/finder/AbstractFinder
Event: 200.983 Loading class com/sun/beans/finder/AbstractFinder done
Event: 200.984 Loading class com/sun/beans/finder/MethodFinder done
Event: 200.985 Loading class com/sun/beans/finder/MethodFinder$1
Event: 200.985 Loading class com/sun/beans/finder/MethodFinder$1 done
Event: 200.986 Loading class com/sun/beans/finder/FinderUtils
Event: 200.986 Loading class com/sun/beans/finder/FinderUtils done

Classes unloaded (0 events):
No events

Classes redefined (0 events):
No events

Internal exceptions (20 events):
Event: 195.409 Thread 0x00007fab8400a640 Exception <a 'java/lang/NoSuchMethodError'{0x000000072f29f228}: 'java.lang.Object java.lang.invoke.DirectMethodHandle$Holder.newInvokeSpecial(java.lang.Object, java.lang.Object, java.lang.Object, java.lang.Object, int, int, int, java.lang.Object)'> (0x000000072f29f228) 
thrown [./src/hotspot/share/interpreter/linkResolver.cpp, line 758]
Event: 195.955 Thread 0x00007fabd37ce6c0 Exception <a 'java/io/IOException'{0x000000074a746520}> (0x000000074a746520) 
thrown [./src/hotspot/share/prims/jni.cpp, line 516]
Event: 197.972 Thread 0x00007fab8400a640 Exception <a 'sun/nio/fs/UnixException'{0x000000072ebefc98}> (0x000000072ebefc98) 
thrown [./src/hotspot/share/prims/jni.cpp, line 516]
Event: 197.979 Thread 0x00007fab8400a640 Exception <a 'sun/nio/fs/UnixException'{0x000000072ebf1648}> (0x000000072ebf1648) 
thrown [./src/hotspot/share/prims/jni.cpp, line 516]
Event: 197.989 Thread 0x00007fab8400a640 Exception <a 'sun/nio/fs/UnixException'{0x000000072ebfc2f8}> (0x000000072ebfc2f8) 
thrown [./src/hotspot/share/prims/jni.cpp, line 516]
Event: 197.992 Thread 0x00007fab8400a640 Exception <a 'sun/nio/fs/UnixException'{0x000000072e805778}> (0x000000072e805778) 
thrown [./src/hotspot/share/prims/jni.cpp, line 516]
Event: 197.994 Thread 0x00007fab8400a640 Exception <a 'sun/nio/fs/UnixException'{0x000000072e828af8}> (0x000000072e828af8) 
thrown [./src/hotspot/share/prims/jni.cpp, line 516]
Event: 197.995 Thread 0x00007fab8400a640 Exception <a 'sun/nio/fs/UnixException'{0x000000072e830c90}> (0x000000072e830c90) 
thrown [./src/hotspot/share/prims/jni.cpp, line 516]
Event: 198.048 Thread 0x00007fab8400a640 Exception <a 'sun/nio/fs/UnixException'{0x000000072e838a38}> (0x000000072e838a38) 
thrown [./src/hotspot/share/prims/jni.cpp, line 516]
Event: 198.054 Thread 0x00007fab8400a640 Exception <a 'sun/nio/fs/UnixException'{0x000000072e8725b0}> (0x000000072e8725b0) 
thrown [./src/hotspot/share/prims/jni.cpp, line 516]
Event: 198.057 Thread 0x00007fab8400a640 Exception <a 'sun/nio/fs/UnixException'{0x000000072e8788d0}> (0x000000072e8788d0) 
thrown [./src/hotspot/share/prims/jni.cpp, line 516]
Event: 198.066 Thread 0x00007fab8400a640 Exception <a 'sun/nio/fs/UnixException'{0x000000072e8846f8}> (0x000000072e8846f8) 
thrown [./src/hotspot/share/prims/jni.cpp, line 516]
Event: 200.771 Thread 0x00007fab8400a640 Exception <a 'java/lang/ClassNotFoundException'{0x000000072e507288}: groovy/lang/Closure$1BeanInfo> (0x000000072e507288) 
thrown [./src/hotspot/share/classfile/systemDictionary.cpp, line 256]
Event: 200.855 Thread 0x00007fab8400a640 Exception <a 'java/lang/ClassNotFoundException'{0x000000072e529e28}: groovy/lang/ClosureBeanInfo> (0x000000072e529e28) 
thrown [./src/hotspot/share/classfile/systemDictionary.cpp, line 256]
Event: 200.858 Thread 0x00007fab8400a640 Exception <a 'java/lang/ClassNotFoundException'{0x000000072e54c440}: groovy/lang/ClosureCustomizer> (0x000000072e54c440) 
thrown [./src/hotspot/share/classfile/systemDictionary.cpp, line 256]
Event: 200.954 Thread 0x00007fabd37ce6c0 Exception <a 'java/io/IOException'{0x000000074a74c670}> (0x000000074a74c670) 
thrown [./src/hotspot/share/prims/jni.cpp, line 516]
Event: 200.974 Thread 0x00007fab8400a640 Exception <a 'java/lang/ClassNotFoundException'{0x000000072e5957b8}: groovy/lang/Closure$1Customizer> (0x000000072e5957b8) 
thrown [./src/hotspot/share/classfile/systemDictionary.cpp, line 256]
Event: 201.073 Thread 0x00007fab8400a640 Exception <a 'java/lang/ClassNotFoundException'{0x000000072e5d3b60}: org/gradle/api/internal/artifacts/dsl/dependencies/DefaultDependencyHandler$1BeanInfo> (0x000000072e5d3b60) 
thrown [./src/hotspot/share/classfile/systemDictionary.cpp, line 256]
Event: 201.075 Thread 0x00007fab8400a640 Exception <a 'java/lang/ClassNotFoundException'{0x000000072e5edcf8}: org/gradle/api/internal/artifacts/dsl/dependencies/DefaultDependencyHandler$1Customizer> (0x000000072e5edcf8) 
thrown [./src/hotspot/share/classfile/systemDictionary.cpp, line 256]
Event: 205.960 Thread 0x00007fabd37ce6c0 Exception <a 'java/io/IOException'{0x000000074a752790}> (0x000000074a752790) 
thrown [./src/hotspot/share/prims/jni.cpp, line 516]

VM Operations (20 events):
Event: 196.571 Executing VM operation: HandshakeAllThreads
Event: 196.572 Executing VM operation: HandshakeAllThreads done
Event: 197.574 Executing VM operation: Cleanup
Event: 197.586 Executing VM operation: Cleanup done
Event: 198.588 Executing VM operation: Cleanup
Event: 198.591 Executing VM operation: Cleanup done
Event: 200.652 Executing VM operation: Cleanup
Event: 200.674 Executing VM operation: Cleanup done
Event: 201.675 Executing VM operation: Cleanup
Event: 201.691 Executing VM operation: Cleanup done
Event: 203.692 Executing VM operation: Cleanup
Event: 203.694 Executing VM operation: Cleanup done
Event: 204.695 Executing VM operation: Cleanup
Event: 204.697 Executing VM operation: Cleanup done
Event: 205.751 Executing VM operation: Cleanup
Event: 205.768 Executing VM operation: Cleanup done
Event: 206.771 Executing VM operation: Cleanup
Event: 206.773 Executing VM operation: Cleanup done
Event: 207.776 Executing VM operation: Cleanup
Event: 207.791 Executing VM operation: Cleanup done

Memory protections (20 events):
Event: 81.761 Protecting memory [0x00007fabdd2f4000,0x00007fabdd2f8000] with protection modes 0
Event: 81.764 Protecting memory [0x00007fabdd1f3000,0x00007fabdd1f7000] with protection modes 0
Event: 82.394 Protecting memory [0x00007fabdd0f2000,0x00007fabdd0f6000] with protection modes 0
Event: 82.396 Protecting memory [0x00007fabdcff1000,0x00007fabdcff5000] with protection modes 0
Event: 82.589 Protecting memory [0x00007fabdcef0000,0x00007fabdcef4000] with protection modes 0
Event: 82.589 Protecting memory [0x00007fabdcdef000,0x00007fabdcdf3000] with protection modes 0
Event: 82.592 Protecting memory [0x00007fabdccee000,0x00007fabdccf2000] with protection modes 0
Event: 83.035 Protecting memory [0x00007fabdcbed000,0x00007fabdcbf1000] with protection modes 0
Event: 83.037 Protecting memory [0x00007fabdcaec000,0x00007fabdcaf0000] with protection modes 0
Event: 84.016 Protecting memory [0x00007fabdc9eb000,0x00007fabdc9ef000] with protection modes 0
Event: 84.016 Protecting memory [0x00007fabdc8ea000,0x00007fabdc8ee000] with protection modes 0
Event: 84.020 Protecting memory [0x00007fabdc7e9000,0x00007fabdc7ed000] with protection modes 0
Event: 89.167 Protecting memory [0x00007fabdc6e8000,0x00007fabdc6ec000] with protection modes 0
Event: 89.169 Protecting memory [0x00007fabdc5e7000,0x00007fabdc5eb000] with protection modes 0
Event: 89.179 Protecting memory [0x00007fabdc4e6000,0x00007fabdc4ea000] with protection modes 0
Event: 95.978 Protecting memory [0x00007fabdc3e5000,0x00007fabdc3e9000] with protection modes 0
Event: 95.979 Protecting memory [0x00007fabdc2e4000,0x00007fabdc2e8000] with protection modes 0
Event: 95.998 Protecting memory [0x00007fabdc1e3000,0x00007fabdc1e7000] with protection modes 0
Event: 150.956 Protecting memory [0x00007fabdc0e2000,0x00007fabdc0e6000] with protection modes 0
Event: 151.889 Protecting memory [0x00007fab8ef00000,0x00007fab8ef04000] with protection modes 0

Nmethod flushes (20 events):
Event: 194.482 Thread 0x00007fac0c0f5560 flushing  nmethod 0x00007fabf753b790
Event: 194.483 Thread 0x00007fac0c0f5560 flushing  nmethod 0x00007fabf7674190
Event: 194.483 Thread 0x00007fac0c0f5560 flushing  nmethod 0x00007fabf7675f90
Event: 194.483 Thread 0x00007fac0c0f5560 flushing  nmethod 0x00007fabf767a790
Event: 194.483 Thread 0x00007fac0c0f5560 flushing  nmethod 0x00007fabf767f010
Event: 194.484 Thread 0x00007fac0c0f5560 flushing  nmethod 0x00007fabf76a1490
Event: 194.484 Thread 0x00007fac0c0f5560 flushing  nmethod 0x00007fabf76a8c90
Event: 194.484 Thread 0x00007fac0c0f5560 flushing  nmethod 0x00007fabf76aad10
Event: 194.484 Thread 0x00007fac0c0f5560 flushing  nmethod 0x00007fabf76ab390
Event: 194.487 Thread 0x00007fac0c0f5560 flushing  nmethod 0x00007fabf79f6210
Event: 194.488 Thread 0x00007fac0c0f5560 flushing  nmethod 0x00007fabf7a33090
Event: 194.488 Thread 0x00007fac0c0f5560 flushing  nmethod 0x00007fabf7a47d10
Event: 194.488 Thread 0x00007fac0c0f5560 flushing  nmethod 0x00007fabf7a48690
Event: 194.488 Thread 0x00007fac0c0f5560 flushing  nmethod 0x00007fabf7a69390
Event: 194.488 Thread 0x00007fac0c0f5560 flushing  nmethod 0x00007fabf7a89910
Event: 194.488 Thread 0x00007fac0c0f5560 flushing  nmethod 0x00007fabf7a92c10
Event: 194.488 Thread 0x00007fac0c0f5560 flushing  nmethod 0x00007fabf7a92f90
Event: 194.488 Thread 0x00007fac0c0f5560 flushing  nmethod 0x00007fabf7a9de10
Event: 194.490 Thread 0x00007fac0c0f5560 flushing  nmethod 0x00007fabf7af1b90
Event: 194.491 Thread 0x00007fac0c0f5560 flushing  nmethod 0x00007fabf7b81010

Events (20 events):
Event: 81.761 Thread 0x00007fab8400a640 Thread added: 0x00007fabd2743f30
Event: 81.762 Thread 0x00007fab8400a640 Thread added: 0x00007fabd2744b00
Event: 82.393 Thread 0x00007fab8400a640 Thread added: 0x00007fabd273e000
Event: 82.394 Thread 0x00007fab8400a640 Thread added: 0x00007fabd273ee30
Event: 82.589 Thread 0x00007fab8400a640 Thread added: 0x00007fabd0452ca0
Event: 82.589 Thread 0x00007fab8400a640 Thread added: 0x00007fabd0453d20
Event: 82.589 Thread 0x00007fab8400a640 Thread added: 0x00007fabd0454e00
Event: 83.035 Thread 0x00007fab8400a640 Thread added: 0x00007fabd0457610
Event: 83.036 Thread 0x00007fab8400a640 Thread added: 0x00007fabd0455ee0
Event: 84.016 Thread 0x00007fab8400a640 Thread added: 0x00007fabd27d3c10
Event: 84.016 Thread 0x00007fab8400a640 Thread added: 0x00007fabd27cf3b0
Event: 84.016 Thread 0x00007fab8400a640 Thread added: 0x00007fabd27d01a0
Event: 89.166 Thread 0x00007fab8400a640 Thread added: 0x00007fabd3163e40
Event: 89.167 Thread 0x00007fab8400a640 Thread added: 0x00007fabd3164b70
Event: 89.169 Thread 0x00007fab8400a640 Thread added: 0x00007fabd3165da0
Event: 95.977 Thread 0x00007fab8400a640 Thread added: 0x00007fabd3169f00
Event: 95.978 Thread 0x00007fab8400a640 Thread added: 0x00007fabd2df0bc0
Event: 95.979 Thread 0x00007fab8400a640 Thread added: 0x00007fabd2df17c0
Event: 150.955 Thread 0x00007fab8400a640 Thread added: 0x00007fabd37ce6c0
Event: 151.887 Thread 0x00007fab8400a640 Thread added: 0x00007fabd3916950


Dynamic libraries:
700000000-74ac00000 rw-p 00000000 00:00 0 
74ac00000-7ffc00000 ---p 00000000 00:00 0 
7ffc00000-7ffd00000 rw-p 00000000 00:00 0 
7ffd00000-7ffd75000 rw-p 00c7a000 00:25 13842                            /usr/lib/jvm/java-17-openjdk-amd64/lib/server/classes.jsa
7ffd75000-7ffe00000 rw-p 00000000 00:00 0 
7ffe00000-7ffe78000 rw-p 00c02000 00:25 13842                            /usr/lib/jvm/java-17-openjdk-amd64/lib/server/classes.jsa
7ffe78000-800000000 rw-p 00000000 00:00 0 
55c694aa6000-55c694aa7000 r--p 00000000 00:25 13485                      /usr/lib/jvm/java-17-openjdk-amd64/bin/java
55c694aa7000-55c694aa8000 r-xp 00001000 00:25 13485                      /usr/lib/jvm/java-17-openjdk-amd64/bin/java
55c694aa8000-55c694aa9000 r--p 00002000 00:25 13485                      /usr/lib/jvm/java-17-openjdk-amd64/bin/java
55c694aa9000-55c694aaa000 r--p 00002000 00:25 13485                      /usr/lib/jvm/java-17-openjdk-amd64/bin/java
55c694aaa000-55c694aab000 rw-p 00003000 00:25 13485                      /usr/lib/jvm/java-17-openjdk-amd64/bin/java
55c694c1c000-55c694d4d000 rw-p 00000000 00:00 0                          [heap]
7fab50000000-7fab52400000 rw-p 00000000 00:00 0 
7fab52400000-7fab53100000 rw-p 00000000 00:00 0 
7fab53100000-7fab53140000 rw-p 00000000 00:00 0 
7fab53140000-7fab53180000 rw-p 00000000 00:00 0 
7fab53180000-7fab53300000 rw-p 00000000 00:00 0 
7fab53300000-7fab53500000 rw-p 00000000 00:00 0 
7fab53500000-7fab53580000 rw-p 00000000 00:00 0 
7fab53580000-7fab53700000 rw-p 00000000 00:00 0 
7fab53700000-7fab53900000 rw-p 00000000 00:00 0 
7fab53900000-7fab53a00000 rw-p 00000000 00:00 0 
7fab53a00000-7fab54000000 rw-p 00000000 00:00 0 
7fab54000000-7fab5428d000 rw-p 00000000 00:00 0 
7fab5428d000-7fab58000000 ---p 00000000 00:00 0 
7fab5c000000-7fab5c340000 rw-p 00000000 00:00 0 
7fab5c340000-7fab5c380000 rw-p 00000000 00:00 0 
7fab5c380000-7fab5c5c0000 rw-p 00000000 00:00 0 
7fab5c5c0000-7fab5c600000 rw-p 00000000 00:00 0 
7fab5c600000-7fab5cc00000 rw-p 00000000 00:00 0 
7fab5cc00000-7fab5cf70000 rw-p 00000000 00:00 0 
7fab5cf80000-7fab60000000 ---p 00000000 00:00 0 
7fab6054d000-7fab68000000 r--s 00000000 00:25 13833                      /usr/lib/jvm/java-17-openjdk-amd64/lib/modules
7fab68000000-7fab68da1000 rw-p 00000000 00:00 0 
7fab68da1000-7fab6c000000 ---p 00000000 00:00 0 
7fab6c000000-7fab6c16a000 rw-p 00000000 00:00 0 
7fab6c16a000-7fab70000000 ---p 00000000 00:00 0 
7fab70000000-7fab70021000 rw-p 00000000 00:00 0 
7fab70021000-7fab74000000 ---p 00000000 00:00 0 
7fab74000000-7fab76dda000 rw-p 00000000 00:00 0 
7fab76dda000-7fab78000000 ---p 00000000 00:00 0 
7fab78000000-7fab78021000 rw-p 00000000 00:00 0 
7fab78021000-7fab7c000000 ---p 00000000 00:00 0 
7fab7c000000-7fab7c056000 rw-p 00000000 00:00 0 
7fab7c056000-7fab80000000 ---p 00000000 00:00 0 
7fab80000000-7fab80032000 rw-p 00000000 00:00 0 
7fab80032000-7fab84000000 ---p 00000000 00:00 0 
7fab84000000-7fab8402e000 rw-p 00000000 00:00 0 
7fab8402e000-7fab88000000 ---p 00000000 00:00 0 
7fab88000000-7fab882d4000 rw-p 00000000 00:00 0 
7fab882d4000-7fab8c000000 ---p 00000000 00:00 0 
7fab8eeff000-7fab8ef00000 ---p 00000000 00:00 0 
7fab8ef00000-7fab8ef04000 ---p 00000000 00:00 0 
7fab8ef04000-7fab8f000000 rw-p 00000000 00:00 0 
7fab8f000000-7fab8f455000 rw-p 00001000 00:25 13842                      /usr/lib/jvm/java-17-openjdk-amd64/lib/server/classes.jsa
7fab8f455000-7fab8fbca000 rw-p 00456000 00:25 13842                      /usr/lib/jvm/java-17-openjdk-amd64/lib/server/classes.jsa
7fab8fbca000-7fab90000000 ---p 00000000 00:00 0 
7fab90000000-7fab90040000 rw-p 00000000 00:00 0 
7fab90040000-7fab90080000 rw-p 00000000 00:00 0 
7fab90080000-7fab90140000 rw-p 00000000 00:00 0 
7fab90140000-7fab90180000 rw-p 00000000 00:00 0 
7fab90180000-7fab903c0000 rw-p 00000000 00:00 0 
7fab903c0000-7fab90400000 rw-p 00000000 00:00 0 
7fab90400000-7fab90e40000 rw-p 00000000 00:00 0 
7fab90e40000-7fab90e80000 rw-p 00000000 00:00 0 
7fab90e80000-7fab910c0000 rw-p 00000000 00:00 0 
7fab910c0000-7fab91140000 rw-p 00000000 00:00 0 
7fab91140000-7fab912e0000 rw-p 00000000 00:00 0 
7fab912e0000-7fab91480000 rw-p 00000000 00:00 0 
7fab91480000-7fabd0000000 ---p 00000000 00:00 0 
7fabd0000000-7fabd3fff000 rw-p 00000000 00:00 0 
7fabd3fff000-7fabd4000000 ---p 00000000 00:00 0 
7fabd4000000-7fabd4400000 rw-p 00000000 00:00 0 
7fabd4400000-7fabd4900000 rw-p 00000000 00:00 0 
7fabd4900000-7fabd4a00000 rw-p 00000000 00:00 0 
7fabd4a00000-7fabd53c0000 rw-p 00000000 00:00 0 
7fabd53c0000-7fabd5400000 rw-p 00000000 00:00 0 
7fabd5400000-7fabd5540000 rw-p 00000000 00:00 0 
7fabd5540000-7fabd5580000 rw-p 00000000 00:00 0 
7fabd5580000-7fabd5900000 rw-p 00000000 00:00 0 
7fabd5900000-7fabd5a00000 rw-p 00000000 00:00 0 
7fabd5a00000-7fabd6200000 rw-p 00000000 00:00 0 
7fabd6200000-7fabd8000000 rw-p 00000000 00:00 0 
7fabd8000000-7fabd8057000 rw-p 00000000 00:00 0 
7fabd8057000-7fabdc000000 ---p 00000000 00:00 0 
7fabdc0e1000-7fabdc0e2000 ---p 00000000 00:00 0 
7fabdc0e2000-7fabdc0e6000 ---p 00000000 00:00 0 
7fabdc0e6000-7fabdc1e2000 rw-p 00000000 00:00 0 
7fabdc1e2000-7fabdc1e3000 ---p 00000000 00:00 0 
7fabdc1e3000-7fabdc1e7000 ---p 00000000 00:00 0 
7fabdc1e7000-7fabdc2e3000 rw-p 00000000 00:00 0 
7fabdc2e3000-7fabdc2e4000 ---p 00000000 00:00 0 
7fabdc2e4000-7fabdc2e8000 ---p 00000000 00:00 0 
7fabdc2e8000-7fabdc3e4000 rw-p 00000000 00:00 0 
7fabdc3e4000-7fabdc3e5000 ---p 00000000 00:00 0 
7fabdc3e5000-7fabdc3e9000 ---p 00000000 00:00 0 
7fabdc3e9000-7fabdc4e5000 rw-p 00000000 00:00 0 
7fabdc4e5000-7fabdc4e6000 ---p 00000000 00:00 0 
7fabdc4e6000-7fabdc4ea000 ---p 00000000 00:00 0 
7fabdc4ea000-7fabdc5e6000 rw-p 00000000 00:00 0 
7fabdc5e6000-7fabdc5e7000 ---p 00000000 00:00 0 
7fabdc5e7000-7fabdc5eb000 ---p 00000000 00:00 0 
7fabdc5eb000-7fabdc6e7000 rw-p 00000000 00:00 0 
7fabdc6e7000-7fabdc6e8000 ---p 00000000 00:00 0 
7fabdc6e8000-7fabdc6ec000 ---p 00000000 00:00 0 
7fabdc6ec000-7fabdc7e8000 rw-p 00000000 00:00 0 
7fabdc7e8000-7fabdc7e9000 ---p 00000000 00:00 0 
7fabdc7e9000-7fabdc7ed000 ---p 00000000 00:00 0 
7fabdc7ed000-7fabdc8e9000 rw-p 00000000 00:00 0 
7fabdc8e9000-7fabdc8ea000 ---p 00000000 00:00 0 
7fabdc8ea000-7fabdc8ee000 ---p 00000000 00:00 0 
7fabdc8ee000-7fabdc9ea000 rw-p 00000000 00:00 0 
7fabdc9ea000-7fabdc9eb000 ---p 00000000 00:00 0 
7fabdc9eb000-7fabdc9ef000 ---p 00000000 00:00 0 
7fabdc9ef000-7fabdcaeb000 rw-p 00000000 00:00 0 
7fabdcaeb000-7fabdcaec000 ---p 00000000 00:00 0 
7fabdcaec000-7fabdcaf0000 ---p 00000000 00:00 0 
7fabdcaf0000-7fabdcbec000 rw-p 00000000 00:00 0 
7fabdcbec000-7fabdcbed000 ---p 00000000 00:00 0 
7fabdcbed000-7fabdcbf1000 ---p 00000000 00:00 0 
7fabdcbf1000-7fabdcced000 rw-p 00000000 00:00 0 
7fabdcced000-7fabdccee000 ---p 00000000 00:00 0 
7fabdccee000-7fabdccf2000 ---p 00000000 00:00 0 
7fabdccf2000-7fabdcdee000 rw-p 00000000 00:00 0 
7fabdcdee000-7fabdcdef000 ---p 00000000 00:00 0 
7fabdcdef000-7fabdcdf3000 ---p 00000000 00:00 0 
7fabdcdf3000-7fabdceef000 rw-p 00000000 00:00 0 
7fabdceef000-7fabdcef0000 ---p 00000000 00:00 0 
7fabdcef0000-7fabdcef4000 ---p 00000000 00:00 0 
7fabdcef4000-7fabdcff0000 rw-p 00000000 00:00 0 
7fabdcff0000-7fabdcff1000 ---p 00000000 00:00 0 
7fabdcff1000-7fabdcff5000 ---p 00000000 00:00 0 
7fabdcff5000-7fabdd0f1000 rw-p 00000000 00:00 0 
7fabdd0f1000-7fabdd0f2000 ---p 00000000 00:00 0 
7fabdd0f2000-7fabdd0f6000 ---p 00000000 00:00 0 
7fabdd0f6000-7fabdd1f2000 rw-p 00000000 00:00 0 
7fabdd1f2000-7fabdd1f3000 ---p 00000000 00:00 0 
7fabdd1f3000-7fabdd1f7000 ---p 00000000 00:00 0 
7fabdd1f7000-7fabdd2f3000 rw-p 00000000 00:00 0 
7fabdd2f3000-7fabdd2f4000 ---p 00000000 00:00 0 
7fabdd2f4000-7fabdd2f8000 ---p 00000000 00:00 0 
7fabdd2f8000-7fabdd3f4000 rw-p 00000000 00:00 0 
7fabdd3f4000-7fabdd3f5000 ---p 00000000 00:00 0 
7fabdd3f5000-7fabdd3f9000 ---p 00000000 00:00 0 
7fabdd3f9000-7fabdd4f5000 rw-p 00000000 00:00 0 
7fabdd4f5000-7fabdd4f6000 ---p 00000000 00:00 0 
7fabdd4f6000-7fabdd4fa000 ---p 00000000 00:00 0 
7fabdd4fa000-7fabdd5f6000 rw-p 00000000 00:00 0 
7fabdd5f6000-7fabdd5f7000 ---p 00000000 00:00 0 
7fabdd5f7000-7fabdd5fb000 ---p 00000000 00:00 0 
7fabdd5fb000-7fabdd6f7000 rw-p 00000000 00:00 0 
7fabdd6f7000-7fabdd6f8000 ---p 00000000 00:00 0 
7fabdd6f8000-7fabdd6fc000 ---p 00000000 00:00 0 
7fabdd6fc000-7fabdd7f8000 rw-p 00000000 00:00 0 
7fabdd7f8000-7fabdd7f9000 ---p 00000000 00:00 0 
7fabdd7f9000-7fabdd7fd000 ---p 00000000 00:00 0 
7fabdd7fd000-7fabdd8f9000 rw-p 00000000 00:00 0 
7fabdd8f9000-7fabdd8fa000 ---p 00000000 00:00 0 
7fabdd8fa000-7fabdd8fe000 ---p 00000000 00:00 0 
7fabdd8fe000-7fabdd9fa000 rw-p 00000000 00:00 0 
7fabdd9fa000-7fabdd9fb000 ---p 00000000 00:00 0 
7fabdd9fb000-7fabdd9ff000 ---p 00000000 00:00 0 
7fabdd9ff000-7fabddafb000 rw-p 00000000 00:00 0 
7fabddafb000-7fabddafc000 ---p 00000000 00:00 0 
7fabddafc000-7fabddb00000 ---p 00000000 00:00 0 
7fabddb00000-7fabddbfc000 rw-p 00000000 00:00 0 
7fabddbfc000-7fabddbfd000 ---p 00000000 00:00 0 
7fabddbfd000-7fabddc01000 ---p 00000000 00:00 0 
7fabddc01000-7fabddcfd000 rw-p 00000000 00:00 0 
7fabddcfd000-7fabddcfe000 ---p 00000000 00:00 0 
7fabddcfe000-7fabddd02000 ---p 00000000 00:00 0 
7fabddd02000-7fabdddfe000 rw-p 00000000 00:00 0 
7fabdddfe000-7fabdddff000 ---p 00000000 00:00 0 
7fabdddff000-7fabdde03000 ---p 00000000 00:00 0 
7fabdde03000-7fabddeff000 rw-p 00000000 00:00 0 
7fabddeff000-7fabddf00000 ---p 00000000 00:00 0 
7fabddf00000-7fabddf04000 ---p 00000000 00:00 0 
7fabddf04000-7fabe0000000 rw-p 00000000 00:00 0 
7fabe0000000-7fabe0071000 rw-p 00000000 00:00 0 
7fabe0071000-7fabe4000000 ---p 00000000 00:00 0 
7fabe4000000-7fabe402e000 rw-p 00000000 00:00 0 
7fabe402e000-7fabe8000000 ---p 00000000 00:00 0 
7fabe8000000-7fabe80ca000 rw-p 00000000 00:00 0 
7fabe80ca000-7fabec000000 ---p 00000000 00:00 0 
7fabec08c000-7fabec08d000 ---p 00000000 00:00 0 
7fabec08d000-7fabec091000 ---p 00000000 00:00 0 
7fabec091000-7fabec18d000 rw-p 00000000 00:00 0 
7fabec18d000-7fabec18e000 ---p 00000000 00:00 0 
7fabec18e000-7fabec192000 ---p 00000000 00:00 0 
7fabec192000-7fabec28e000 rw-p 00000000 00:00 0 
7fabec2e5000-7fabec2e6000 ---p 00000000 00:00 0 
7fabec2e6000-7fabec2ea000 ---p 00000000 00:00 0 
7fabec2ea000-7fabec3e6000 rw-p 00000000 00:00 0 
7fabec3f2000-7fabec3f3000 ---p 00000000 00:00 0 
7fabec3f3000-7fabec3f7000 ---p 00000000 00:00 0 
7fabec3f7000-7fabec4f3000 rw-p 00000000 00:00 0 
7fabec4f3000-7fabec4f4000 ---p 00000000 00:00 0 
7fabec4f4000-7fabec4f8000 ---p 00000000 00:00 0 
7fabec4f8000-7fabec5f4000 rw-p 00000000 00:00 0 
7fabec5f4000-7fabec5f5000 ---p 00000000 00:00 0 
7fabec5f5000-7fabec5f9000 ---p 00000000 00:00 0 
7fabec5f9000-7fabec6f5000 rw-p 00000000 00:00 0 
7fabec6f5000-7fabec6f6000 ---p 00000000 00:00 0 
7fabec6f6000-7fabec6fa000 ---p 00000000 00:00 0 
7fabec6fa000-7fabec7f6000 rw-p 00000000 00:00 0 
7fabec7f6000-7fabec7f7000 ---p 00000000 00:00 0 
7fabec7f7000-7fabec7fb000 ---p 00000000 00:00 0 
7fabec7fb000-7fabec8f7000 rw-p 00000000 00:00 0 
7fabec8f7000-7fabec8f8000 ---p 00000000 00:00 0 
7fabec8f8000-7fabec8fc000 ---p 00000000 00:00 0 
7fabec8fc000-7fabec9f8000 rw-p 00000000 00:00 0 
7fabec9f8000-7fabec9f9000 ---p 00000000 00:00 0 
7fabec9f9000-7fabec9fd000 ---p 00000000 00:00 0 
7fabec9fd000-7fabecaf9000 rw-p 00000000 00:00 0 
7fabecaf9000-7fabecafa000 ---p 00000000 00:00 0 
7fabecafa000-7fabecafe000 ---p 00000000 00:00 0 
7fabecafe000-7fabecbfa000 rw-p 00000000 00:00 0 
7fabecbfa000-7fabecbfb000 ---p 00000000 00:00 0 
7fabecbfb000-7fabecbff000 ---p 00000000 00:00 0 
7fabecbff000-7fabeccfb000 rw-p 00000000 00:00 0 
7fabeccfb000-7fabeccfc000 ---p 00000000 00:00 0 
7fabeccfc000-7fabecd00000 ---p 00000000 00:00 0 
7fabecd00000-7fabecdfc000 rw-p 00000000 00:00 0 
7fabecdfc000-7fabecdfd000 ---p 00000000 00:00 0 
7fabecdfd000-7fabece01000 ---p 00000000 00:00 0 
7fabece01000-7fabecefd000 rw-p 00000000 00:00 0 
7fabecefd000-7fabecefe000 ---p 00000000 00:00 0 
7fabecefe000-7fabecf02000 ---p 00000000 00:00 0 
7fabecf02000-7fabecffe000 rw-p 00000000 00:00 0 
7fabecffe000-7fabecfff000 ---p 00000000 00:00 0 
7fabecfff000-7fabed003000 ---p 00000000 00:00 0 
7fabed003000-7fabed0ff000 rw-p 00000000 00:00 0 
7fabed0ff000-7fabed100000 ---p 00000000 00:00 0 
7fabed100000-7fabed104000 ---p 00000000 00:00 0 
7fabed104000-7fabed200000 rw-p 00000000 00:00 0 
7fabed200000-7fabed205000 r-xp 00000000 fe:00 134860                     /root/.gradle/native/660c5614fbf4a5f2a75b1949f50a0caf5cd603558e7d8a26e50b933a0cfb79d1/linux-amd64/libnative-platform.so
7fabed205000-7fabed405000 ---p 00005000 fe:00 134860                     /root/.gradle/native/660c5614fbf4a5f2a75b1949f50a0caf5cd603558e7d8a26e50b933a0cfb79d1/linux-amd64/libnative-platform.so
7fabed405000-7fabed406000 r--p 00005000 fe:00 134860                     /root/.gradle/native/660c5614fbf4a5f2a75b1949f50a0caf5cd603558e7d8a26e50b933a0cfb79d1/linux-amd64/libnative-platform.so
7fabed406000-7fabed407000 rw-p 00006000 fe:00 134860                     /root/.gradle/native/660c5614fbf4a5f2a75b1949f50a0caf5cd603558e7d8a26e50b933a0cfb79d1/linux-amd64/libnative-platform.so
7fabed44c000-7fabed44d000 ---p 00000000 00:00 0 
7fabed44d000-7fabee7fd000 rw-p 00000000 00:00 0 
7fabee7fd000-7fabf153d000 ---p 00000000 00:00 0 
7fabf153d000-7fabf27fd000 rw-p 00000000 00:00 0 
7fabf27fd000-7fabf553d000 ---p 00000000 00:00 0 
7fabf553d000-7fabf554d000 rw-p 00000000 00:00 0 
7fabf554d000-7fabf7d1d000 rwxp 00000000 00:00 0 
7fabf7d1d000-7fabfca85000 ---p 00000000 00:00 0 
7fabfca85000-7fabfccf5000 rwxp 00000000 00:00 0 
7fabfccf5000-7fabfd014000 ---p 00000000 00:00 0 
7fabfd014000-7fabfdd74000 rwxp 00000000 00:00 0 
7fabfdd74000-7fac0454d000 ---p 00000000 00:00 0 
7fac0454d000-7fac0c000000 r--s 00000000 00:25 13833                      /usr/lib/jvm/java-17-openjdk-amd64/lib/modules
7fac0c000000-7fac0d439000 rw-p 00000000 00:00 0 
7fac0d439000-7fac10000000 ---p 00000000 00:00 0 
7fac1003b000-7fac1003c000 r--p 00000000 00:25 13802                      /usr/lib/jvm/java-17-openjdk-amd64/lib/libextnet.so
7fac1003c000-7fac1003d000 r-xp 00001000 00:25 13802                      /usr/lib/jvm/java-17-openjdk-amd64/lib/libextnet.so
7fac1003d000-7fac1003e000 r--p 00002000 00:25 13802                      /usr/lib/jvm/java-17-openjdk-amd64/lib/libextnet.so
7fac1003e000-7fac1003f000 r--p 00002000 00:25 13802                      /usr/lib/jvm/java-17-openjdk-amd64/lib/libextnet.so
7fac1003f000-7fac10040000 rw-p 00003000 00:25 13802                      /usr/lib/jvm/java-17-openjdk-amd64/lib/libextnet.so
7fac10040000-7fac10042000 r--p 00000000 00:25 13821                      /usr/lib/jvm/java-17-openjdk-amd64/lib/libmanagement_ext.so
7fac10042000-7fac10045000 r-xp 00002000 00:25 13821                      /usr/lib/jvm/java-17-openjdk-amd64/lib/libmanagement_ext.so
7fac10045000-7fac10046000 r--p 00005000 00:25 13821                      /usr/lib/jvm/java-17-openjdk-amd64/lib/libmanagement_ext.so
7fac10046000-7fac10047000 r--p 00006000 00:25 13821                      /usr/lib/jvm/java-17-openjdk-amd64/lib/libmanagement_ext.so
7fac10047000-7fac10048000 rw-p 00007000 00:25 13821                      /usr/lib/jvm/java-17-openjdk-amd64/lib/libmanagement_ext.so
7fac10048000-7fac10049000 r--p 00000000 00:25 17896                      /usr/lib/x86_64-linux-gnu/libdl.so.2
7fac10049000-7fac1004a000 r-xp 00001000 00:25 17896                      /usr/lib/x86_64-linux-gnu/libdl.so.2
7fac1004a000-7fac1004b000 r--p 00002000 00:25 17896                      /usr/lib/x86_64-linux-gnu/libdl.so.2
7fac1004b000-7fac1004c000 r--p 00002000 00:25 17896                      /usr/lib/x86_64-linux-gnu/libdl.so.2
7fac1004c000-7fac1004d000 rw-p 00003000 00:25 17896                      /usr/lib/x86_64-linux-gnu/libdl.so.2
7fac1004d000-7fac1004e000 r--p 00000000 00:25 18147                      /usr/lib/x86_64-linux-gnu/libpthread.so.0
7fac1004e000-7fac1004f000 r-xp 00001000 00:25 18147                      /usr/lib/x86_64-linux-gnu/libpthread.so.0
7fac1004f000-7fac10050000 r--p 00002000 00:25 18147                      /usr/lib/x86_64-linux-gnu/libpthread.so.0
7fac10050000-7fac10051000 r--p 00002000 00:25 18147                      /usr/lib/x86_64-linux-gnu/libpthread.so.0
7fac10051000-7fac10052000 rw-p 00003000 00:25 18147                      /usr/lib/x86_64-linux-gnu/libpthread.so.0
7fac10052000-7fac1008e000 r--p 00000000 fe:00 393227                     /root/.gradle/native/0.2.8/x86_64-linux-gnu/libgradle-fileevents.so
7fac1008e000-7fac100d6000 r-xp 0003b000 fe:00 393227                     /root/.gradle/native/0.2.8/x86_64-linux-gnu/libgradle-fileevents.so
7fac100d6000-7fac100df000 r--p 00082000 fe:00 393227                     /root/.gradle/native/0.2.8/x86_64-linux-gnu/libgradle-fileevents.so
7fac100df000-7fac100e0000 rw-p 0008a000 fe:00 393227                     /root/.gradle/native/0.2.8/x86_64-linux-gnu/libgradle-fileevents.so
7fac100e0000-7fac100e2000 rw-p 00000000 00:00 0 
7fac100e2000-7fac100e6000 r--p 00000000 00:25 13831                      /usr/lib/jvm/java-17-openjdk-amd64/lib/libverify.so
7fac100e6000-7fac100ed000 r-xp 00004000 00:25 13831                      /usr/lib/jvm/java-17-openjdk-amd64/lib/libverify.so
7fac100ed000-7fac100ef000 r--p 0000b000 00:25 13831                      /usr/lib/jvm/java-17-openjdk-amd64/lib/libverify.so
7fac100ef000-7fac100f1000 r--p 0000c000 00:25 13831                      /usr/lib/jvm/java-17-openjdk-amd64/lib/libverify.so
7fac100f1000-7fac100f2000 rw-p 0000e000 00:25 13831                      /usr/lib/jvm/java-17-openjdk-amd64/lib/libverify.so
7fac100f2000-7fac100f3000 ---p 00000000 00:00 0 
7fac100f3000-7fac101f3000 rw-p 00000000 00:00 0 
7fac101f3000-7fac101f4000 ---p 00000000 00:00 0 
7fac101f4000-7fac101f8000 ---p 00000000 00:00 0 
7fac101f8000-7fac102f4000 rw-p 00000000 00:00 0 
7fac102f4000-7fac102f8000 r--p 00000000 00:25 13823                      /usr/lib/jvm/java-17-openjdk-amd64/lib/libnet.so
7fac102f8000-7fac10306000 r-xp 00004000 00:25 13823                      /usr/lib/jvm/java-17-openjdk-amd64/lib/libnet.so
7fac10306000-7fac1030a000 r--p 00012000 00:25 13823                      /usr/lib/jvm/java-17-openjdk-amd64/lib/libnet.so
7fac1030a000-7fac1030b000 r--p 00015000 00:25 13823                      /usr/lib/jvm/java-17-openjdk-amd64/lib/libnet.so
7fac1030b000-7fac1030c000 rw-p 00016000 00:25 13823                      /usr/lib/jvm/java-17-openjdk-amd64/lib/libnet.so
7fac1030c000-7fac1030d000 ---p 00000000 00:00 0 
7fac1030d000-7fac10311000 ---p 00000000 00:00 0 
7fac10311000-7fac1040d000 rw-p 00000000 00:00 0 
7fac1040d000-7fac1040e000 ---p 00000000 00:00 0 
7fac1040e000-7fac10412000 ---p 00000000 00:00 0 
7fac10412000-7fac1050e000 rw-p 00000000 00:00 0 
7fac1050e000-7fac1050f000 ---p 00000000 00:00 0 
7fac1050f000-7fac10513000 ---p 00000000 00:00 0 
7fac10513000-7fac1060f000 rw-p 00000000 00:00 0 
7fac1060f000-7fac10610000 ---p 00000000 00:00 0 
7fac10610000-7fac10614000 ---p 00000000 00:00 0 
7fac10614000-7fac10710000 rw-p 00000000 00:00 0 
7fac10710000-7fac10711000 ---p 00000000 00:00 0 
7fac10711000-7fac10715000 ---p 00000000 00:00 0 
7fac10715000-7fac10811000 rw-p 00000000 00:00 0 
7fac10811000-7fac10812000 ---p 00000000 00:00 0 
7fac10812000-7fac10816000 ---p 00000000 00:00 0 
7fac10816000-7fac10912000 rw-p 00000000 00:00 0 
7fac10912000-7fac10913000 ---p 00000000 00:00 0 
7fac10913000-7fac10917000 ---p 00000000 00:00 0 
7fac10917000-7fac10a13000 rw-p 00000000 00:00 0 
7fac10a13000-7fac10a6a000 r--p 00000000 00:25 13882                      /usr/lib/locale/C.utf8/LC_CTYPE
7fac10a6a000-7fac10a6b000 ---p 00000000 00:00 0 
7fac10a6b000-7fac10a6f000 ---p 00000000 00:00 0 
7fac10a6f000-7fac10b6b000 rw-p 00000000 00:00 0 
7fac10b6b000-7fac10b6c000 ---p 00000000 00:00 0 
7fac10b6c000-7fac10b70000 ---p 00000000 00:00 0 
7fac10b70000-7fac10c6c000 rw-p 00000000 00:00 0 
7fac10c6c000-7fac10c6d000 ---p 00000000 00:00 0 
7fac10c6d000-7fac10d6d000 rw-p 00000000 00:00 0 
7fac10d6d000-7fac10d72000 r--p 00000000 00:25 13817                      /usr/lib/jvm/java-17-openjdk-amd64/lib/libjsvml.so
7fac10d72000-7fac10db3000 r-xp 00005000 00:25 13817                      /usr/lib/jvm/java-17-openjdk-amd64/lib/libjsvml.so
7fac10db3000-7fac10e3c000 r--p 00046000 00:25 13817                      /usr/lib/jvm/java-17-openjdk-amd64/lib/libjsvml.so
7fac10e3c000-7fac10e3d000 r--p 000ce000 00:25 13817                      /usr/lib/jvm/java-17-openjdk-amd64/lib/libjsvml.so
7fac10e3d000-7fac10e3e000 rw-p 000cf000 00:25 13817                      /usr/lib/jvm/java-17-openjdk-amd64/lib/libjsvml.so
7fac10e3e000-7fac10f5b000 rw-p 00000000 00:00 0 
7fac10f5f000-7fac10f61000 r--p 00000000 00:25 13819                      /usr/lib/jvm/java-17-openjdk-amd64/lib/libmanagement.so
7fac10f61000-7fac10f62000 r-xp 00002000 00:25 13819                      /usr/lib/jvm/java-17-openjdk-amd64/lib/libmanagement.so
7fac10f62000-7fac10f63000 r--p 00003000 00:25 13819                      /usr/lib/jvm/java-17-openjdk-amd64/lib/libmanagement.so
7fac10f63000-7fac10f64000 r--p 00003000 00:25 13819                      /usr/lib/jvm/java-17-openjdk-amd64/lib/libmanagement.so
7fac10f64000-7fac10f65000 rw-p 00004000 00:25 13819                      /usr/lib/jvm/java-17-openjdk-amd64/lib/libmanagement.so
7fac10f65000-7fac10f6b000 r--p 00000000 00:25 13824                      /usr/lib/jvm/java-17-openjdk-amd64/lib/libnio.so
7fac10f6b000-7fac10f74000 r-xp 00006000 00:25 13824                      /usr/lib/jvm/java-17-openjdk-amd64/lib/libnio.so
7fac10f74000-7fac10f78000 r--p 0000f000 00:25 13824                      /usr/lib/jvm/java-17-openjdk-amd64/lib/libnio.so
7fac10f78000-7fac10f79000 r--p 00013000 00:25 13824                      /usr/lib/jvm/java-17-openjdk-amd64/lib/libnio.so
7fac10f79000-7fac10f7a000 rw-p 00014000 00:25 13824                      /usr/lib/jvm/java-17-openjdk-amd64/lib/libnio.so
7fac10f7a000-7fac10f7c000 r--p 00000000 00:25 13832                      /usr/lib/jvm/java-17-openjdk-amd64/lib/libzip.so
7fac10f7c000-7fac10f80000 r-xp 00002000 00:25 13832                      /usr/lib/jvm/java-17-openjdk-amd64/lib/libzip.so
7fac10f80000-7fac10f82000 r--p 00006000 00:25 13832                      /usr/lib/jvm/java-17-openjdk-amd64/lib/libzip.so
7fac10f82000-7fac10f83000 r--p 00007000 00:25 13832                      /usr/lib/jvm/java-17-openjdk-amd64/lib/libzip.so
7fac10f83000-7fac10f84000 rw-p 00008000 00:25 13832                      /usr/lib/jvm/java-17-openjdk-amd64/lib/libzip.so
7fac10f84000-7fac10f85000 r--p 00000000 00:25 13888                      /usr/lib/locale/C.utf8/LC_NUMERIC
7fac10f85000-7fac10f86000 r--p 00000000 00:25 13891                      /usr/lib/locale/C.utf8/LC_TIME
7fac10f86000-7fac10f87000 r--p 00000000 00:25 13881                      /usr/lib/locale/C.utf8/LC_COLLATE
7fac10f87000-7fac10f88000 r--p 00000000 00:25 13886                      /usr/lib/locale/C.utf8/LC_MONETARY
7fac10f88000-7fac10f89000 r--p 00000000 00:25 13885                      /usr/lib/locale/C.utf8/LC_MESSAGES/SYS_LC_MESSAGES
7fac10f89000-7fac10f8a000 r--p 00000000 00:25 13889                      /usr/lib/locale/C.utf8/LC_PAPER
7fac10f8a000-7fac10f8b000 r--p 00000000 00:25 13887                      /usr/lib/locale/C.utf8/LC_NAME
7fac10f8b000-7fac10f92000 r--s 00000000 00:25 17572                      /usr/lib/x86_64-linux-gnu/gconv/gconv-modules.cache
7fac10f92000-7fac10f93000 ---p 00000000 00:00 0 
7fac10f93000-7fac11093000 rw-p 00000000 00:00 0 
7fac11093000-7fac11094000 ---p 00000000 00:00 0 
7fac11094000-7fac11396000 rw-p 00000000 00:00 0 
7fac11396000-7fac11397000 ---p 00000000 00:00 0 
7fac11397000-7fac11497000 rw-p 00000000 00:00 0 
7fac11497000-7fac11498000 ---p 00000000 00:00 0 
7fac11498000-7fac11598000 rw-p 00000000 00:00 0 
7fac11598000-7fac11599000 ---p 00000000 00:00 0 
7fac11599000-7fac11934000 rw-p 00000000 00:00 0 
7fac11934000-7fac11edc000 ---p 00000000 00:00 0 
7fac11edc000-7fac12134000 rw-p 00000000 00:00 0 
7fac12134000-7fac126dc000 ---p 00000000 00:00 0 
7fac126dc000-7fac12934000 rw-p 00000000 00:00 0 
7fac12934000-7fac12edc000 ---p 00000000 00:00 0 
7fac12edc000-7fac130fb000 rw-p 00000000 00:00 0 
7fac130fb000-7fac131cb000 ---p 00000000 00:00 0 
7fac131cb000-7fac1321b000 rw-p 00000000 00:00 0 
7fac1321b000-7fac132b6000 ---p 00000000 00:00 0 
7fac132b6000-7fac132bb000 rw-p 00000000 00:00 0 
7fac132bb000-7fac132c2000 ---p 00000000 00:00 0 
7fac132c2000-7fac132ca000 rw-s 00000000 fe:00 134864                     /tmp/hsperfdata_root/2709
7fac132ca000-7fac132d6000 r--p 00000000 00:25 13809                      /usr/lib/jvm/java-17-openjdk-amd64/lib/libjava.so
7fac132d6000-7fac132e7000 r-xp 0000c000 00:25 13809                      /usr/lib/jvm/java-17-openjdk-amd64/lib/libjava.so
7fac132e7000-7fac132ed000 r--p 0001d000 00:25 13809                      /usr/lib/jvm/java-17-openjdk-amd64/lib/libjava.so
7fac132ed000-7fac132ee000 r--p 00022000 00:25 13809                      /usr/lib/jvm/java-17-openjdk-amd64/lib/libjava.so
7fac132ee000-7fac132ef000 rw-p 00023000 00:25 13809                      /usr/lib/jvm/java-17-openjdk-amd64/lib/libjava.so
7fac132ef000-7fac132f0000 rw-p 00000000 00:00 0 
7fac132f0000-7fac132f1000 r--p 00000000 00:25 13804                      /usr/lib/jvm/java-17-openjdk-amd64/lib/libinstrument.so
7fac132f1000-7fac132f7000 r-xp 00001000 00:25 13804                      /usr/lib/jvm/java-17-openjdk-amd64/lib/libinstrument.so
7fac132f7000-7fac132fa000 r--p 00007000 00:25 13804                      /usr/lib/jvm/java-17-openjdk-amd64/lib/libinstrument.so
7fac132fa000-7fac132fb000 r--p 00009000 00:25 13804                      /usr/lib/jvm/java-17-openjdk-amd64/lib/libinstrument.so
7fac132fb000-7fac132fc000 rw-p 0000a000 00:25 13804                      /usr/lib/jvm/java-17-openjdk-amd64/lib/libinstrument.so
7fac132fc000-7fac132fe000 r--p 00000000 00:25 13813                      /usr/lib/jvm/java-17-openjdk-amd64/lib/libjimage.so
7fac132fe000-7fac13301000 r-xp 00002000 00:25 13813                      /usr/lib/jvm/java-17-openjdk-amd64/lib/libjimage.so
7fac13301000-7fac13302000 r--p 00005000 00:25 13813                      /usr/lib/jvm/java-17-openjdk-amd64/lib/libjimage.so
7fac13302000-7fac13303000 r--p 00006000 00:25 13813                      /usr/lib/jvm/java-17-openjdk-amd64/lib/libjimage.so
7fac13303000-7fac13304000 rw-p 00007000 00:25 13813                      /usr/lib/jvm/java-17-openjdk-amd64/lib/libjimage.so
7fac13304000-7fac13308000 ---p 00000000 00:00 0 
7fac13308000-7fac13404000 rw-p 00000000 00:00 0 
7fac13404000-7fac13407000 r--p 00000000 00:25 17958                      /usr/lib/x86_64-linux-gnu/libgcc_s.so.1
7fac13407000-7fac1341e000 r-xp 00003000 00:25 17958                      /usr/lib/x86_64-linux-gnu/libgcc_s.so.1
7fac1341e000-7fac13422000 r--p 0001a000 00:25 17958                      /usr/lib/x86_64-linux-gnu/libgcc_s.so.1
7fac13422000-7fac13423000 r--p 0001d000 00:25 17958                      /usr/lib/x86_64-linux-gnu/libgcc_s.so.1
7fac13423000-7fac13424000 rw-p 0001e000 00:25 17958                      /usr/lib/x86_64-linux-gnu/libgcc_s.so.1
7fac13424000-7fac13434000 r--p 00000000 00:25 18057                      /usr/lib/x86_64-linux-gnu/libm.so.6
7fac13434000-7fac134a8000 r-xp 00010000 00:25 18057                      /usr/lib/x86_64-linux-gnu/libm.so.6
7fac134a8000-7fac13502000 r--p 00084000 00:25 18057                      /usr/lib/x86_64-linux-gnu/libm.so.6
7fac13502000-7fac13503000 r--p 000dd000 00:25 18057                      /usr/lib/x86_64-linux-gnu/libm.so.6
7fac13503000-7fac13504000 rw-p 000de000 00:25 18057                      /usr/lib/x86_64-linux-gnu/libm.so.6
7fac13504000-7fac1359d000 r--p 00000000 00:25 18224                      /usr/lib/x86_64-linux-gnu/libstdc++.so.6.0.30
7fac1359d000-7fac1369e000 r-xp 00099000 00:25 18224                      /usr/lib/x86_64-linux-gnu/libstdc++.so.6.0.30
7fac1369e000-7fac1370d000 r--p 0019a000 00:25 18224                      /usr/lib/x86_64-linux-gnu/libstdc++.so.6.0.30
7fac1370d000-7fac13718000 r--p 00209000 00:25 18224                      /usr/lib/x86_64-linux-gnu/libstdc++.so.6.0.30
7fac13718000-7fac1371b000 rw-p 00214000 00:25 18224                      /usr/lib/x86_64-linux-gnu/libstdc++.so.6.0.30
7fac1371b000-7fac1371e000 rw-p 00000000 00:00 0 
7fac1371e000-7fac1396f000 r--p 00000000 00:25 13845                      /usr/lib/jvm/java-17-openjdk-amd64/lib/server/libjvm.so
7fac1396f000-7fac146c1000 r-xp 00251000 00:25 13845                      /usr/lib/jvm/java-17-openjdk-amd64/lib/server/libjvm.so
7fac146c1000-7fac14942000 r--p 00fa3000 00:25 13845                      /usr/lib/jvm/java-17-openjdk-amd64/lib/server/libjvm.so
7fac14942000-7fac149fa000 r--p 01224000 00:25 13845                      /usr/lib/jvm/java-17-openjdk-amd64/lib/server/libjvm.so
7fac149fa000-7fac14a2f000 rw-p 012dc000 00:25 13845                      /usr/lib/jvm/java-17-openjdk-amd64/lib/server/libjvm.so
7fac14a2f000-7fac14a8b000 rw-p 00000000 00:00 0 
7fac14a8b000-7fac14ab1000 r--p 00000000 00:25 17847                      /usr/lib/x86_64-linux-gnu/libc.so.6
7fac14ab1000-7fac14c07000 r-xp 00026000 00:25 17847                      /usr/lib/x86_64-linux-gnu/libc.so.6
7fac14c07000-7fac14c5a000 r--p 0017c000 00:25 17847                      /usr/lib/x86_64-linux-gnu/libc.so.6
7fac14c5a000-7fac14c5e000 r--p 001cf000 00:25 17847                      /usr/lib/x86_64-linux-gnu/libc.so.6
7fac14c5e000-7fac14c60000 rw-p 001d3000 00:25 17847                      /usr/lib/x86_64-linux-gnu/libc.so.6
7fac14c60000-7fac14c6d000 rw-p 00000000 00:00 0 
7fac14c6d000-7fac14c6f000 r--p 00000000 00:25 13814                      /usr/lib/jvm/java-17-openjdk-amd64/lib/libjli.so
7fac14c6f000-7fac14c78000 r-xp 00002000 00:25 13814                      /usr/lib/jvm/java-17-openjdk-amd64/lib/libjli.so
7fac14c78000-7fac14c7b000 r--p 0000b000 00:25 13814                      /usr/lib/jvm/java-17-openjdk-amd64/lib/libjli.so
7fac14c7b000-7fac14c7c000 r--p 0000d000 00:25 13814                      /usr/lib/jvm/java-17-openjdk-amd64/lib/libjli.so
7fac14c7c000-7fac14c7d000 rw-p 0000e000 00:25 13814                      /usr/lib/jvm/java-17-openjdk-amd64/lib/libjli.so
7fac14c7d000-7fac14c80000 r--p 00000000 00:25 1006                       /usr/lib/x86_64-linux-gnu/libz.so.1.2.13
7fac14c80000-7fac14c93000 r-xp 00003000 00:25 1006                       /usr/lib/x86_64-linux-gnu/libz.so.1.2.13
7fac14c93000-7fac14c9a000 r--p 00016000 00:25 1006                       /usr/lib/x86_64-linux-gnu/libz.so.1.2.13
7fac14c9a000-7fac14c9b000 r--p 0001c000 00:25 1006                       /usr/lib/x86_64-linux-gnu/libz.so.1.2.13
7fac14c9b000-7fac14c9c000 rw-p 0001d000 00:25 1006                       /usr/lib/x86_64-linux-gnu/libz.so.1.2.13
7fac14c9c000-7fac14c9d000 r--p 00000000 00:25 13880                      /usr/lib/locale/C.utf8/LC_ADDRESS
7fac14c9d000-7fac14c9e000 r--p 00000000 00:25 13890                      /usr/lib/locale/C.utf8/LC_TELEPHONE
7fac14c9e000-7fac14c9f000 r--p 00000000 00:25 13884                      /usr/lib/locale/C.utf8/LC_MEASUREMENT
7fac14c9f000-7fac14ca0000 r--p 00000000 00:25 13883                      /usr/lib/locale/C.utf8/LC_IDENTIFICATION
7fac14ca0000-7fac14ca1000 ---p 00000000 00:00 0 
7fac14ca1000-7fac14ca2000 r--p 00000000 00:00 0 
7fac14ca2000-7fac14ca3000 ---p 00000000 00:00 0 
7fac14ca3000-7fac14ca5000 rw-p 00000000 00:00 0 
7fac14ca5000-7fac14ca6000 r--p 00000000 00:25 17633                      /usr/lib/x86_64-linux-gnu/ld-linux-x86-64.so.2
7fac14ca6000-7fac14ccc000 r-xp 00001000 00:25 17633                      /usr/lib/x86_64-linux-gnu/ld-linux-x86-64.so.2
7fac14ccc000-7fac14cd6000 r--p 00027000 00:25 17633                      /usr/lib/x86_64-linux-gnu/ld-linux-x86-64.so.2
7fac14cd6000-7fac14cd8000 r--p 00031000 00:25 17633                      /usr/lib/x86_64-linux-gnu/ld-linux-x86-64.so.2
7fac14cd8000-7fac14cda000 rw-p 00033000 00:25 17633                      /usr/lib/x86_64-linux-gnu/ld-linux-x86-64.so.2
7ffc3c878000-7ffc3c899000 rw-p 00000000 00:00 0                          [stack]
7ffc3c9a7000-7ffc3c9aa000 r--p 00000000 00:00 0                          [vvar]
7ffc3c9aa000-7ffc3c9ac000 r-xp 00000000 00:00 0                          [vdso]
ffffffffff600000-ffffffffff601000 r-xp 00000000 00:00 0                  [vsyscall]


VM Arguments:
jvm_args: --add-opens=java.base/java.lang=ALL-UNNAMED --add-opens=java.base/java.lang.invoke=ALL-UNNAMED --add-opens=java.base/java.util=ALL-UNNAMED --add-opens=java.prefs/java.util.prefs=ALL-UNNAMED --add-exports=jdk.compiler/com.sun.tools.javac.api=ALL-UNNAMED --add-exports=jdk.compiler/com.sun.tools.javac.util=ALL-UNNAMED --add-opens=java.base/java.util=ALL-UNNAMED --add-opens=java.prefs/java.util.prefs=ALL-UNNAMED --add-opens=java.base/java.nio.charset=ALL-UNNAMED --add-opens=java.base/java.net=ALL-UNNAMED --add-opens=java.base/java.util.concurrent=ALL-UNNAMED --add-opens=java.base/java.util.concurrent.atomic=ALL-UNNAMED --add-opens=java.xml/javax.xml.namespace=ALL-UNNAMED --add-opens=java.base/java.time=ALL-UNNAMED -Xmx4g -Dfile.encoding=UTF-8 -Duser.country -Duser.language=en -Duser.variant -javaagent:/root/.gradle/wrapper/dists/gradle-9.3.1-bin/23ovyewtku6u96viwx3xl3oks/gradle-9.3.1/lib/agents/gradle-instrumentation-agent-9.3.1.jar 
java_command: org.gradle.launcher.daemon.bootstrap.GradleDaemon 9.3.1
java_class_path (initial): /root/.gradle/wrapper/dists/gradle-9.3.1-bin/23ovyewtku6u96viwx3xl3oks/gradle-9.3.1/lib/gradle-daemon-main-9.3.1.jar
Launcher Type: SUN_STANDARD

[Global flags]
     intx CICompilerCount                          = 2                                         {product} {ergonomic}
     uint ConcGCThreads                            = 1                                         {product} {ergonomic}
     uint G1ConcRefinementThreads                  = 2                                         {product} {ergonomic}
   size_t G1HeapRegionSize                         = 2097152                                   {product} {ergonomic}
    uintx GCDrainStackTargetSize                   = 64                                        {product} {ergonomic}
   size_t InitialHeapSize                          = 33554432                                  {product} {ergonomic}
   size_t MarkStackSize                            = 4194304                                   {product} {ergonomic}
   size_t MaxHeapSize                              = 4294967296                                {product} {command line}
   size_t MaxNewSize                               = 2575302656                                {product} {ergonomic}
   size_t MinHeapDeltaBytes                        = 2097152                                   {product} {ergonomic}
   size_t MinHeapSize                              = 8388608                                   {product} {ergonomic}
    uintx NonNMethodCodeHeapSize                   = 5826188                                {pd product} {ergonomic}
    uintx NonProfiledCodeHeapSize                  = 122916026                              {pd product} {ergonomic}
    uintx ProfiledCodeHeapSize                     = 122916026                              {pd product} {ergonomic}
    uintx ReservedCodeCacheSize                    = 251658240                              {pd product} {ergonomic}
     bool SegmentedCodeCache                       = true                                      {product} {ergonomic}
   size_t SoftMaxHeapSize                          = 4294967296                             {manageable} {ergonomic}
     bool UseCompressedClassPointers               = true                           {product lp64_product} {ergonomic}
     bool UseCompressedOops                        = true                           {product lp64_product} {ergonomic}
     bool UseG1GC                                  = true                                      {product} {ergonomic}

Logging:
Log output configuration:
 #0: stdout all=warning uptime,level,tags
 #1: stderr all=off uptime,level,tags

Environment Variables:
PATH=/usr/local/sbin:/usr/local/bin:/usr/sbin:/usr/bin:/sbin:/bin
SHELL=/bin/bash
LANG=C.UTF-8
LC_ALL=C.UTF-8
TERM=tmux-256color

Active Locale:
LC_ALL=C.UTF-8
LC_COLLATE=C.UTF-8
LC_CTYPE=C.UTF-8
LC_MESSAGES=C.UTF-8
LC_MONETARY=C.UTF-8
LC_NUMERIC=C.UTF-8
LC_TIME=C.UTF-8

Signal Handlers:
   SIGSEGV: crash_handler in libjvm.so, mask=11100100010111111101111111111110, flags=SA_RESTART|SA_SIGINFO, unblocked
    SIGBUS: crash_handler in libjvm.so, mask=11100100010111111101111111111110, flags=SA_RESTART|SA_SIGINFO, unblocked
    SIGFPE: crash_handler in libjvm.so, mask=11100100010111111101111111111110, flags=SA_RESTART|SA_SIGINFO, unblocked
   SIGPIPE: javaSignalHandler in libjvm.so, mask=11100100010111111101111111111110, flags=SA_RESTART|SA_SIGINFO, unblocked
   SIGXFSZ: javaSignalHandler in libjvm.so, mask=11100100010111111101111111111110, flags=SA_RESTART|SA_SIGINFO, unblocked
    SIGILL: crash_handler in libjvm.so, mask=11100100010111111101111111111110, flags=SA_RESTART|SA_SIGINFO, unblocked
   SIGUSR2: SR_handler in libjvm.so, mask=00100000000000000000000000000000, flags=SA_RESTART|SA_SIGINFO, unblocked
    SIGHUP: UserHandler in libjvm.so, mask=11100100010111111101111111111110, flags=SA_RESTART|SA_SIGINFO, unblocked
    SIGINT: UserHandler in libjvm.so, mask=11100100010111111101111111111110, flags=SA_RESTART|SA_SIGINFO, unblocked
   SIGTERM: UserHandler in libjvm.so, mask=11100100010111111101111111111110, flags=SA_RESTART|SA_SIGINFO, unblocked
   SIGQUIT: UserHandler in libjvm.so, mask=11100100010111111101111111111110, flags=SA_RESTART|SA_SIGINFO, blocked
   SIGTRAP: crash_handler in libjvm.so, mask=11100100010111111101111111111110, flags=SA_RESTART|SA_SIGINFO, unblocked


Periodic native trim disabled


---------------  S Y S T E M  ---------------

OS:
PRETTY_NAME="Debian GNU/Linux 12 (bookworm)"
NAME="Debian GNU/Linux"
VERSION_ID="12"
VERSION="12 (bookworm)"
VERSION_CODENAME=bookworm
ID=debian
HOME_URL="https://www.debian.org/"
SUPPORT_URL="https://www.debian.org/support"
BUG_REPORT_URL="https://bugs.debian.org/"
uname: Linux 4.19.91-c8dfc93.al7.x86_64 #1 SMP Tue Sep 26 10:25:51 UTC 2023 x86_64
OS uptime: 0 days 0:05 hours
libc: glibc 2.36 NPTL 2.36 
rlimit (soft/hard): STACK 8192k/infinity , CORE 0k/0k , NPROC 100000/100000 , NOFILE 100000/100000 , AS infinity/infinity , CPU infinity/infinity , DATA infinity/infinity , FSIZE infinity/infinity , MEMLOCK 64k/64k
load average: 3.42 1.33 0.50

/proc/meminfo:
MemTotal:        2152516 kB
MemFree:           22880 kB
MemAvailable:          0 kB
Buffers:             128 kB
Cached:             2596 kB
SwapCached:            0 kB
Active:          2052708 kB
Inactive:           1424 kB
Active(anon):    2051468 kB
Inactive(anon):       16 kB
Active(file):       1240 kB
Inactive(file):     1408 kB
Unevictable:           0 kB
Mlocked:               0 kB
SwapTotal:             0 kB
SwapFree:              0 kB
Dirty:                 0 kB
Writeback:            80 kB
AnonPages:       2051452 kB
Mapped:             2172 kB
Shmem:                32 kB
Slab:              26332 kB
SReclaimable:      13468 kB
SUnreclaim:        12864 kB
KernelStack:        3184 kB
PageTables:         5820 kB
NFS_Unstable:          0 kB
Bounce:                0 kB
WritebackTmp:          0 kB
CommitLimit:     1076256 kB
Committed_AS:    2367788 kB
VmallocTotal:   34359738367 kB
VmallocUsed:           0 kB
VmallocChunk:          0 kB
Percpu:              384 kB
AnonHugePages:    708608 kB
ShmemHugePages:        0 kB
ShmemPmdMapped:        0 kB
HugePages_Total:       0
HugePages_Free:        0
HugePages_Rsvd:        0
HugePages_Surp:        0
Hugepagesize:       2048 kB
Hugetlb:               0 kB
DirectMap4k:        8192 kB
DirectMap2M:     2523136 kB
DirectMap1G:           0 kB

/sys/kernel/mm/transparent_hugepage/enabled: [always] madvise never
/sys/kernel/mm/transparent_hugepage/hpage_pmd_size: 2097152
/sys/kernel/mm/transparent_hugepage/defrag (defrag/compaction efforts parameter): always defer defer+madvise madvise [never]

Process Memory:
Virtual Size: 7298584K (peak: 7565552K)
Resident Set Size: 1565416K (peak: 1565416K) (anon: 1565416K, file: 0K, shmem: 0K)
Swapped out: 0K
C-Heap outstanding allocations: 110934K, retained: 46713K
glibc malloc tunables: (default)

/proc/sys/kernel/threads-max (system-wide limit on the number of threads): 1129
/proc/sys/vm/max_map_count (maximum number of memory map areas a process may have): 65530
/proc/sys/vm/swappiness (control to define how aggressively the kernel swaps out anonymous memory): 60
/proc/sys/kernel/pid_max (system-wide limit on number of process identifiers): 32768

container (cgroup) information:
container_type: cgroupv1
cpu_cpuset_cpus: 0-1
cpu_memory_nodes: 0
active_processor_count: 2
cpu_quota: no quota
cpu_period: 100000
cpu_shares: 12288
memory_limit_in_bytes: 2097152 k
memory_and_swap_limit_in_bytes: unlimited
memory_soft_limit_in_bytes: unlimited
memory_usage_in_bytes: 2070340 k
memory_max_usage_in_bytes: 2070760 k
kernel_memory_limit_in_bytes: unlimited
kernel_memory_usage_in_bytes: 22284 k
kernel_memory_max_usage_in_bytes: 65032 k
maximum number of tasks: unlimited
current number of tasks: 126

KVM virtualization detected
Steal ticks since vm start: 17592
Steal ticks percentage since vm start:  0.404

CPU: total 2 (initial active 2) (2 cores per cpu, 1 threads per core) family 6 model 85 stepping 7 microcode 0x1, cx8, cmov, fxsr, mmx, 3dnowpref, sse, sse2, sse3, ssse3, sse4.1, sse4.2, popcnt, lzcnt, tsc, tscinvbit, avx, avx2, aes, erms, clmul, bmi1, bmi2, adx, avx512f, avx512dq, avx512cd, avx512bw, avx512vl, fma, vzeroupper, avx512_vnni, clflush, clflushopt, clwb, hv
CPU Model and flags from /proc/cpuinfo:
model name	: Intel(R) Xeon(R) Processor @ 2.50GHz
flags		: fpu vme de pse tsc msr pae mce cx8 apic sep mtrr pge mca cmov pat pse36 clflush mmx fxsr sse sse2 ss ht syscall nx pdpe1gb rdtscp lm constant_tsc rep_good nopl xtopology nonstop_tsc cpuid tsc_known_freq pni pclmulqdq ssse3 fma cx16 pcid sse4_1 sse4_2 x2apic movbe popcnt tsc_deadline_timer aes xsave avx f16c rdrand hypervisor lahf_lm abm 3dnowprefetch cpuid_fault invpcid_single ssbd ibrs ibpb stibp ibrs_enhanced fsgsbase tsc_adjust bmi1 avx2 smep bmi2 erms invpcid mpx avx512f avx512dq rdseed adx smap clflushopt clwb avx512cd avx512bw avx512vl xsaveopt xsavec xgetbv1 xsaves umip avx512_vnni md_clear arch_capabilities

Online cpus: 0-1
Offline cpus: 
BIOS frequency limitation: <Not Available>
Frequency switch latency (ns): <Not Available>
Available cpu frequencies: <Not Available>
Current governor: <Not Available>
Core performance/turbo boost: <Not Available>

Memory: 4k page, physical 2097152k(27396k free), swap 0k(0k free)
Page Sizes: 4k

vm_info: OpenJDK 64-Bit Server VM (17.0.16+8-Debian-1deb12u1) for linux-amd64 JRE (17.0.16+8-Debian-1deb12u1), built on Aug 11 2025 10:28:33 by "buildd" with gcc 12.2.0

END.
