#
# There is insufficient memory for the Java Runtime Environment to continue.
# Native memory allocation (mmap) failed to map 654311424 bytes. Error detail: committing reserved memory.
# Possible reasons:
#   The system is out of physical RAM or swap space
#   This process is running with CompressedOops enabled, and the Java Heap may be blocking the growth of the native heap
# Possible solutions:
#   Reduce memory load on the system
#   Increase physical memory or swap space
#   Check if swap backing store is full
#   Decrease Java heap size (-Xmx/-Xms)
#   Decrease number of Java threads
#   Decrease Java thread stack sizes (-Xss)
#   Set larger code cache with -XX:ReservedCodeCacheSize=
#   JVM is running with Zero Based Compressed Oops mode in which the Java heap is
#     placed in the first 32GB address space. The Java Heap base address is the
#     maximum limit for the native heap growth. Please use -XX:HeapBaseMinAddress
#     to set the Java Heap base and to place the Java Heap above 32GB virtual address.
# This output file may be truncated or incomplete.
#
#  Out of Memory Error (os_linux.cpp:2834), pid=3967, tid=3977
#
# JRE version: OpenJDK Runtime Environment (17.0.20+8) (build 17.0.20+8-1-deb12u1-Debian)
# Java VM: OpenJDK 64-Bit Server VM (17.0.20+8-1-deb12u1-Debian, mixed mode, sharing, tiered, compressed oops, compressed class ptrs, g1 gc, linux-amd64)
# No core dump will be written. Core dumps have been disabled. To enable core dumping, try "ulimit -c unlimited" before starting Java again
#

---------------  S U M M A R Y ------------

Command Line: --add-opens=java.base/java.lang=ALL-UNNAMED --add-opens=java.base/java.lang.invoke=ALL-UNNAMED --add-opens=java.base/java.util=ALL-UNNAMED --add-opens=java.prefs/java.util.prefs=ALL-UNNAMED --add-exports=jdk.compiler/com.sun.tools.javac.api=ALL-UNNAMED --add-exports=jdk.compiler/com.sun.tools.javac.util=ALL-UNNAMED --add-opens=java.base/java.util=ALL-UNNAMED --add-opens=java.prefs/java.util.prefs=ALL-UNNAMED --add-opens=java.base/java.nio.charset=ALL-UNNAMED --add-opens=java.base/java.net=ALL-UNNAMED --add-opens=java.base/java.util.concurrent=ALL-UNNAMED --add-opens=java.base/java.util.concurrent.atomic=ALL-UNNAMED --add-opens=java.xml/javax.xml.namespace=ALL-UNNAMED --add-opens=java.base/java.time=ALL-UNNAMED -Xmx4g -Dfile.encoding=UTF-8 -Duser.country -Duser.language=en -Duser.variant -javaagent:/root/.gradle/wrapper/dists/gradle-9.3.1-bin/23ovyewtku6u96viwx3xl3oks/gradle-9.3.1/lib/agents/gradle-instrumentation-agent-9.3.1.jar org.gradle.launcher.daemon.bootstrap.GradleDaemon 9.3.1

Host: Intel(R) Xeon(R) Processor @ 2.50GHz, 2 cores, 2G, Debian GNU/Linux 12 (bookworm)
Time: Sat Aug 22 22:47:59 2026 UTC elapsed time: 174.322462 seconds (0d 0h 2m 54s)

---------------  T H R E A D  ---------------

Current thread (0x00007fecf80e2f40):  VMThread "VM Thread" [stack: 0x00007fecfd2b7000,0x00007fecfd3b7000] [id=3977]

Stack: [0x00007fecfd2b7000,0x00007fecfd3b7000],  sp=0x00007fecfd3b4d70,  free space=1015k
Native frames: (J=compiled Java code, j=interpreted, Vv=VM code, C=native code)
V  [libjvm.so+0xf21211]  VMError::report_and_die(int, char const*, char const*, __va_list_tag*, Thread*, unsigned char*, void*, void*, char const*, int, unsigned long)+0x171
V  [libjvm.so+0xf21d7d]  VMError::report_and_die(Thread*, char const*, int, unsigned long, VMErrorType, char const*, __va_list_tag*)+0x2d
V  [libjvm.so+0x60378c]  report_vm_out_of_memory(char const*, int, unsigned long, VMErrorType, char const*, ...)+0xdc
V  [libjvm.so+0xc2a14b]  os::pd_commit_memory_or_exit(char*, unsigned long, unsigned long, bool, char const*)+0xeb
V  [libjvm.so+0xc23ffb]  os::commit_memory_or_exit(char*, unsigned long, unsigned long, bool, char const*)+0x1b
V  [libjvm.so+0x733436]  G1PageBasedVirtualSpace::commit(unsigned long, unsigned long)+0x66
V  [libjvm.so+0x7473e0]  G1RegionsLargerThanCommitSizeMapper::commit_regions(unsigned int, unsigned long, WorkGang*)+0x110
V  [libjvm.so+0x7dadc8]  HeapRegionManager::commit_regions(unsigned int, unsigned long, WorkGang*)+0x88
V  [libjvm.so+0x7dcc0b]  HeapRegionManager::expand(unsigned int, unsigned int, WorkGang*)+0x2b
V  [libjvm.so+0x7dce27]  HeapRegionManager::expand_by(unsigned int, WorkGang*)+0x77
V  [libjvm.so+0x6ebed8]  G1CollectedHeap::expand(unsigned long, WorkGang*, double*)+0xe8
V  [libjvm.so+0x6efb29]  G1CollectedHeap::do_collection_pause_at_safepoint_helper(double)+0x8a9
V  [libjvm.so+0x6efb8f]  G1CollectedHeap::do_collection_pause_at_safepoint(double)+0x2f
V  [libjvm.so+0x76b9d7]  VM_G1CollectForAllocation::doit()+0x47
V  [libjvm.so+0xf26715]  VM_Operation::evaluate()+0xe5
V  [libjvm.so+0xf28005]  VMThread::evaluate_operation(VM_Operation*)+0x105
V  [libjvm.so+0xf2857f]  VMThread::inner_execute(VM_Operation*)+0x28f
V  [libjvm.so+0xf2878f]  VMThread::run()+0xbf
V  [libjvm.so+0xea40a5]  Thread::call_run()+0xa5
V  [libjvm.so+0xc2c8f3]  thread_native_entry(Thread*)+0xe3

VM_Operation (0x00007fec79fe57d0): G1CollectForAllocation, mode: safepoint, requested by thread 0x00007fecbc018450


---------------  P R O C E S S  ---------------

Threads class SMR info:
_java_thread_list=0x00007fec58f4f5c0, length=90, elements={
0x00007fecf801aea0, 0x00007fecf80e7040, 0x00007fecf80e8420, 0x00007fecf80ef100,
0x00007fecf80f04b0, 0x00007fecf80f18c0, 0x00007fecf80f3270, 0x00007fecf80f47a0,
0x00007fecf80f5c10, 0x00007fecf8101710, 0x00007fecf81e95c0, 0x00007fecf93fc4f0,
0x00007fecf9485310, 0x00007fecf94b6520, 0x00007fec64017d20, 0x00007fec6c003ea0,
0x00007fec6c009110, 0x00007fec6c00f550, 0x00007fecc4006a40, 0x00007fecc400dba0,
0x00007fecc4018530, 0x00007fecc41b2350, 0x00007fecc41b5270, 0x00007fecc41ec0e0,
0x00007fecc48844b0, 0x00007fecc48ed2a0, 0x00007fecc4a338a0, 0x00007fecc4c0ac70,
0x00007fecc4e6a740, 0x00007fecc4e846e0, 0x00007fecc5301db0, 0x00007fecc55ce6d0,
0x00007fecc55cf500, 0x00007fecc55d0640, 0x00007fecc55e2fb0, 0x00007fecc55e4200,
0x00007fecc55e5270, 0x00007fecc55da5c0, 0x00007fecc55db750, 0x00007fecc55f1f70,
0x00007fecc5b77ff0, 0x00007fecc5cdad30, 0x00007fecc67ae3b0, 0x00007fecc687af50,
0x00007fecc68873b0, 0x00007fecc6887aa0, 0x00007fecc626eb70, 0x00007fecc626f0e0,
0x00007fecc626fb90, 0x00007fecc6270950, 0x00007fecc6271530, 0x00007fecc687c1a0,
0x00007fecc687ca10, 0x00007fecc626add0, 0x00007fecc626bd40, 0x00007fecc626c750,
0x00007fecc45e1a50, 0x00007fecc45e22f0, 0x00007fecc45e4c20, 0x00007fecc45de060,
0x00007fecc45dece0, 0x00007fecc45dfa60, 0x00007fecc45e0690, 0x00007fecc43bcf80,
0x00007fecc43bd510, 0x00007fecc43be260, 0x00007fecc45e3710, 0x00007fecc45e42a0,
0x00007fecc43bb2b0, 0x00007fecc43bbe70, 0x00007fecc581fe50, 0x00007fecc6874ae0,
0x00007fecc6875920, 0x00007fecc58251b0, 0x00007fecc6757520, 0x00007fecc68b3770,
0x00007fecbc018450, 0x00007fecbc019bf0, 0x00007fecbc01bd60, 0x00007fecbc028650,
0x00007fecc68e7a20, 0x00007feccc02eb80, 0x00007feccc0449a0, 0x00007fecbc046760,
0x00007fecf8a2ece0, 0x00007fec58320be0, 0x00007fec58323920, 0x00007fec58a245e0,
0x00007fec58a2f2d0, 0x00007fec58f4ebc0
}

Java Threads: ( => current thread )
  0x00007fecf801aea0 JavaThread "main" [_thread_blocked, id=3968, stack(0x00007fecff94e000,0x00007fecffa4e000)]
  0x00007fecf80e7040 JavaThread "Reference Handler" daemon [_thread_blocked, id=3978, stack(0x00007fecfd1b6000,0x00007fecfd2b6000)]
  0x00007fecf80e8420 JavaThread "Finalizer" daemon [_thread_blocked, id=3979, stack(0x00007fecfd0b5000,0x00007fecfd1b5000)]
  0x00007fecf80ef100 JavaThread "Signal Dispatcher" daemon [_thread_blocked, id=3980, stack(0x00007fecfcf5d000,0x00007fecfd05d000)]
  0x00007fecf80f04b0 JavaThread "Service Thread" daemon [_thread_blocked, id=3981, stack(0x00007fecfce5c000,0x00007fecfcf5c000)]
  0x00007fecf80f18c0 JavaThread "Monitor Deflation Thread" daemon [_thread_blocked, id=3982, stack(0x00007fecfcd5b000,0x00007fecfce5b000)]
  0x00007fecf80f3270 JavaThread "C2 CompilerThread0" daemon [_thread_blocked, id=3983, stack(0x00007fecfcc5a000,0x00007fecfcd5a000)]
  0x00007fecf80f47a0 JavaThread "C1 CompilerThread0" daemon [_thread_blocked, id=3984, stack(0x00007fecfcb59000,0x00007fecfcc59000)]
  0x00007fecf80f5c10 JavaThread "Sweeper thread" daemon [_thread_blocked, id=3985, stack(0x00007fecfca58000,0x00007fecfcb58000)]
  0x00007fecf8101710 JavaThread "Common-Cleaner" daemon [_thread_blocked, id=3986, stack(0x00007fecfc957000,0x00007fecfca57000)]
  0x00007fecf81e95c0 JavaThread "Notification Thread" daemon [_thread_blocked, id=3987, stack(0x00007fecfc83e000,0x00007fecfc93e000)]
  0x00007fecf93fc4f0 JavaThread "Daemon health stats" [_thread_blocked, id=3995, stack(0x00007fecfc100000,0x00007fecfc200000)]
  0x00007fecf9485310 JavaThread "Incoming local TCP Connector on port 39389" [_thread_in_native, id=3997, stack(0x00007fecd9411000,0x00007fecd9511000)]
  0x00007fecf94b6520 JavaThread "Daemon periodic checks" [_thread_blocked, id=3998, stack(0x00007fecd9310000,0x00007fecd9410000)]
  0x00007fec64017d20 JavaThread "Daemon" [_thread_blocked, id=3999, stack(0x00007fecd920f000,0x00007fecd930f000)]
  0x00007fec6c003ea0 JavaThread "Handler for socket connection from /127.0.0.1:39389 to /127.0.0.1:47524" [_thread_in_native, id=4000, stack(0x00007fecd910e000,0x00007fecd920e000)]
  0x00007fec6c009110 JavaThread "Cancel handler" [_thread_blocked, id=4001, stack(0x00007fecd900d000,0x00007fecd910d000)]
  0x00007fec6c00f550 JavaThread "Daemon worker" [_thread_blocked, id=4002, stack(0x00007fecd8f0c000,0x00007fecd900c000)]
  0x00007fecc4006a40 JavaThread "Asynchronous log dispatcher for DefaultDaemonConnection: socket connection from /127.0.0.1:39389 to /127.0.0.1:47524" [_thread_blocked, id=4003, stack(0x00007fecd8e0b000,0x00007fecd8f0b000)]
  0x00007fecc400dba0 JavaThread "Stdin handler" [_thread_blocked, id=4004, stack(0x00007fecd8d0a000,0x00007fecd8e0a000)]
  0x00007fecc4018530 JavaThread "Daemon client event forwarder" [_thread_blocked, id=4005, stack(0x00007fecd8c09000,0x00007fecd8d09000)]
  0x00007fecc41b2350 JavaThread "Cache worker for journal cache (/root/.gradle/caches/journal-1)" [_thread_blocked, id=4007, stack(0x00007fecd8b08000,0x00007fecd8c08000)]
  0x00007fecc41b5270 JavaThread "File lock request listener" [_thread_in_native, id=4008, stack(0x00007fecd8a07000,0x00007fecd8b07000)]
  0x00007fecc41ec0e0 JavaThread "Cache worker for file hash cache (/root/.gradle/caches/9.3.1/fileHashes)" [_thread_blocked, id=4010, stack(0x00007fecd8906000,0x00007fecd8a06000)]
  0x00007fecc48844b0 JavaThread "Cache worker for file hash cache (/workspace/.gradle/9.3.1/fileHashes)" [_thread_blocked, id=4013, stack(0x00007fecd85f5000,0x00007fecd86f5000)]
  0x00007fecc48ed2a0 JavaThread "Cache worker for checksums cache (/workspace/.gradle/9.3.1/checksums)" [_thread_blocked, id=4014, stack(0x00007fecd8805000,0x00007fecd8905000)]
  0x00007fecc4a338a0 JavaThread "Cache worker for Build Output Cleanup Cache (/workspace/.gradle/buildOutputCleanup)" [_thread_blocked, id=4016, stack(0x00007fecd8704000,0x00007fecd8804000)]
  0x00007fecc4c0ac70 JavaThread "Cache worker for file content cache (/root/.gradle/caches/9.3.1/fileContent)" [_thread_blocked, id=4018, stack(0x00007fecd84f4000,0x00007fecd85f4000)]
  0x00007fecc4e6a740 JavaThread "Cache worker for cache directory md-supplier (/root/.gradle/caches/9.3.1/md-supplier)" [_thread_blocked, id=4022, stack(0x00007fecd83f3000,0x00007fecd84f3000)]
  0x00007fecc4e846e0 JavaThread "Cache worker for cache directory md-rule (/root/.gradle/caches/9.3.1/md-rule)" [_thread_blocked, id=4023, stack(0x00007fecd82f2000,0x00007fecd83f2000)]
  0x00007fecc5301db0 JavaThread "Configuration cache report writer" [_thread_blocked, id=4030, stack(0x00007fecd81f1000,0x00007fecd82f1000)]
  0x00007fecc55ce6d0 JavaThread "Unconstrained build operations" [_thread_blocked, id=4036, stack(0x00007fecd80f0000,0x00007fecd81f0000)]
  0x00007fecc55cf500 JavaThread "Unconstrained build operations Thread 2" [_thread_blocked, id=4037, stack(0x00007fecc9f00000,0x00007fecca000000)]
  0x00007fecc55d0640 JavaThread "Unconstrained build operations Thread 3" [_thread_blocked, id=4038, stack(0x00007fecc9dff000,0x00007fecc9eff000)]
  0x00007fecc55e2fb0 JavaThread "Unconstrained build operations Thread 4" [_thread_blocked, id=4040, stack(0x00007fecc9cfe000,0x00007fecc9dfe000)]
  0x00007fecc55e4200 JavaThread "Unconstrained build operations Thread 5" [_thread_blocked, id=4041, stack(0x00007fecc9bfd000,0x00007fecc9cfd000)]
  0x00007fecc55e5270 JavaThread "Unconstrained build operations Thread 6" [_thread_blocked, id=4042, stack(0x00007fecc9afc000,0x00007fecc9bfc000)]
  0x00007fecc55da5c0 JavaThread "Unconstrained build operations Thread 7" [_thread_blocked, id=4044, stack(0x00007fecc99fb000,0x00007fecc9afb000)]
  0x00007fecc55db750 JavaThread "Unconstrained build operations Thread 8" [_thread_blocked, id=4045, stack(0x00007fecc98fa000,0x00007fecc99fa000)]
  0x00007fecc55f1f70 JavaThread "Unconstrained build operations Thread 9" [_thread_blocked, id=4046, stack(0x00007fecc97f9000,0x00007fecc98f9000)]
  0x00007fecc5b77ff0 JavaThread "Memory manager" [_thread_blocked, id=4054, stack(0x00007fecc96f8000,0x00007fecc97f8000)]
  0x00007fecc5cdad30 JavaThread "build event listener" [_thread_blocked, id=4056, stack(0x00007fecc95f7000,0x00007fecc96f7000)]
  0x00007fecc67ae3b0 JavaThread "Build operations" [_thread_blocked, id=4135, stack(0x00007fecc94f6000,0x00007fecc95f6000)]
  0x00007fecc687af50 JavaThread "Unconstrained build operations Thread 10" [_thread_blocked, id=4138, stack(0x00007fecc88ea000,0x00007fecc89ea000)]
  0x00007fecc68873b0 JavaThread "Unconstrained build operations Thread 11" [_thread_blocked, id=4139, stack(0x00007fecc89eb000,0x00007fecc8aeb000)]
  0x00007fecc6887aa0 JavaThread "Unconstrained build operations Thread 12" [_thread_blocked, id=4140, stack(0x00007fecc86e8000,0x00007fecc87e8000)]
  0x00007fecc626eb70 JavaThread "Unconstrained build operations Thread 13" [_thread_blocked, id=4146, stack(0x00007fecc8aec000,0x00007fecc8bec000)]
  0x00007fecc626f0e0 JavaThread "Unconstrained build operations Thread 14" [_thread_blocked, id=4147, stack(0x00007fecc87e9000,0x00007fecc88e9000)]
  0x00007fecc626fb90 JavaThread "Unconstrained build operations Thread 15" [_thread_blocked, id=4148, stack(0x00007fecc8ef0000,0x00007fecc8ff0000)]
  0x00007fecc6270950 JavaThread "Unconstrained build operations Thread 16" [_thread_blocked, id=4150, stack(0x00007fec7acfe000,0x00007fec7adfe000)]
  0x00007fecc6271530 JavaThread "Unconstrained build operations Thread 17" [_thread_blocked, id=4151, stack(0x00007fecc8bed000,0x00007fecc8ced000)]
  0x00007fecc687c1a0 JavaThread "Unconstrained build operations Thread 18" [_thread_blocked, id=4152, stack(0x00007fecc83e5000,0x00007fecc84e5000)]
  0x00007fecc687ca10 JavaThread "Unconstrained build operations Thread 19" [_thread_blocked, id=4153, stack(0x00007fecc84e6000,0x00007fecc85e6000)]
  0x00007fecc626add0 JavaThread "Unconstrained build operations Thread 20" [_thread_blocked, id=4154, stack(0x00007fecc91f3000,0x00007fecc92f3000)]
  0x00007fecc626bd40 JavaThread "Unconstrained build operations Thread 21" [_thread_blocked, id=4155, stack(0x00007fec7abfd000,0x00007fec7acfd000)]
  0x00007fecc626c750 JavaThread "Unconstrained build operations Thread 22" [_thread_blocked, id=4156, stack(0x00007fecc93f5000,0x00007fecc94f5000)]
  0x00007fecc45e1a50 JavaThread "Unconstrained build operations Thread 23" [_thread_blocked, id=4158, stack(0x00007fecc8def000,0x00007fecc8eef000)]
  0x00007fecc45e22f0 JavaThread "Unconstrained build operations Thread 24" [_thread_blocked, id=4159, stack(0x00007fecc8ff1000,0x00007fecc90f1000)]
  0x00007fecc45e4c20 JavaThread "Unconstrained build operations Thread 25" [_thread_blocked, id=4162, stack(0x00007fecc8cee000,0x00007fecc8dee000)]
  0x00007fecc45de060 JavaThread "Unconstrained build operations Thread 26" [_thread_blocked, id=4163, stack(0x00007fecc92f4000,0x00007fecc93f4000)]
  0x00007fecc45dece0 JavaThread "Unconstrained build operations Thread 27" [_thread_blocked, id=4164, stack(0x00007fecc85e7000,0x00007fecc86e7000)]
  0x00007fecc45dfa60 JavaThread "Unconstrained build operations Thread 28" [_thread_blocked, id=4165, stack(0x00007fec7aafc000,0x00007fec7abfc000)]
  0x00007fecc45e0690 JavaThread "Unconstrained build operations Thread 29" [_thread_blocked, id=4166, stack(0x00007fecc90f2000,0x00007fecc91f2000)]
  0x00007fecc43bcf80 JavaThread "Unconstrained build operations Thread 30" [_thread_blocked, id=4167, stack(0x00007fec7adff000,0x00007fec7aeff000)]
  0x00007fecc43bd510 JavaThread "Unconstrained build operations Thread 31" [_thread_blocked, id=4168, stack(0x00007fec7af00000,0x00007fec7b000000)]
  0x00007fecc43be260 JavaThread "Unconstrained build operations Thread 32" [_thread_blocked, id=4169, stack(0x00007fecc80e2000,0x00007fecc81e2000)]
  0x00007fecc45e3710 JavaThread "Unconstrained build operations Thread 33" [_thread_blocked, id=4171, stack(0x00007fecc81e3000,0x00007fecc82e3000)]
  0x00007fecc45e42a0 JavaThread "Unconstrained build operations Thread 34" [_thread_blocked, id=4172, stack(0x00007fecc82e4000,0x00007fecc83e4000)]
  0x00007fecc43bb2b0 JavaThread "Unconstrained build operations Thread 35" [_thread_blocked, id=4173, stack(0x00007fec7a9fb000,0x00007fec7aafb000)]
  0x00007fecc43bbe70 JavaThread "Unconstrained build operations Thread 36" [_thread_blocked, id=4174, stack(0x00007fec7a8fa000,0x00007fec7a9fa000)]
  0x00007fecc581fe50 JavaThread "Unconstrained build operations Thread 37" [_thread_blocked, id=4175, stack(0x00007fec7a7f9000,0x00007fec7a8f9000)]
  0x00007fecc6874ae0 JavaThread "Unconstrained build operations Thread 38" [_thread_blocked, id=4177, stack(0x00007fec7a6f8000,0x00007fec7a7f8000)]
  0x00007fecc6875920 JavaThread "Unconstrained build operations Thread 39" [_thread_blocked, id=4178, stack(0x00007fec7a5f7000,0x00007fec7a6f7000)]
  0x00007fecc58251b0 JavaThread "Unconstrained build operations Thread 40" [_thread_blocked, id=4179, stack(0x00007fec7a4f6000,0x00007fec7a5f6000)]
  0x00007fecc6757520 JavaThread "Build operations Thread 2" [_thread_blocked, id=4320, stack(0x00007fec79ff1000,0x00007fec7a0f1000)]
  0x00007fecc68b3770 JavaThread "included builds" [_thread_blocked, id=4322, stack(0x00007fec7a0f2000,0x00007fec7a1f2000)]
  0x00007fecbc018450 JavaThread "Execution worker" [_thread_blocked, id=4323, stack(0x00007fec79ef0000,0x00007fec79ff0000)]
  0x00007fecbc019bf0 JavaThread "Execution worker Thread 2" [_thread_blocked, id=4324, stack(0x00007fec79def000,0x00007fec79eef000)]
  0x00007fecbc01bd60 JavaThread "Execution worker Thread 3" [_thread_blocked, id=4325, stack(0x00007fec79cee000,0x00007fec79dee000)]
  0x00007fecbc028650 JavaThread "Cache worker for execution history cache (/workspace/.gradle/9.3.1/executionHistory)" [_thread_blocked, id=4326, stack(0x00007fec79bed000,0x00007fec79ced000)]
  0x00007fecc68e7a20 JavaThread "WorkerExecutor Queue" [_thread_blocked, id=4336, stack(0x00007fec79aec000,0x00007fec79bec000)]
  0x00007feccc02eb80 JavaThread "WorkerExecutor Queue Thread 2" [_thread_blocked, id=4365, stack(0x00007fec799eb000,0x00007fec79aeb000)]
  0x00007feccc0449a0 JavaThread "WorkerExecutor Queue Thread 3" [_thread_blocked, id=4366, stack(0x00007fec798ea000,0x00007fec799ea000)]
  0x00007fecbc046760 JavaThread "WorkerExecutor Queue Thread 4" [_thread_blocked, id=4371, stack(0x00007fec797e9000,0x00007fec798e9000)]
  0x00007fecf8a2ece0 JavaThread "WorkerExecutor Queue Thread 5" [_thread_blocked, id=4423, stack(0x00007fec796e8000,0x00007fec797e8000)]
  0x00007fec58320be0 JavaThread "DefaultDispatcher-worker-1" daemon [_thread_blocked, id=4442, stack(0x00007fec7a3f5000,0x00007fec7a4f5000)]
  0x00007fec58323920 JavaThread "DefaultDispatcher-worker-2" daemon [_thread_blocked, id=4443, stack(0x00007fec7a1f3000,0x00007fec7a2f3000)]
  0x00007fec58a245e0 JavaThread "Periodic tasks thread" daemon [_thread_blocked, id=4466, stack(0x00007fec7a2f4000,0x00007fec7a3f4000)]
  0x00007fec58a2f2d0 JavaThread "ApplicationImpl pooled thread 1" [_thread_blocked, id=4468, stack(0x00007fec794e6000,0x00007fec795e6000)]
  0x00007fec58f4ebc0 JavaThread "ForkJoinPool.commonPool-worker-1" daemon [_thread_blocked, id=4473, stack(0x00007fec795e7000,0x00007fec796e7000)]

Other Threads:
=>0x00007fecf80e2f40 VMThread "VM Thread" [stack: 0x00007fecfd2b7000,0x00007fecfd3b7000] [id=3977]
  0x00007fecf801d260 WatcherThread [stack: 0x00007fecfc73d000,0x00007fecfc83d000] [id=3988]
  0x00007fecf8086950 GCTaskThread "GC Thread#0" [stack: 0x00007fecfdbe3000,0x00007fecfdce3000] [id=3969]
  0x00007fec74004990 GCTaskThread "GC Thread#1" [stack: 0x00007fecfc63c000,0x00007fecfc73c000] [id=3989]
  0x00007fecf8097f30 ConcurrentGCThread "G1 Main Marker" [stack: 0x00007fecfdae2000,0x00007fecfdbe2000] [id=3970]
  0x00007fecf8098ea0 ConcurrentGCThread "G1 Conc#0" [stack: 0x00007fecfd9e1000,0x00007fecfdae1000] [id=3971]
  0x00007fecf80b50d0 ConcurrentGCThread "G1 Refine#0" [stack: 0x00007fecfd6de000,0x00007fecfd7de000] [id=3972]
  0x00007fecc4000ea0 ConcurrentGCThread "G1 Refine#1" [stack: 0x00007fecfc53b000,0x00007fecfc63b000] [id=3991]
  0x00007fecf80b5fd0 ConcurrentGCThread "G1 Service" [stack: 0x00007fecfd5dd000,0x00007fecfd6dd000] [id=3973]

Threads with active compile tasks:
C2 CompilerThread0  174336 35864       4       com.android.tools.r8.internal.n43::a (500 bytes)

VM state: at safepoint (normal execution)

VM Mutex/Monitor currently owned by a thread:  ([mutex/lock_event])
[0x00007fecf8017c90] Threads_lock - owner thread: 0x00007fecf80e2f40
[0x00007fecf8018440] Heap_lock - owner thread: 0x00007fecbc018450

Heap address: 0x0000000700000000, size: 4096 MB, Compressed Oops mode: Zero based, Oop shift amount: 3

CDS archive(s) mapped at: [0x00007fec7b000000-0x00007fec7bbca000-0x00007fec7bbca000), size 12361728, SharedBaseAddress: 0x00007fec7b000000, ArchiveRelocationMode: 1.
Compressed class space mapped at: 0x00007fec7c000000-0x00007fecbc000000, reserved size: 1073741824
Narrow klass base: 0x00007fec7b000000, Narrow klass shift: 0, Narrow klass range: 0x100000000

GC Precious Log:
 CPUs: 2 total, 2 available
 Memory: 2048M
 Large Page Support: Disabled
 NUMA Support: Disabled
 Compressed Oops: Enabled (Zero based)
 Heap Region Size: 2M
 Heap Min Capacity: 8M
 Heap Initial Capacity: 32M
 Heap Max Capacity: 4G
 Pre-touch: Disabled
 Parallel Workers: 2
 Concurrent Workers: 1
 Concurrent Refinement Workers: 2
 Periodic GC: Disabled

Heap:
 garbage-first heap   total 1003520K, used 295915K [0x0000000700000000, 0x0000000800000000)
  region size 2048K, 5 young (10240K), 5 survivors (10240K)
 Metaspace       used 203581K, committed 204992K, reserved 1245184K
  class space    used 25962K, committed 26688K, reserved 1048576K

Heap Regions: E=young(eden), S=young(survivor), O=old, HS=humongous(starts), HC=humongous(continues), CS=collection set, F=free, OA=open archive, CA=closed archive, TAMS=top-at-mark-start (previous, next)
|   0|0x0000000700000000, 0x0000000700200000, 0x0000000700200000|100%|HS|  |TAMS 0x0000000700200000, 0x0000000700000000| Complete 
|   1|0x0000000700200000, 0x0000000700400000, 0x0000000700400000|100%|HC|  |TAMS 0x0000000700400000, 0x0000000700200000| Complete 
|   2|0x0000000700400000, 0x0000000700600000, 0x0000000700600000|100%| O|  |TAMS 0x0000000700600000, 0x0000000700400000| Untracked 
|   3|0x0000000700600000, 0x0000000700800000, 0x0000000700800000|100%| O|  |TAMS 0x0000000700800000, 0x0000000700600000| Untracked 
|   4|0x0000000700800000, 0x0000000700a00000, 0x0000000700a00000|100%| O|  |TAMS 0x0000000700a00000, 0x0000000700800000| Untracked 
|   5|0x0000000700a00000, 0x0000000700c00000, 0x0000000700c00000|100%| O|  |TAMS 0x0000000700c00000, 0x0000000700a00000| Untracked 
|   6|0x0000000700c00000, 0x0000000700e00000, 0x0000000700e00000|100%| O|  |TAMS 0x0000000700e00000, 0x0000000700c00000| Untracked 
|   7|0x0000000700e00000, 0x0000000701000000, 0x0000000701000000|100%| O|  |TAMS 0x0000000701000000, 0x0000000700e00000| Untracked 
|   8|0x0000000701000000, 0x0000000701200000, 0x0000000701200000|100%| O|  |TAMS 0x0000000701200000, 0x0000000701000000| Untracked 
|   9|0x0000000701200000, 0x0000000701400000, 0x0000000701400000|100%| O|  |TAMS 0x0000000701400000, 0x0000000701200000| Untracked 
|  10|0x0000000701400000, 0x0000000701600000, 0x0000000701600000|100%| O|  |TAMS 0x0000000701600000, 0x0000000701400000| Untracked 
|  11|0x0000000701600000, 0x0000000701800000, 0x0000000701800000|100%| O|  |TAMS 0x0000000701800000, 0x0000000701600000| Untracked 
|  12|0x0000000701800000, 0x0000000701a00000, 0x0000000701a00000|100%| O|  |TAMS 0x0000000701a00000, 0x0000000701800000| Untracked 
|  13|0x0000000701a00000, 0x0000000701c00000, 0x0000000701c00000|100%| O|  |TAMS 0x0000000701c00000, 0x0000000701a00000| Untracked 
|  14|0x0000000701c00000, 0x0000000701e00000, 0x0000000701e00000|100%| O|  |TAMS 0x0000000701e00000, 0x0000000701c00000| Untracked 
|  15|0x0000000701e00000, 0x0000000702000000, 0x0000000702000000|100%| O|  |TAMS 0x0000000702000000, 0x0000000701e00000| Untracked 
|  16|0x0000000702000000, 0x0000000702200000, 0x0000000702200000|100%| O|  |TAMS 0x0000000702200000, 0x0000000702000000| Untracked 
|  17|0x0000000702200000, 0x0000000702400000, 0x0000000702400000|100%| O|  |TAMS 0x0000000702400000, 0x0000000702200000| Untracked 
|  18|0x0000000702400000, 0x0000000702600000, 0x0000000702600000|100%| O|  |TAMS 0x0000000702600000, 0x0000000702400000| Untracked 
|  19|0x0000000702600000, 0x0000000702800000, 0x0000000702800000|100%| O|  |TAMS 0x0000000702800000, 0x0000000702600000| Untracked 
|  20|0x0000000702800000, 0x0000000702a00000, 0x0000000702a00000|100%|HS|  |TAMS 0x0000000702a00000, 0x0000000702800000| Complete 
|  21|0x0000000702a00000, 0x0000000702c00000, 0x0000000702c00000|100%| O|  |TAMS 0x0000000702c00000, 0x0000000702a00000| Untracked 
|  22|0x0000000702c00000, 0x0000000702e00000, 0x0000000702e00000|100%|HS|  |TAMS 0x0000000702e00000, 0x0000000702c00000| Complete 
|  23|0x0000000702e00000, 0x0000000703000000, 0x0000000703000000|100%| O|  |TAMS 0x0000000703000000, 0x0000000702e00000| Untracked 
|  24|0x0000000703000000, 0x0000000703200000, 0x0000000703200000|100%| O|  |TAMS 0x0000000703200000, 0x0000000703000000| Untracked 
|  25|0x0000000703200000, 0x0000000703400000, 0x0000000703400000|100%| O|  |TAMS 0x0000000703400000, 0x0000000703200000| Untracked 
|  26|0x0000000703400000, 0x0000000703600000, 0x0000000703600000|100%| O|  |TAMS 0x0000000703600000, 0x0000000703400000| Untracked 
|  27|0x0000000703600000, 0x0000000703800000, 0x0000000703800000|100%| O|  |TAMS 0x0000000703800000, 0x0000000703600000| Untracked 
|  28|0x0000000703800000, 0x0000000703a00000, 0x0000000703a00000|100%| O|  |TAMS 0x0000000703a00000, 0x0000000703800000| Untracked 
|  29|0x0000000703a00000, 0x0000000703c00000, 0x0000000703c00000|100%| O|  |TAMS 0x0000000703c00000, 0x0000000703a00000| Untracked 
|  30|0x0000000703c00000, 0x0000000703e00000, 0x0000000703e00000|100%| O|  |TAMS 0x0000000703e00000, 0x0000000703c00000| Untracked 
|  31|0x0000000703e00000, 0x0000000704000000, 0x0000000704000000|100%| O|  |TAMS 0x0000000704000000, 0x0000000703e00000| Untracked 
|  32|0x0000000704000000, 0x0000000704200000, 0x0000000704200000|100%| O|  |TAMS 0x0000000704200000, 0x0000000704000000| Untracked 
|  33|0x0000000704200000, 0x0000000704400000, 0x0000000704400000|100%| O|  |TAMS 0x0000000704400000, 0x0000000704200000| Untracked 
|  34|0x0000000704400000, 0x0000000704600000, 0x0000000704600000|100%| O|  |TAMS 0x0000000704600000, 0x0000000704400000| Untracked 
|  35|0x0000000704600000, 0x0000000704800000, 0x0000000704800000|100%| O|  |TAMS 0x0000000704800000, 0x0000000704600000| Untracked 
|  36|0x0000000704800000, 0x0000000704a00000, 0x0000000704a00000|100%| O|  |TAMS 0x0000000704a00000, 0x0000000704800000| Untracked 
|  37|0x0000000704a00000, 0x0000000704c00000, 0x0000000704c00000|100%| O|  |TAMS 0x0000000704c00000, 0x0000000704a00000| Untracked 
|  38|0x0000000704c00000, 0x0000000704e00000, 0x0000000704e00000|100%| O|  |TAMS 0x0000000704e00000, 0x0000000704c00000| Untracked 
|  39|0x0000000704e00000, 0x0000000705000000, 0x0000000705000000|100%| O|  |TAMS 0x0000000705000000, 0x0000000704e00000| Untracked 
|  40|0x0000000705000000, 0x0000000705200000, 0x0000000705200000|100%| O|  |TAMS 0x0000000705200000, 0x0000000705000000| Untracked 
|  41|0x0000000705200000, 0x0000000705400000, 0x0000000705400000|100%| O|  |TAMS 0x0000000705400000, 0x0000000705200000| Untracked 
|  42|0x0000000705400000, 0x0000000705600000, 0x0000000705600000|100%| O|  |TAMS 0x0000000705400000, 0x0000000705400000| Untracked 
|  43|0x0000000705600000, 0x0000000705800000, 0x0000000705800000|100%|HS|  |TAMS 0x0000000705600000, 0x0000000705600000| Complete 
|  44|0x0000000705800000, 0x0000000705a00000, 0x0000000705a00000|100%| O|  |TAMS 0x0000000705800000, 0x0000000705800000| Untracked 
|  45|0x0000000705a00000, 0x0000000705c00000, 0x0000000705c00000|100%| O|  |TAMS 0x0000000705a00000, 0x0000000705a00000| Untracked 
|  46|0x0000000705c00000, 0x0000000705e00000, 0x0000000705e00000|100%| O|  |TAMS 0x0000000705e00000, 0x0000000705c00000| Untracked 
|  47|0x0000000705e00000, 0x0000000706000000, 0x0000000706000000|100%| O|  |TAMS 0x0000000706000000, 0x0000000705e00000| Untracked 
|  48|0x0000000706000000, 0x0000000706200000, 0x0000000706200000|100%| O|  |TAMS 0x0000000706200000, 0x0000000706000000| Untracked 
|  49|0x0000000706200000, 0x0000000706400000, 0x0000000706400000|100%| O|  |TAMS 0x0000000706400000, 0x0000000706200000| Untracked 
|  50|0x0000000706400000, 0x0000000706600000, 0x0000000706600000|100%| O|  |TAMS 0x0000000706600000, 0x0000000706400000| Untracked 
|  51|0x0000000706600000, 0x0000000706800000, 0x0000000706800000|100%| O|  |TAMS 0x0000000706800000, 0x0000000706600000| Untracked 
|  52|0x0000000706800000, 0x0000000706a00000, 0x0000000706a00000|100%| O|  |TAMS 0x0000000706a00000, 0x0000000706800000| Untracked 
|  53|0x0000000706a00000, 0x0000000706c00000, 0x0000000706c00000|100%| O|  |TAMS 0x0000000706c00000, 0x0000000706a00000| Untracked 
|  54|0x0000000706c00000, 0x0000000706e00000, 0x0000000706e00000|100%| O|  |TAMS 0x0000000706e00000, 0x0000000706c00000| Untracked 
|  55|0x0000000706e00000, 0x0000000707000000, 0x0000000707000000|100%| O|  |TAMS 0x0000000707000000, 0x0000000706e00000| Untracked 
|  56|0x0000000707000000, 0x0000000707200000, 0x0000000707200000|100%| O|  |TAMS 0x0000000707200000, 0x0000000707000000| Untracked 
|  57|0x0000000707200000, 0x0000000707400000, 0x0000000707400000|100%| O|  |TAMS 0x0000000707400000, 0x0000000707200000| Untracked 
|  58|0x0000000707400000, 0x0000000707600000, 0x0000000707600000|100%| O|  |TAMS 0x0000000707600000, 0x0000000707400000| Untracked 
|  59|0x0000000707600000, 0x0000000707800000, 0x0000000707800000|100%| O|  |TAMS 0x0000000707800000, 0x0000000707600000| Untracked 
|  60|0x0000000707800000, 0x0000000707a00000, 0x0000000707a00000|100%| O|  |TAMS 0x0000000707a00000, 0x0000000707800000| Untracked 
|  61|0x0000000707a00000, 0x0000000707c00000, 0x0000000707c00000|100%| O|  |TAMS 0x0000000707c00000, 0x0000000707a00000| Untracked 
|  62|0x0000000707c00000, 0x0000000707e00000, 0x0000000707e00000|100%| O|  |TAMS 0x0000000707e00000, 0x0000000707c00000| Untracked 
|  63|0x0000000707e00000, 0x0000000708000000, 0x0000000708000000|100%| O|  |TAMS 0x0000000708000000, 0x0000000707e00000| Untracked 
|  64|0x0000000708000000, 0x0000000708200000, 0x0000000708200000|100%| O|  |TAMS 0x0000000708200000, 0x0000000708000000| Untracked 
|  65|0x0000000708200000, 0x0000000708400000, 0x0000000708400000|100%| O|  |TAMS 0x0000000708400000, 0x0000000708200000| Untracked 
|  66|0x0000000708400000, 0x0000000708600000, 0x0000000708600000|100%| O|  |TAMS 0x0000000708600000, 0x0000000708400000| Untracked 
|  67|0x0000000708600000, 0x0000000708800000, 0x0000000708800000|100%| O|  |TAMS 0x0000000708800000, 0x0000000708600000| Untracked 
|  68|0x0000000708800000, 0x0000000708a00000, 0x0000000708a00000|100%| O|  |TAMS 0x0000000708a00000, 0x0000000708800000| Untracked 
|  69|0x0000000708a00000, 0x0000000708c00000, 0x0000000708c00000|100%| O|  |TAMS 0x0000000708c00000, 0x0000000708a00000| Untracked 
|  70|0x0000000708c00000, 0x0000000708e00000, 0x0000000708e00000|100%| O|  |TAMS 0x0000000708e00000, 0x0000000708c00000| Untracked 
|  71|0x0000000708e00000, 0x0000000709000000, 0x0000000709000000|100%| O|  |TAMS 0x0000000709000000, 0x0000000708e00000| Untracked 
|  72|0x0000000709000000, 0x0000000709200000, 0x0000000709200000|100%| O|  |TAMS 0x0000000709200000, 0x0000000709000000| Untracked 
|  73|0x0000000709200000, 0x0000000709400000, 0x0000000709400000|100%| O|  |TAMS 0x0000000709400000, 0x0000000709200000| Untracked 
|  74|0x0000000709400000, 0x0000000709600000, 0x0000000709600000|100%| O|  |TAMS 0x0000000709600000, 0x0000000709400000| Untracked 
|  75|0x0000000709600000, 0x0000000709800000, 0x0000000709800000|100%| O|  |TAMS 0x0000000709800000, 0x0000000709600000| Untracked 
|  76|0x0000000709800000, 0x0000000709a00000, 0x0000000709a00000|100%| O|  |TAMS 0x0000000709a00000, 0x0000000709800000| Untracked 
|  77|0x0000000709a00000, 0x0000000709c00000, 0x0000000709c00000|100%| O|  |TAMS 0x0000000709c00000, 0x0000000709a00000| Untracked 
|  78|0x0000000709c00000, 0x0000000709e00000, 0x0000000709e00000|100%| O|  |TAMS 0x0000000709e00000, 0x0000000709c00000| Untracked 
|  79|0x0000000709e00000, 0x000000070a000000, 0x000000070a000000|100%| O|  |TAMS 0x000000070a000000, 0x0000000709e00000| Untracked 
|  80|0x000000070a000000, 0x000000070a200000, 0x000000070a200000|100%| O|  |TAMS 0x000000070a200000, 0x000000070a000000| Untracked 
|  81|0x000000070a200000, 0x000000070a400000, 0x000000070a400000|100%| O|  |TAMS 0x000000070a400000, 0x000000070a200000| Untracked 
|  82|0x000000070a400000, 0x000000070a600000, 0x000000070a600000|100%| O|  |TAMS 0x000000070a600000, 0x000000070a400000| Untracked 
|  83|0x000000070a600000, 0x000000070a800000, 0x000000070a800000|100%| O|  |TAMS 0x000000070a800000, 0x000000070a600000| Untracked 
|  84|0x000000070a800000, 0x000000070aa00000, 0x000000070aa00000|100%| O|  |TAMS 0x000000070aa00000, 0x000000070a800000| Untracked 
|  85|0x000000070aa00000, 0x000000070ac00000, 0x000000070ac00000|100%| O|  |TAMS 0x000000070ac00000, 0x000000070aa00000| Untracked 
|  86|0x000000070ac00000, 0x000000070ae00000, 0x000000070ae00000|100%| O|  |TAMS 0x000000070ae00000, 0x000000070ac00000| Untracked 
|  87|0x000000070ae00000, 0x000000070b000000, 0x000000070b000000|100%| O|  |TAMS 0x000000070b000000, 0x000000070ae00000| Untracked 
|  88|0x000000070b000000, 0x000000070b200000, 0x000000070b200000|100%| O|  |TAMS 0x000000070b200000, 0x000000070b000000| Untracked 
|  89|0x000000070b200000, 0x000000070b400000, 0x000000070b400000|100%| O|  |TAMS 0x000000070b400000, 0x000000070b200000| Untracked 
|  90|0x000000070b400000, 0x000000070b600000, 0x000000070b600000|100%| O|  |TAMS 0x000000070b600000, 0x000000070b400000| Untracked 
|  91|0x000000070b600000, 0x000000070b800000, 0x000000070b800000|100%| O|  |TAMS 0x000000070b800000, 0x000000070b600000| Untracked 
|  92|0x000000070b800000, 0x000000070ba00000, 0x000000070ba00000|100%| O|  |TAMS 0x000000070ba00000, 0x000000070b800000| Untracked 
|  93|0x000000070ba00000, 0x000000070bc00000, 0x000000070bc00000|100%| O|  |TAMS 0x000000070bc00000, 0x000000070ba00000| Untracked 
|  94|0x000000070bc00000, 0x000000070be00000, 0x000000070be00000|100%| O|  |TAMS 0x000000070be00000, 0x000000070bc00000| Untracked 
|  95|0x000000070be00000, 0x000000070c000000, 0x000000070c000000|100%| O|  |TAMS 0x000000070c000000, 0x000000070be00000| Untracked 
|  96|0x000000070c000000, 0x000000070c200000, 0x000000070c200000|100%| O|  |TAMS 0x000000070c200000, 0x000000070c000000| Untracked 
|  97|0x000000070c200000, 0x000000070c400000, 0x000000070c400000|100%| O|  |TAMS 0x000000070c200000, 0x000000070c200000| Untracked 
|  98|0x000000070c400000, 0x000000070c600000, 0x000000070c600000|100%| O|  |TAMS 0x000000070c600000, 0x000000070c400000| Untracked 
|  99|0x000000070c600000, 0x000000070c800000, 0x000000070c800000|100%| O|  |TAMS 0x000000070c800000, 0x000000070c600000| Untracked 
| 100|0x000000070c800000, 0x000000070ca00000, 0x000000070ca00000|100%| O|  |TAMS 0x000000070ca00000, 0x000000070c800000| Untracked 
| 101|0x000000070ca00000, 0x000000070cc00000, 0x000000070cc00000|100%| O|  |TAMS 0x000000070cc00000, 0x000000070ca00000| Untracked 
| 102|0x000000070cc00000, 0x000000070ce00000, 0x000000070ce00000|100%| O|  |TAMS 0x000000070ce00000, 0x000000070cc00000| Untracked 
| 103|0x000000070ce00000, 0x000000070d000000, 0x000000070d000000|100%| O|  |TAMS 0x000000070d000000, 0x000000070ce00000| Untracked 
| 104|0x000000070d000000, 0x000000070d200000, 0x000000070d200000|100%| O|  |TAMS 0x000000070d200000, 0x000000070d000000| Untracked 
| 105|0x000000070d200000, 0x000000070d400000, 0x000000070d400000|100%| O|  |TAMS 0x000000070d200000, 0x000000070d200000| Untracked 
| 106|0x000000070d400000, 0x000000070d600000, 0x000000070d600000|100%|HS|  |TAMS 0x000000070d600000, 0x000000070d400000| Complete 
| 107|0x000000070d600000, 0x000000070d800000, 0x000000070d800000|100%|HC|  |TAMS 0x000000070d800000, 0x000000070d600000| Complete 
| 108|0x000000070d800000, 0x000000070da00000, 0x000000070da00000|100%|HC|  |TAMS 0x000000070da00000, 0x000000070d800000| Complete 
| 109|0x000000070da00000, 0x000000070dc00000, 0x000000070dc00000|100%| O|  |TAMS 0x000000070dc00000, 0x000000070da00000| Untracked 
| 110|0x000000070dc00000, 0x000000070de00000, 0x000000070de00000|100%| O|  |TAMS 0x000000070de00000, 0x000000070dc00000| Untracked 
| 111|0x000000070de00000, 0x000000070e000000, 0x000000070e000000|100%| O|  |TAMS 0x000000070e000000, 0x000000070de00000| Untracked 
| 112|0x000000070e000000, 0x000000070e200000, 0x000000070e200000|100%| O|  |TAMS 0x000000070e200000, 0x000000070e000000| Untracked 
| 113|0x000000070e200000, 0x000000070e400000, 0x000000070e400000|100%| O|  |TAMS 0x000000070e400000, 0x000000070e200000| Untracked 
| 114|0x000000070e400000, 0x000000070e600000, 0x000000070e600000|100%| O|  |TAMS 0x000000070e600000, 0x000000070e400000| Untracked 
| 115|0x000000070e600000, 0x000000070e800000, 0x000000070e800000|100%| O|  |TAMS 0x000000070e800000, 0x000000070e600000| Untracked 
| 116|0x000000070e800000, 0x000000070ea00000, 0x000000070ea00000|100%| O|  |TAMS 0x000000070ea00000, 0x000000070e800000| Untracked 
| 117|0x000000070ea00000, 0x000000070ec00000, 0x000000070ec00000|100%| O|  |TAMS 0x000000070ec00000, 0x000000070ea00000| Untracked 
| 118|0x000000070ec00000, 0x000000070ee00000, 0x000000070ee00000|100%| O|  |TAMS 0x000000070ee00000, 0x000000070ec00000| Untracked 
| 119|0x000000070ee00000, 0x000000070f000000, 0x000000070f000000|100%| O|  |TAMS 0x000000070f000000, 0x000000070ee00000| Untracked 
| 120|0x000000070f000000, 0x000000070f200000, 0x000000070f200000|100%| O|  |TAMS 0x000000070f200000, 0x000000070f000000| Untracked 
| 121|0x000000070f200000, 0x000000070f400000, 0x000000070f400000|100%| O|  |TAMS 0x000000070f400000, 0x000000070f200000| Untracked 
| 122|0x000000070f400000, 0x000000070f600000, 0x000000070f600000|100%| O|  |TAMS 0x000000070f400000, 0x000000070f400000| Untracked 
| 123|0x000000070f600000, 0x000000070f800000, 0x000000070f800000|100%| O|  |TAMS 0x000000070f600000, 0x000000070f600000| Untracked 
| 124|0x000000070f800000, 0x000000070fa00000, 0x000000070fa00000|100%| O|  |TAMS 0x000000070f8ba600, 0x000000070f800000| Untracked 
| 125|0x000000070fa00000, 0x000000070fc00000, 0x000000070fc00000|100%| O|  |TAMS 0x000000070fa00000, 0x000000070fa00000| Untracked 
| 126|0x000000070fc00000, 0x000000070fe00000, 0x000000070fe00000|100%| O|  |TAMS 0x000000070fc00000, 0x000000070fc00000| Untracked 
| 127|0x000000070fe00000, 0x0000000710000000, 0x0000000710000000|100%| O|  |TAMS 0x000000070fe00000, 0x000000070fe00000| Untracked 
| 128|0x0000000710000000, 0x0000000710200000, 0x0000000710200000|100%| O|  |TAMS 0x0000000710000000, 0x0000000710000000| Untracked 
| 129|0x0000000710200000, 0x0000000710400000, 0x0000000710400000|100%| O|  |TAMS 0x0000000710200000, 0x0000000710200000| Untracked 
| 130|0x0000000710400000, 0x0000000710600000, 0x0000000710600000|100%| O|  |TAMS 0x0000000710400000, 0x0000000710400000| Untracked 
| 131|0x0000000710600000, 0x0000000710800000, 0x0000000710800000|100%| O|  |TAMS 0x0000000710600000, 0x0000000710600000| Untracked 
| 132|0x0000000710800000, 0x0000000710a00000, 0x0000000710a00000|100%| O|  |TAMS 0x0000000710800000, 0x0000000710800000| Untracked 
| 133|0x0000000710a00000, 0x0000000710c00000, 0x0000000710c00000|100%| O|  |TAMS 0x0000000710a00000, 0x0000000710a00000| Untracked 
| 134|0x0000000710c00000, 0x0000000710e00000, 0x0000000710e00000|100%| O|  |TAMS 0x0000000710c00000, 0x0000000710c00000| Untracked 
| 135|0x0000000710e00000, 0x0000000711000000, 0x0000000711000000|100%| O|  |TAMS 0x0000000710e00000, 0x0000000710e00000| Untracked 
| 136|0x0000000711000000, 0x0000000711200000, 0x0000000711200000|100%| O|  |TAMS 0x0000000711000000, 0x0000000711000000| Untracked 
| 137|0x0000000711200000, 0x0000000711400000, 0x0000000711400000|100%| O|  |TAMS 0x0000000711200000, 0x0000000711200000| Untracked 
| 138|0x0000000711400000, 0x00000007115b3400, 0x0000000711600000| 85%| O|  |TAMS 0x0000000711400000, 0x0000000711400000| Untracked 
| 139|0x0000000711600000, 0x0000000711600000, 0x0000000711800000|  0%| F|  |TAMS 0x0000000711600000, 0x0000000711600000| Untracked 
| 140|0x0000000711800000, 0x0000000711800000, 0x0000000711a00000|  0%| F|  |TAMS 0x0000000711800000, 0x0000000711800000| Untracked 
| 141|0x0000000711a00000, 0x0000000711a00000, 0x0000000711c00000|  0%| F|  |TAMS 0x0000000711a00000, 0x0000000711a00000| Untracked 
| 142|0x0000000711c00000, 0x0000000711c00000, 0x0000000711e00000|  0%| F|  |TAMS 0x0000000711c00000, 0x0000000711c00000| Untracked 
| 143|0x0000000711e00000, 0x0000000711e00000, 0x0000000712000000|  0%| F|  |TAMS 0x0000000711e00000, 0x0000000711e00000| Untracked 
| 144|0x0000000712000000, 0x0000000712000000, 0x0000000712200000|  0%| F|  |TAMS 0x0000000712000000, 0x0000000712000000| Untracked 
| 145|0x0000000712200000, 0x0000000712200000, 0x0000000712400000|  0%| F|  |TAMS 0x0000000712200000, 0x0000000712200000| Untracked 
| 146|0x0000000712400000, 0x0000000712400000, 0x0000000712600000|  0%| F|  |TAMS 0x0000000712400000, 0x0000000712400000| Untracked 
| 147|0x0000000712600000, 0x0000000712600000, 0x0000000712800000|  0%| F|  |TAMS 0x0000000712600000, 0x0000000712600000| Untracked 
| 148|0x0000000712800000, 0x0000000712800000, 0x0000000712a00000|  0%| F|  |TAMS 0x0000000712800000, 0x0000000712800000| Untracked 
| 149|0x0000000712a00000, 0x0000000712a00000, 0x0000000712c00000|  0%| F|  |TAMS 0x0000000712a00000, 0x0000000712a00000| Untracked 
| 150|0x0000000712c00000, 0x0000000712c00000, 0x0000000712e00000|  0%| F|  |TAMS 0x0000000712c00000, 0x0000000712c00000| Untracked 
| 151|0x0000000712e00000, 0x0000000712e00000, 0x0000000713000000|  0%| F|  |TAMS 0x0000000712e00000, 0x0000000712e00000| Untracked 
| 152|0x0000000713000000, 0x0000000713000000, 0x0000000713200000|  0%| F|  |TAMS 0x0000000713000000, 0x0000000713000000| Untracked 
| 153|0x0000000713200000, 0x0000000713200000, 0x0000000713400000|  0%| F|  |TAMS 0x0000000713200000, 0x0000000713200000| Untracked 
| 154|0x0000000713400000, 0x0000000713400000, 0x0000000713600000|  0%| F|  |TAMS 0x0000000713400000, 0x0000000713400000| Untracked 
| 155|0x0000000713600000, 0x0000000713600000, 0x0000000713800000|  0%| F|  |TAMS 0x0000000713600000, 0x0000000713600000| Untracked 
| 156|0x0000000713800000, 0x0000000713800000, 0x0000000713a00000|  0%| F|  |TAMS 0x0000000713800000, 0x0000000713800000| Untracked 
| 157|0x0000000713a00000, 0x0000000713a00000, 0x0000000713c00000|  0%| F|  |TAMS 0x0000000713a00000, 0x0000000713a00000| Untracked 
| 158|0x0000000713c00000, 0x0000000713c00000, 0x0000000713e00000|  0%| F|  |TAMS 0x0000000713c00000, 0x0000000713c00000| Untracked 
| 159|0x0000000713e00000, 0x0000000713e00000, 0x0000000714000000|  0%| F|  |TAMS 0x0000000713e00000, 0x0000000713e00000| Untracked 
| 160|0x0000000714000000, 0x0000000714000000, 0x0000000714200000|  0%| F|  |TAMS 0x0000000714000000, 0x0000000714000000| Untracked 
| 161|0x0000000714200000, 0x0000000714200000, 0x0000000714400000|  0%| F|  |TAMS 0x0000000714200000, 0x0000000714200000| Untracked 
| 162|0x0000000714400000, 0x0000000714400000, 0x0000000714600000|  0%| F|  |TAMS 0x0000000714400000, 0x0000000714400000| Untracked 
| 163|0x0000000714600000, 0x0000000714600000, 0x0000000714800000|  0%| F|  |TAMS 0x0000000714600000, 0x0000000714600000| Untracked 
| 164|0x0000000714800000, 0x0000000714800000, 0x0000000714a00000|  0%| F|  |TAMS 0x0000000714800000, 0x0000000714800000| Untracked 
| 165|0x0000000714a00000, 0x0000000714a00000, 0x0000000714c00000|  0%| F|  |TAMS 0x0000000714a00000, 0x0000000714a00000| Untracked 
| 166|0x0000000714c00000, 0x0000000714c00000, 0x0000000714e00000|  0%| F|  |TAMS 0x0000000714c00000, 0x0000000714c00000| Untracked 
| 167|0x0000000714e00000, 0x0000000714e00000, 0x0000000715000000|  0%| F|  |TAMS 0x0000000714e00000, 0x0000000714e00000| Untracked 
| 168|0x0000000715000000, 0x0000000715000000, 0x0000000715200000|  0%| F|  |TAMS 0x0000000715000000, 0x0000000715000000| Untracked 
| 169|0x0000000715200000, 0x0000000715200000, 0x0000000715400000|  0%| F|  |TAMS 0x0000000715200000, 0x0000000715200000| Untracked 
| 170|0x0000000715400000, 0x0000000715400000, 0x0000000715600000|  0%| F|  |TAMS 0x0000000715400000, 0x0000000715400000| Untracked 
| 171|0x0000000715600000, 0x0000000715600000, 0x0000000715800000|  0%| F|  |TAMS 0x0000000715600000, 0x0000000715600000| Untracked 
| 172|0x0000000715800000, 0x0000000715800000, 0x0000000715a00000|  0%| F|  |TAMS 0x0000000715800000, 0x0000000715800000| Untracked 
| 173|0x0000000715a00000, 0x0000000715a00000, 0x0000000715c00000|  0%| F|  |TAMS 0x0000000715a00000, 0x0000000715a00000| Untracked 
| 174|0x0000000715c00000, 0x0000000715c00000, 0x0000000715e00000|  0%| F|  |TAMS 0x0000000715c00000, 0x0000000715c00000| Untracked 
| 175|0x0000000715e00000, 0x0000000715e00000, 0x0000000716000000|  0%| F|  |TAMS 0x0000000715e00000, 0x0000000715e00000| Untracked 
| 176|0x0000000716000000, 0x0000000716000000, 0x0000000716200000|  0%| F|  |TAMS 0x0000000716000000, 0x0000000716000000| Untracked 
| 177|0x0000000716200000, 0x0000000716200000, 0x0000000716400000|  0%| F|  |TAMS 0x0000000716200000, 0x0000000716200000| Untracked 
| 178|0x0000000716400000, 0x0000000716400000, 0x0000000716600000|  0%| F|  |TAMS 0x0000000716400000, 0x0000000716400000| Untracked 
| 179|0x0000000716600000, 0x0000000716600000, 0x0000000716800000|  0%| F|  |TAMS 0x0000000716600000, 0x0000000716600000| Untracked 
| 180|0x0000000716800000, 0x0000000716800000, 0x0000000716a00000|  0%| F|  |TAMS 0x0000000716800000, 0x0000000716800000| Untracked 
| 181|0x0000000716a00000, 0x0000000716a00000, 0x0000000716c00000|  0%| F|  |TAMS 0x0000000716a00000, 0x0000000716a00000| Untracked 
| 182|0x0000000716c00000, 0x0000000716c00000, 0x0000000716e00000|  0%| F|  |TAMS 0x0000000716c00000, 0x0000000716c00000| Untracked 
| 183|0x0000000716e00000, 0x0000000716e00000, 0x0000000717000000|  0%| F|  |TAMS 0x0000000716e00000, 0x0000000716e00000| Untracked 
| 184|0x0000000717000000, 0x0000000717000000, 0x0000000717200000|  0%| F|  |TAMS 0x0000000717000000, 0x0000000717000000| Untracked 
| 185|0x0000000717200000, 0x0000000717200000, 0x0000000717400000|  0%| F|  |TAMS 0x0000000717200000, 0x0000000717200000| Untracked 
| 186|0x0000000717400000, 0x0000000717400000, 0x0000000717600000|  0%| F|  |TAMS 0x0000000717400000, 0x0000000717400000| Untracked 
| 187|0x0000000717600000, 0x0000000717600000, 0x0000000717800000|  0%| F|  |TAMS 0x0000000717600000, 0x0000000717600000| Untracked 
| 188|0x0000000717800000, 0x0000000717800000, 0x0000000717a00000|  0%| F|  |TAMS 0x0000000717800000, 0x0000000717800000| Untracked 
| 189|0x0000000717a00000, 0x0000000717a00000, 0x0000000717c00000|  0%| F|  |TAMS 0x0000000717a00000, 0x0000000717a00000| Untracked 
| 190|0x0000000717c00000, 0x0000000717c00000, 0x0000000717e00000|  0%| F|  |TAMS 0x0000000717c00000, 0x0000000717c00000| Untracked 
| 191|0x0000000717e00000, 0x0000000717e00000, 0x0000000718000000|  0%| F|  |TAMS 0x0000000717e00000, 0x0000000717e00000| Untracked 
| 192|0x0000000718000000, 0x0000000718000000, 0x0000000718200000|  0%| F|  |TAMS 0x0000000718000000, 0x0000000718000000| Untracked 
| 193|0x0000000718200000, 0x0000000718200000, 0x0000000718400000|  0%| F|  |TAMS 0x0000000718200000, 0x0000000718200000| Untracked 
| 194|0x0000000718400000, 0x0000000718400000, 0x0000000718600000|  0%| F|  |TAMS 0x0000000718400000, 0x0000000718400000| Untracked 
| 195|0x0000000718600000, 0x0000000718600000, 0x0000000718800000|  0%| F|  |TAMS 0x0000000718600000, 0x0000000718600000| Untracked 
| 196|0x0000000718800000, 0x0000000718800000, 0x0000000718a00000|  0%| F|  |TAMS 0x0000000718800000, 0x0000000718800000| Untracked 
| 197|0x0000000718a00000, 0x0000000718a00000, 0x0000000718c00000|  0%| F|  |TAMS 0x0000000718a00000, 0x0000000718a00000| Untracked 
| 198|0x0000000718c00000, 0x0000000718c00000, 0x0000000718e00000|  0%| F|  |TAMS 0x0000000718c00000, 0x0000000718c00000| Untracked 
| 199|0x0000000718e00000, 0x0000000718e00000, 0x0000000719000000|  0%| F|  |TAMS 0x0000000718e00000, 0x0000000718e00000| Untracked 
| 200|0x0000000719000000, 0x0000000719000000, 0x0000000719200000|  0%| F|  |TAMS 0x0000000719000000, 0x0000000719000000| Untracked 
| 201|0x0000000719200000, 0x0000000719200000, 0x0000000719400000|  0%| F|  |TAMS 0x0000000719200000, 0x0000000719200000| Untracked 
| 202|0x0000000719400000, 0x0000000719400000, 0x0000000719600000|  0%| F|  |TAMS 0x0000000719400000, 0x0000000719400000| Untracked 
| 203|0x0000000719600000, 0x0000000719600000, 0x0000000719800000|  0%| F|  |TAMS 0x0000000719600000, 0x0000000719600000| Untracked 
| 204|0x0000000719800000, 0x0000000719800000, 0x0000000719a00000|  0%| F|  |TAMS 0x0000000719800000, 0x0000000719800000| Untracked 
| 205|0x0000000719a00000, 0x0000000719a00000, 0x0000000719c00000|  0%| F|  |TAMS 0x0000000719a00000, 0x0000000719a00000| Untracked 
| 206|0x0000000719c00000, 0x0000000719c00000, 0x0000000719e00000|  0%| F|  |TAMS 0x0000000719c00000, 0x0000000719c00000| Untracked 
| 207|0x0000000719e00000, 0x0000000719e00000, 0x000000071a000000|  0%| F|  |TAMS 0x0000000719e00000, 0x0000000719e00000| Untracked 
| 208|0x000000071a000000, 0x000000071a000000, 0x000000071a200000|  0%| F|  |TAMS 0x000000071a000000, 0x000000071a000000| Untracked 
| 209|0x000000071a200000, 0x000000071a200000, 0x000000071a400000|  0%| F|  |TAMS 0x000000071a200000, 0x000000071a200000| Untracked 
| 210|0x000000071a400000, 0x000000071a55a9d0, 0x000000071a600000| 67%| S|CS|TAMS 0x000000071a400000, 0x000000071a400000| Complete 
| 211|0x000000071a600000, 0x000000071a800000, 0x000000071a800000|100%| S|CS|TAMS 0x000000071a600000, 0x000000071a600000| Complete 
| 212|0x000000071a800000, 0x000000071aa00000, 0x000000071aa00000|100%| S|CS|TAMS 0x000000071a800000, 0x000000071a800000| Complete 
| 213|0x000000071aa00000, 0x000000071ac00000, 0x000000071ac00000|100%| S|CS|TAMS 0x000000071aa00000, 0x000000071aa00000| Complete 
| 214|0x000000071ac00000, 0x000000071ae00000, 0x000000071ae00000|100%| S|CS|TAMS 0x000000071ac00000, 0x000000071ac00000| Complete 
| 215|0x000000071ae00000, 0x000000071ae00000, 0x000000071b000000|  0%| F|  |TAMS 0x000000071ae00000, 0x000000071ae00000| Untracked 
| 216|0x000000071b000000, 0x000000071b000000, 0x000000071b200000|  0%| F|  |TAMS 0x000000071b000000, 0x000000071b000000| Untracked 
| 217|0x000000071b200000, 0x000000071b200000, 0x000000071b400000|  0%| F|  |TAMS 0x000000071b200000, 0x000000071b200000| Untracked 
| 218|0x000000071b400000, 0x000000071b400000, 0x000000071b600000|  0%| F|  |TAMS 0x000000071b400000, 0x000000071b400000| Untracked 
| 219|0x000000071b600000, 0x000000071b600000, 0x000000071b800000|  0%| F|  |TAMS 0x000000071b600000, 0x000000071b600000| Untracked 
| 220|0x000000071b800000, 0x000000071b800000, 0x000000071ba00000|  0%| F|  |TAMS 0x000000071b800000, 0x000000071b800000| Untracked 
| 221|0x000000071ba00000, 0x000000071ba00000, 0x000000071bc00000|  0%| F|  |TAMS 0x000000071ba00000, 0x000000071ba00000| Untracked 
| 222|0x000000071bc00000, 0x000000071bc00000, 0x000000071be00000|  0%| F|  |TAMS 0x000000071bc00000, 0x000000071bc00000| Untracked 
| 223|0x000000071be00000, 0x000000071be00000, 0x000000071c000000|  0%| F|  |TAMS 0x000000071be00000, 0x000000071be00000| Untracked 
| 224|0x000000071c000000, 0x000000071c000000, 0x000000071c200000|  0%| F|  |TAMS 0x000000071c000000, 0x000000071c000000| Untracked 
| 225|0x000000071c200000, 0x000000071c200000, 0x000000071c400000|  0%| F|  |TAMS 0x000000071c200000, 0x000000071c200000| Untracked 
| 226|0x000000071c400000, 0x000000071c400000, 0x000000071c600000|  0%| F|  |TAMS 0x000000071c400000, 0x000000071c400000| Untracked 
| 227|0x000000071c600000, 0x000000071c600000, 0x000000071c800000|  0%| F|  |TAMS 0x000000071c600000, 0x000000071c600000| Untracked 
| 228|0x000000071c800000, 0x000000071c800000, 0x000000071ca00000|  0%| F|  |TAMS 0x000000071c800000, 0x000000071c800000| Untracked 
| 229|0x000000071ca00000, 0x000000071ca00000, 0x000000071cc00000|  0%| F|  |TAMS 0x000000071ca00000, 0x000000071ca00000| Untracked 
| 230|0x000000071cc00000, 0x000000071cc00000, 0x000000071ce00000|  0%| F|  |TAMS 0x000000071cc00000, 0x000000071cc00000| Untracked 
| 231|0x000000071ce00000, 0x000000071ce00000, 0x000000071d000000|  0%| F|  |TAMS 0x000000071ce00000, 0x000000071ce00000| Untracked 
| 232|0x000000071d000000, 0x000000071d000000, 0x000000071d200000|  0%| F|  |TAMS 0x000000071d000000, 0x000000071d000000| Untracked 
| 233|0x000000071d200000, 0x000000071d200000, 0x000000071d400000|  0%| F|  |TAMS 0x000000071d200000, 0x000000071d200000| Untracked 
| 234|0x000000071d400000, 0x000000071d400000, 0x000000071d600000|  0%| F|  |TAMS 0x000000071d400000, 0x000000071d400000| Untracked 
| 235|0x000000071d600000, 0x000000071d600000, 0x000000071d800000|  0%| F|  |TAMS 0x000000071d600000, 0x000000071d600000| Untracked 
| 236|0x000000071d800000, 0x000000071d800000, 0x000000071da00000|  0%| F|  |TAMS 0x000000071d800000, 0x000000071d800000| Untracked 
| 237|0x000000071da00000, 0x000000071da00000, 0x000000071dc00000|  0%| F|  |TAMS 0x000000071da00000, 0x000000071da00000| Untracked 
| 238|0x000000071dc00000, 0x000000071dc00000, 0x000000071de00000|  0%| F|  |TAMS 0x000000071dc00000, 0x000000071dc00000| Untracked 
| 239|0x000000071de00000, 0x000000071de00000, 0x000000071e000000|  0%| F|  |TAMS 0x000000071de00000, 0x000000071de00000| Untracked 
| 240|0x000000071e000000, 0x000000071e000000, 0x000000071e200000|  0%| F|  |TAMS 0x000000071e000000, 0x000000071e000000| Untracked 
| 241|0x000000071e200000, 0x000000071e200000, 0x000000071e400000|  0%| F|  |TAMS 0x000000071e200000, 0x000000071e200000| Untracked 
| 242|0x000000071e400000, 0x000000071e400000, 0x000000071e600000|  0%| F|  |TAMS 0x000000071e400000, 0x000000071e400000| Untracked 
| 243|0x000000071e600000, 0x000000071e600000, 0x000000071e800000|  0%| F|  |TAMS 0x000000071e600000, 0x000000071e600000| Untracked 
| 244|0x000000071e800000, 0x000000071e800000, 0x000000071ea00000|  0%| F|  |TAMS 0x000000071e800000, 0x000000071e800000| Untracked 
| 245|0x000000071ea00000, 0x000000071ea00000, 0x000000071ec00000|  0%| F|  |TAMS 0x000000071ea00000, 0x000000071ea00000| Untracked 
| 246|0x000000071ec00000, 0x000000071ec00000, 0x000000071ee00000|  0%| F|  |TAMS 0x000000071ec00000, 0x000000071ec00000| Untracked 
| 247|0x000000071ee00000, 0x000000071ee00000, 0x000000071f000000|  0%| F|  |TAMS 0x000000071ee00000, 0x000000071ee00000| Untracked 
| 248|0x000000071f000000, 0x000000071f000000, 0x000000071f200000|  0%| F|  |TAMS 0x000000071f000000, 0x000000071f000000| Untracked 
| 249|0x000000071f200000, 0x000000071f200000, 0x000000071f400000|  0%| F|  |TAMS 0x000000071f200000, 0x000000071f200000| Untracked 
| 250|0x000000071f400000, 0x000000071f400000, 0x000000071f600000|  0%| F|  |TAMS 0x000000071f400000, 0x000000071f400000| Untracked 
| 251|0x000000071f600000, 0x000000071f600000, 0x000000071f800000|  0%| F|  |TAMS 0x000000071f600000, 0x000000071f600000| Untracked 
| 252|0x000000071f800000, 0x000000071f800000, 0x000000071fa00000|  0%| F|  |TAMS 0x000000071f800000, 0x000000071f800000| Untracked 
| 253|0x000000071fa00000, 0x000000071fa00000, 0x000000071fc00000|  0%| F|  |TAMS 0x000000071fa00000, 0x000000071fa00000| Untracked 
| 254|0x000000071fc00000, 0x000000071fc00000, 0x000000071fe00000|  0%| F|  |TAMS 0x000000071fc00000, 0x000000071fc00000| Untracked 
| 255|0x000000071fe00000, 0x000000071fe00000, 0x0000000720000000|  0%| F|  |TAMS 0x000000071fe00000, 0x000000071fe00000| Untracked 
| 256|0x0000000720000000, 0x0000000720000000, 0x0000000720200000|  0%| F|  |TAMS 0x0000000720000000, 0x0000000720000000| Untracked 
| 257|0x0000000720200000, 0x0000000720200000, 0x0000000720400000|  0%| F|  |TAMS 0x0000000720200000, 0x0000000720200000| Untracked 
| 258|0x0000000720400000, 0x0000000720400000, 0x0000000720600000|  0%| F|  |TAMS 0x0000000720400000, 0x0000000720400000| Untracked 
| 259|0x0000000720600000, 0x0000000720600000, 0x0000000720800000|  0%| F|  |TAMS 0x0000000720600000, 0x0000000720600000| Untracked 
| 260|0x0000000720800000, 0x0000000720800000, 0x0000000720a00000|  0%| F|  |TAMS 0x0000000720800000, 0x0000000720800000| Untracked 
| 261|0x0000000720a00000, 0x0000000720a00000, 0x0000000720c00000|  0%| F|  |TAMS 0x0000000720a00000, 0x0000000720a00000| Untracked 
| 262|0x0000000720c00000, 0x0000000720c00000, 0x0000000720e00000|  0%| F|  |TAMS 0x0000000720c00000, 0x0000000720c00000| Untracked 
| 263|0x0000000720e00000, 0x0000000720e00000, 0x0000000721000000|  0%| F|  |TAMS 0x0000000720e00000, 0x0000000720e00000| Untracked 
| 264|0x0000000721000000, 0x0000000721000000, 0x0000000721200000|  0%| F|  |TAMS 0x0000000721000000, 0x0000000721000000| Untracked 
| 265|0x0000000721200000, 0x0000000721200000, 0x0000000721400000|  0%| F|  |TAMS 0x0000000721200000, 0x0000000721200000| Untracked 
| 266|0x0000000721400000, 0x0000000721400000, 0x0000000721600000|  0%| F|  |TAMS 0x0000000721400000, 0x0000000721400000| Untracked 
| 267|0x0000000721600000, 0x0000000721600000, 0x0000000721800000|  0%| F|  |TAMS 0x0000000721600000, 0x0000000721600000| Untracked 
| 268|0x0000000721800000, 0x0000000721800000, 0x0000000721a00000|  0%| F|  |TAMS 0x0000000721800000, 0x0000000721800000| Untracked 
| 269|0x0000000721a00000, 0x0000000721a00000, 0x0000000721c00000|  0%| F|  |TAMS 0x0000000721a00000, 0x0000000721a00000| Untracked 
| 270|0x0000000721c00000, 0x0000000721c00000, 0x0000000721e00000|  0%| F|  |TAMS 0x0000000721c00000, 0x0000000721c00000| Untracked 
| 271|0x0000000721e00000, 0x0000000721e00000, 0x0000000722000000|  0%| F|  |TAMS 0x0000000721e00000, 0x0000000721e00000| Untracked 
| 272|0x0000000722000000, 0x0000000722000000, 0x0000000722200000|  0%| F|  |TAMS 0x0000000722000000, 0x0000000722000000| Untracked 
| 273|0x0000000722200000, 0x0000000722200000, 0x0000000722400000|  0%| F|  |TAMS 0x0000000722200000, 0x0000000722200000| Untracked 
| 274|0x0000000722400000, 0x0000000722400000, 0x0000000722600000|  0%| F|  |TAMS 0x0000000722400000, 0x0000000722400000| Untracked 
| 275|0x0000000722600000, 0x0000000722600000, 0x0000000722800000|  0%| F|  |TAMS 0x0000000722600000, 0x0000000722600000| Untracked 
| 276|0x0000000722800000, 0x0000000722800000, 0x0000000722a00000|  0%| F|  |TAMS 0x0000000722800000, 0x0000000722800000| Untracked 
| 277|0x0000000722a00000, 0x0000000722a00000, 0x0000000722c00000|  0%| F|  |TAMS 0x0000000722a00000, 0x0000000722a00000| Untracked 
| 278|0x0000000722c00000, 0x0000000722c00000, 0x0000000722e00000|  0%| F|  |TAMS 0x0000000722c00000, 0x0000000722c00000| Untracked 
| 279|0x0000000722e00000, 0x0000000722e00000, 0x0000000723000000|  0%| F|  |TAMS 0x0000000722e00000, 0x0000000722e00000| Untracked 
| 280|0x0000000723000000, 0x0000000723000000, 0x0000000723200000|  0%| F|  |TAMS 0x0000000723000000, 0x0000000723000000| Untracked 
| 281|0x0000000723200000, 0x0000000723200000, 0x0000000723400000|  0%| F|  |TAMS 0x0000000723200000, 0x0000000723200000| Untracked 
| 282|0x0000000723400000, 0x0000000723400000, 0x0000000723600000|  0%| F|  |TAMS 0x0000000723400000, 0x0000000723400000| Untracked 
| 283|0x0000000723600000, 0x0000000723600000, 0x0000000723800000|  0%| F|  |TAMS 0x0000000723600000, 0x0000000723600000| Untracked 
| 284|0x0000000723800000, 0x0000000723800000, 0x0000000723a00000|  0%| F|  |TAMS 0x0000000723800000, 0x0000000723800000| Untracked 
| 285|0x0000000723a00000, 0x0000000723a00000, 0x0000000723c00000|  0%| F|  |TAMS 0x0000000723a00000, 0x0000000723a00000| Untracked 
| 286|0x0000000723c00000, 0x0000000723c00000, 0x0000000723e00000|  0%| F|  |TAMS 0x0000000723c00000, 0x0000000723c00000| Untracked 
| 287|0x0000000723e00000, 0x0000000723e00000, 0x0000000724000000|  0%| F|  |TAMS 0x0000000723e00000, 0x0000000723e00000| Untracked 
| 288|0x0000000724000000, 0x0000000724000000, 0x0000000724200000|  0%| F|  |TAMS 0x0000000724000000, 0x0000000724000000| Untracked 
| 289|0x0000000724200000, 0x0000000724200000, 0x0000000724400000|  0%| F|  |TAMS 0x0000000724200000, 0x0000000724200000| Untracked 
| 290|0x0000000724400000, 0x0000000724400000, 0x0000000724600000|  0%| F|  |TAMS 0x0000000724400000, 0x0000000724400000| Untracked 
| 291|0x0000000724600000, 0x0000000724600000, 0x0000000724800000|  0%| F|  |TAMS 0x0000000724600000, 0x0000000724600000| Untracked 
| 292|0x0000000724800000, 0x0000000724800000, 0x0000000724a00000|  0%| F|  |TAMS 0x0000000724800000, 0x0000000724800000| Untracked 
| 293|0x0000000724a00000, 0x0000000724a00000, 0x0000000724c00000|  0%| F|  |TAMS 0x0000000724a00000, 0x0000000724a00000| Untracked 
| 294|0x0000000724c00000, 0x0000000724c00000, 0x0000000724e00000|  0%| F|  |TAMS 0x0000000724c00000, 0x0000000724c00000| Untracked 
| 295|0x0000000724e00000, 0x0000000724e00000, 0x0000000725000000|  0%| F|  |TAMS 0x0000000724e00000, 0x0000000724e00000| Untracked 
| 296|0x0000000725000000, 0x0000000725000000, 0x0000000725200000|  0%| F|  |TAMS 0x0000000725000000, 0x0000000725000000| Untracked 
| 297|0x0000000725200000, 0x0000000725200000, 0x0000000725400000|  0%| F|  |TAMS 0x0000000725200000, 0x0000000725200000| Untracked 
| 298|0x0000000725400000, 0x0000000725400000, 0x0000000725600000|  0%| F|  |TAMS 0x0000000725400000, 0x0000000725400000| Untracked 
| 299|0x0000000725600000, 0x0000000725600000, 0x0000000725800000|  0%| F|  |TAMS 0x0000000725600000, 0x0000000725600000| Untracked 
| 300|0x0000000725800000, 0x0000000725800000, 0x0000000725a00000|  0%| F|  |TAMS 0x0000000725800000, 0x0000000725800000| Untracked 
| 301|0x0000000725a00000, 0x0000000725a00000, 0x0000000725c00000|  0%| F|  |TAMS 0x0000000725a00000, 0x0000000725a00000| Untracked 
| 302|0x0000000725c00000, 0x0000000725c00000, 0x0000000725e00000|  0%| F|  |TAMS 0x0000000725c00000, 0x0000000725c00000| Untracked 
| 303|0x0000000725e00000, 0x0000000725e00000, 0x0000000726000000|  0%| F|  |TAMS 0x0000000725e00000, 0x0000000725e00000| Untracked 
| 304|0x0000000726000000, 0x0000000726000000, 0x0000000726200000|  0%| F|  |TAMS 0x0000000726000000, 0x0000000726000000| Untracked 
| 305|0x0000000726200000, 0x0000000726200000, 0x0000000726400000|  0%| F|  |TAMS 0x0000000726200000, 0x0000000726200000| Untracked 
| 306|0x0000000726400000, 0x0000000726400000, 0x0000000726600000|  0%| F|  |TAMS 0x0000000726400000, 0x0000000726400000| Untracked 
| 307|0x0000000726600000, 0x0000000726600000, 0x0000000726800000|  0%| F|  |TAMS 0x0000000726600000, 0x0000000726600000| Untracked 
| 308|0x0000000726800000, 0x0000000726800000, 0x0000000726a00000|  0%| F|  |TAMS 0x0000000726800000, 0x0000000726800000| Untracked 
| 309|0x0000000726a00000, 0x0000000726a00000, 0x0000000726c00000|  0%| F|  |TAMS 0x0000000726a00000, 0x0000000726a00000| Untracked 
| 310|0x0000000726c00000, 0x0000000726c00000, 0x0000000726e00000|  0%| F|  |TAMS 0x0000000726c00000, 0x0000000726c00000| Untracked 
| 311|0x0000000726e00000, 0x0000000726e00000, 0x0000000727000000|  0%| F|  |TAMS 0x0000000726e00000, 0x0000000726e00000| Untracked 
| 312|0x0000000727000000, 0x0000000727000000, 0x0000000727200000|  0%| F|  |TAMS 0x0000000727000000, 0x0000000727000000| Untracked 
| 313|0x0000000727200000, 0x0000000727200000, 0x0000000727400000|  0%| F|  |TAMS 0x0000000727200000, 0x0000000727200000| Untracked 
| 314|0x0000000727400000, 0x0000000727400000, 0x0000000727600000|  0%| F|  |TAMS 0x0000000727400000, 0x0000000727400000| Untracked 
| 315|0x0000000727600000, 0x0000000727600000, 0x0000000727800000|  0%| F|  |TAMS 0x0000000727600000, 0x0000000727600000| Untracked 
| 316|0x0000000727800000, 0x0000000727800000, 0x0000000727a00000|  0%| F|  |TAMS 0x0000000727800000, 0x0000000727800000| Untracked 
| 317|0x0000000727a00000, 0x0000000727a00000, 0x0000000727c00000|  0%| F|  |TAMS 0x0000000727a00000, 0x0000000727a00000| Untracked 
| 318|0x0000000727c00000, 0x0000000727c00000, 0x0000000727e00000|  0%| F|  |TAMS 0x0000000727c00000, 0x0000000727c00000| Untracked 
| 319|0x0000000727e00000, 0x0000000727e00000, 0x0000000728000000|  0%| F|  |TAMS 0x0000000727e00000, 0x0000000727e00000| Untracked 
| 320|0x0000000728000000, 0x0000000728000000, 0x0000000728200000|  0%| F|  |TAMS 0x0000000728000000, 0x0000000728000000| Untracked 
| 321|0x0000000728200000, 0x0000000728200000, 0x0000000728400000|  0%| F|  |TAMS 0x0000000728200000, 0x0000000728200000| Untracked 
| 322|0x0000000728400000, 0x0000000728400000, 0x0000000728600000|  0%| F|  |TAMS 0x0000000728400000, 0x0000000728400000| Untracked 
| 323|0x0000000728600000, 0x0000000728600000, 0x0000000728800000|  0%| F|  |TAMS 0x0000000728600000, 0x0000000728600000| Untracked 
| 324|0x0000000728800000, 0x0000000728800000, 0x0000000728a00000|  0%| F|  |TAMS 0x0000000728800000, 0x0000000728800000| Untracked 
| 325|0x0000000728a00000, 0x0000000728a00000, 0x0000000728c00000|  0%| F|  |TAMS 0x0000000728a00000, 0x0000000728a00000| Untracked 
| 326|0x0000000728c00000, 0x0000000728c00000, 0x0000000728e00000|  0%| F|  |TAMS 0x0000000728c00000, 0x0000000728c00000| Untracked 
| 327|0x0000000728e00000, 0x0000000728e00000, 0x0000000729000000|  0%| F|  |TAMS 0x0000000728e00000, 0x0000000728e00000| Untracked 
| 328|0x0000000729000000, 0x0000000729000000, 0x0000000729200000|  0%| F|  |TAMS 0x0000000729000000, 0x0000000729000000| Untracked 
| 329|0x0000000729200000, 0x0000000729200000, 0x0000000729400000|  0%| F|  |TAMS 0x0000000729200000, 0x0000000729200000| Untracked 
| 330|0x0000000729400000, 0x0000000729400000, 0x0000000729600000|  0%| F|  |TAMS 0x0000000729400000, 0x0000000729400000| Untracked 
| 331|0x0000000729600000, 0x0000000729600000, 0x0000000729800000|  0%| F|  |TAMS 0x0000000729600000, 0x0000000729600000| Untracked 
| 332|0x0000000729800000, 0x0000000729800000, 0x0000000729a00000|  0%| F|  |TAMS 0x0000000729800000, 0x0000000729800000| Untracked 
| 333|0x0000000729a00000, 0x0000000729a00000, 0x0000000729c00000|  0%| F|  |TAMS 0x0000000729a00000, 0x0000000729a00000| Untracked 
| 334|0x0000000729c00000, 0x0000000729c00000, 0x0000000729e00000|  0%| F|  |TAMS 0x0000000729c00000, 0x0000000729c00000| Untracked 
| 335|0x0000000729e00000, 0x0000000729e00000, 0x000000072a000000|  0%| F|  |TAMS 0x0000000729e00000, 0x0000000729e00000| Untracked 
| 336|0x000000072a000000, 0x000000072a000000, 0x000000072a200000|  0%| F|  |TAMS 0x000000072a000000, 0x000000072a000000| Untracked 
| 337|0x000000072a200000, 0x000000072a200000, 0x000000072a400000|  0%| F|  |TAMS 0x000000072a200000, 0x000000072a200000| Untracked 
| 338|0x000000072a400000, 0x000000072a400000, 0x000000072a600000|  0%| F|  |TAMS 0x000000072a400000, 0x000000072a400000| Untracked 
| 339|0x000000072a600000, 0x000000072a600000, 0x000000072a800000|  0%| F|  |TAMS 0x000000072a600000, 0x000000072a600000| Untracked 
| 340|0x000000072a800000, 0x000000072a800000, 0x000000072aa00000|  0%| F|  |TAMS 0x000000072a800000, 0x000000072a800000| Untracked 
| 341|0x000000072aa00000, 0x000000072aa00000, 0x000000072ac00000|  0%| F|  |TAMS 0x000000072aa00000, 0x000000072aa00000| Untracked 
| 342|0x000000072ac00000, 0x000000072ac00000, 0x000000072ae00000|  0%| F|  |TAMS 0x000000072ac00000, 0x000000072ac00000| Untracked 
| 343|0x000000072ae00000, 0x000000072ae00000, 0x000000072b000000|  0%| F|  |TAMS 0x000000072ae00000, 0x000000072ae00000| Untracked 
| 344|0x000000072b000000, 0x000000072b000000, 0x000000072b200000|  0%| F|  |TAMS 0x000000072b000000, 0x000000072b000000| Untracked 
| 345|0x000000072b200000, 0x000000072b200000, 0x000000072b400000|  0%| F|  |TAMS 0x000000072b200000, 0x000000072b200000| Untracked 
| 346|0x000000072b400000, 0x000000072b400000, 0x000000072b600000|  0%| F|  |TAMS 0x000000072b400000, 0x000000072b400000| Untracked 
| 347|0x000000072b600000, 0x000000072b600000, 0x000000072b800000|  0%| F|  |TAMS 0x000000072b600000, 0x000000072b600000| Untracked 
| 348|0x000000072b800000, 0x000000072b800000, 0x000000072ba00000|  0%| F|  |TAMS 0x000000072b800000, 0x000000072b800000| Untracked 
| 349|0x000000072ba00000, 0x000000072ba00000, 0x000000072bc00000|  0%| F|  |TAMS 0x000000072ba00000, 0x000000072ba00000| Untracked 
| 350|0x000000072bc00000, 0x000000072bc00000, 0x000000072be00000|  0%| F|  |TAMS 0x000000072bc00000, 0x000000072bc00000| Untracked 
| 351|0x000000072be00000, 0x000000072be00000, 0x000000072c000000|  0%| F|  |TAMS 0x000000072be00000, 0x000000072be00000| Untracked 
| 352|0x000000072c000000, 0x000000072c000000, 0x000000072c200000|  0%| F|  |TAMS 0x000000072c000000, 0x000000072c000000| Untracked 
| 353|0x000000072c200000, 0x000000072c200000, 0x000000072c400000|  0%| F|  |TAMS 0x000000072c200000, 0x000000072c200000| Untracked 
| 354|0x000000072c400000, 0x000000072c400000, 0x000000072c600000|  0%| F|  |TAMS 0x000000072c400000, 0x000000072c400000| Untracked 
| 355|0x000000072c600000, 0x000000072c600000, 0x000000072c800000|  0%| F|  |TAMS 0x000000072c600000, 0x000000072c600000| Untracked 
| 356|0x000000072c800000, 0x000000072c800000, 0x000000072ca00000|  0%| F|  |TAMS 0x000000072c800000, 0x000000072c800000| Untracked 
| 357|0x000000072ca00000, 0x000000072ca00000, 0x000000072cc00000|  0%| F|  |TAMS 0x000000072ca00000, 0x000000072ca00000| Untracked 
| 358|0x000000072cc00000, 0x000000072cc00000, 0x000000072ce00000|  0%| F|  |TAMS 0x000000072cc00000, 0x000000072cc00000| Untracked 
| 359|0x000000072ce00000, 0x000000072ce00000, 0x000000072d000000|  0%| F|  |TAMS 0x000000072ce00000, 0x000000072ce00000| Untracked 
| 360|0x000000072d000000, 0x000000072d000000, 0x000000072d200000|  0%| F|  |TAMS 0x000000072d000000, 0x000000072d000000| Untracked 
| 361|0x000000072d200000, 0x000000072d200000, 0x000000072d400000|  0%| F|  |TAMS 0x000000072d200000, 0x000000072d200000| Untracked 
| 362|0x000000072d400000, 0x000000072d400000, 0x000000072d600000|  0%| F|  |TAMS 0x000000072d400000, 0x000000072d400000| Untracked 
| 363|0x000000072d600000, 0x000000072d600000, 0x000000072d800000|  0%| F|  |TAMS 0x000000072d600000, 0x000000072d600000| Untracked 
| 364|0x000000072d800000, 0x000000072d800000, 0x000000072da00000|  0%| F|  |TAMS 0x000000072d800000, 0x000000072d800000| Untracked 
| 365|0x000000072da00000, 0x000000072da00000, 0x000000072dc00000|  0%| F|  |TAMS 0x000000072da00000, 0x000000072da00000| Untracked 
| 366|0x000000072dc00000, 0x000000072dc00000, 0x000000072de00000|  0%| F|  |TAMS 0x000000072dc00000, 0x000000072dc00000| Untracked 
| 367|0x000000072de00000, 0x000000072de00000, 0x000000072e000000|  0%| F|  |TAMS 0x000000072de00000, 0x000000072de00000| Untracked 
| 368|0x000000072e000000, 0x000000072e000000, 0x000000072e200000|  0%| F|  |TAMS 0x000000072e000000, 0x000000072e000000| Untracked 
| 369|0x000000072e200000, 0x000000072e200000, 0x000000072e400000|  0%| F|  |TAMS 0x000000072e200000, 0x000000072e200000| Untracked 
| 370|0x000000072e400000, 0x000000072e400000, 0x000000072e600000|  0%| F|  |TAMS 0x000000072e400000, 0x000000072e400000| Untracked 
| 371|0x000000072e600000, 0x000000072e600000, 0x000000072e800000|  0%| F|  |TAMS 0x000000072e600000, 0x000000072e600000| Untracked 
| 372|0x000000072e800000, 0x000000072e800000, 0x000000072ea00000|  0%| F|  |TAMS 0x000000072e800000, 0x000000072e800000| Untracked 
| 373|0x000000072ea00000, 0x000000072ea00000, 0x000000072ec00000|  0%| F|  |TAMS 0x000000072ea00000, 0x000000072ea00000| Untracked 
| 374|0x000000072ec00000, 0x000000072ec00000, 0x000000072ee00000|  0%| F|  |TAMS 0x000000072ec00000, 0x000000072ec00000| Untracked 
| 375|0x000000072ee00000, 0x000000072ee00000, 0x000000072f000000|  0%| F|  |TAMS 0x000000072ee00000, 0x000000072ee00000| Untracked 
| 376|0x000000072f000000, 0x000000072f000000, 0x000000072f200000|  0%| F|  |TAMS 0x000000072f000000, 0x000000072f000000| Untracked 
| 377|0x000000072f200000, 0x000000072f200000, 0x000000072f400000|  0%| F|  |TAMS 0x000000072f200000, 0x000000072f200000| Untracked 
| 378|0x000000072f400000, 0x000000072f400000, 0x000000072f600000|  0%| F|  |TAMS 0x000000072f400000, 0x000000072f400000| Untracked 
| 379|0x000000072f600000, 0x000000072f600000, 0x000000072f800000|  0%| F|  |TAMS 0x000000072f600000, 0x000000072f600000| Untracked 
| 380|0x000000072f800000, 0x000000072f800000, 0x000000072fa00000|  0%| F|  |TAMS 0x000000072f800000, 0x000000072f800000| Untracked 
| 381|0x000000072fa00000, 0x000000072fa00000, 0x000000072fc00000|  0%| F|  |TAMS 0x000000072fa00000, 0x000000072fa00000| Untracked 
| 382|0x000000072fc00000, 0x000000072fc00000, 0x000000072fe00000|  0%| F|  |TAMS 0x000000072fc00000, 0x000000072fc00000| Untracked 
| 383|0x000000072fe00000, 0x000000072fe00000, 0x0000000730000000|  0%| F|  |TAMS 0x000000072fe00000, 0x000000072fe00000| Untracked 
| 384|0x0000000730000000, 0x0000000730000000, 0x0000000730200000|  0%| F|  |TAMS 0x0000000730000000, 0x0000000730000000| Untracked 
| 385|0x0000000730200000, 0x0000000730200000, 0x0000000730400000|  0%| F|  |TAMS 0x0000000730200000, 0x0000000730200000| Untracked 
| 386|0x0000000730400000, 0x0000000730400000, 0x0000000730600000|  0%| F|  |TAMS 0x0000000730400000, 0x0000000730400000| Untracked 
| 387|0x0000000730600000, 0x0000000730600000, 0x0000000730800000|  0%| F|  |TAMS 0x0000000730600000, 0x0000000730600000| Untracked 
| 388|0x0000000730800000, 0x0000000730800000, 0x0000000730a00000|  0%| F|  |TAMS 0x0000000730800000, 0x0000000730800000| Untracked 
| 389|0x0000000730a00000, 0x0000000730a00000, 0x0000000730c00000|  0%| F|  |TAMS 0x0000000730a00000, 0x0000000730a00000| Untracked 
| 390|0x0000000730c00000, 0x0000000730c00000, 0x0000000730e00000|  0%| F|  |TAMS 0x0000000730c00000, 0x0000000730c00000| Untracked 
| 391|0x0000000730e00000, 0x0000000730e00000, 0x0000000731000000|  0%| F|  |TAMS 0x0000000730e00000, 0x0000000730e00000| Untracked 
| 392|0x0000000731000000, 0x0000000731000000, 0x0000000731200000|  0%| F|  |TAMS 0x0000000731000000, 0x0000000731000000| Untracked 
| 393|0x0000000731200000, 0x0000000731200000, 0x0000000731400000|  0%| F|  |TAMS 0x0000000731200000, 0x0000000731200000| Untracked 
| 394|0x0000000731400000, 0x0000000731400000, 0x0000000731600000|  0%| F|  |TAMS 0x0000000731400000, 0x0000000731400000| Untracked 
| 395|0x0000000731600000, 0x0000000731600000, 0x0000000731800000|  0%| F|  |TAMS 0x0000000731600000, 0x0000000731600000| Untracked 
| 396|0x0000000731800000, 0x0000000731800000, 0x0000000731a00000|  0%| F|  |TAMS 0x0000000731800000, 0x0000000731800000| Untracked 
| 397|0x0000000731a00000, 0x0000000731a00000, 0x0000000731c00000|  0%| F|  |TAMS 0x0000000731a00000, 0x0000000731a00000| Untracked 
| 398|0x0000000731c00000, 0x0000000731c00000, 0x0000000731e00000|  0%| F|  |TAMS 0x0000000731c00000, 0x0000000731c00000| Untracked 
| 399|0x0000000731e00000, 0x0000000731e00000, 0x0000000732000000|  0%| F|  |TAMS 0x0000000731e00000, 0x0000000731e00000| Untracked 
| 400|0x0000000732000000, 0x0000000732000000, 0x0000000732200000|  0%| F|  |TAMS 0x0000000732000000, 0x0000000732000000| Untracked 
| 401|0x0000000732200000, 0x0000000732200000, 0x0000000732400000|  0%| F|  |TAMS 0x0000000732200000, 0x0000000732200000| Untracked 
| 402|0x0000000732400000, 0x0000000732400000, 0x0000000732600000|  0%| F|  |TAMS 0x0000000732400000, 0x0000000732400000| Untracked 
| 403|0x0000000732600000, 0x0000000732600000, 0x0000000732800000|  0%| F|  |TAMS 0x0000000732600000, 0x0000000732600000| Untracked 
| 404|0x0000000732800000, 0x0000000732800000, 0x0000000732a00000|  0%| F|  |TAMS 0x0000000732800000, 0x0000000732800000| Untracked 
| 405|0x0000000732a00000, 0x0000000732a00000, 0x0000000732c00000|  0%| F|  |TAMS 0x0000000732a00000, 0x0000000732a00000| Untracked 
| 406|0x0000000732c00000, 0x0000000732c00000, 0x0000000732e00000|  0%| F|  |TAMS 0x0000000732c00000, 0x0000000732c00000| Untracked 
| 407|0x0000000732e00000, 0x0000000732e00000, 0x0000000733000000|  0%| F|  |TAMS 0x0000000732e00000, 0x0000000732e00000| Untracked 
| 408|0x0000000733000000, 0x0000000733000000, 0x0000000733200000|  0%| F|  |TAMS 0x0000000733000000, 0x0000000733000000| Untracked 
| 409|0x0000000733200000, 0x0000000733200000, 0x0000000733400000|  0%| F|  |TAMS 0x0000000733200000, 0x0000000733200000| Untracked 
| 410|0x0000000733400000, 0x0000000733400000, 0x0000000733600000|  0%| F|  |TAMS 0x0000000733400000, 0x0000000733400000| Untracked 
| 411|0x0000000733600000, 0x0000000733600000, 0x0000000733800000|  0%| F|  |TAMS 0x0000000733600000, 0x0000000733600000| Untracked 
| 412|0x0000000733800000, 0x0000000733800000, 0x0000000733a00000|  0%| F|  |TAMS 0x0000000733800000, 0x0000000733800000| Untracked 
| 413|0x0000000733a00000, 0x0000000733a00000, 0x0000000733c00000|  0%| F|  |TAMS 0x0000000733a00000, 0x0000000733a00000| Untracked 
| 414|0x0000000733c00000, 0x0000000733c00000, 0x0000000733e00000|  0%| F|  |TAMS 0x0000000733c00000, 0x0000000733c00000| Untracked 
| 415|0x0000000733e00000, 0x0000000733e00000, 0x0000000734000000|  0%| F|  |TAMS 0x0000000733e00000, 0x0000000733e00000| Untracked 
| 416|0x0000000734000000, 0x0000000734000000, 0x0000000734200000|  0%| F|  |TAMS 0x0000000734000000, 0x0000000734000000| Untracked 
| 417|0x0000000734200000, 0x0000000734200000, 0x0000000734400000|  0%| F|  |TAMS 0x0000000734200000, 0x0000000734200000| Untracked 
| 418|0x0000000734400000, 0x0000000734400000, 0x0000000734600000|  0%| F|  |TAMS 0x0000000734400000, 0x0000000734400000| Untracked 
| 419|0x0000000734600000, 0x0000000734600000, 0x0000000734800000|  0%| F|  |TAMS 0x0000000734600000, 0x0000000734600000| Untracked 
| 420|0x0000000734800000, 0x0000000734800000, 0x0000000734a00000|  0%| F|  |TAMS 0x0000000734800000, 0x0000000734800000| Untracked 
| 421|0x0000000734a00000, 0x0000000734a00000, 0x0000000734c00000|  0%| F|  |TAMS 0x0000000734a00000, 0x0000000734a00000| Untracked 
| 422|0x0000000734c00000, 0x0000000734c00000, 0x0000000734e00000|  0%| F|  |TAMS 0x0000000734c00000, 0x0000000734c00000| Untracked 
| 423|0x0000000734e00000, 0x0000000734e00000, 0x0000000735000000|  0%| F|  |TAMS 0x0000000734e00000, 0x0000000734e00000| Untracked 
| 424|0x0000000735000000, 0x0000000735000000, 0x0000000735200000|  0%| F|  |TAMS 0x0000000735000000, 0x0000000735000000| Untracked 
| 425|0x0000000735200000, 0x0000000735200000, 0x0000000735400000|  0%| F|  |TAMS 0x0000000735200000, 0x0000000735200000| Untracked 
| 426|0x0000000735400000, 0x0000000735400000, 0x0000000735600000|  0%| F|  |TAMS 0x0000000735400000, 0x0000000735400000| Untracked 
| 427|0x0000000735600000, 0x0000000735600000, 0x0000000735800000|  0%| F|  |TAMS 0x0000000735600000, 0x0000000735600000| Untracked 
| 428|0x0000000735800000, 0x0000000735800000, 0x0000000735a00000|  0%| F|  |TAMS 0x0000000735800000, 0x0000000735800000| Untracked 
| 429|0x0000000735a00000, 0x0000000735a00000, 0x0000000735c00000|  0%| F|  |TAMS 0x0000000735a00000, 0x0000000735a00000| Untracked 
| 430|0x0000000735c00000, 0x0000000735c00000, 0x0000000735e00000|  0%| F|  |TAMS 0x0000000735c00000, 0x0000000735c00000| Untracked 
| 431|0x0000000735e00000, 0x0000000735e00000, 0x0000000736000000|  0%| F|  |TAMS 0x0000000735e00000, 0x0000000735e00000| Untracked 
| 432|0x0000000736000000, 0x0000000736000000, 0x0000000736200000|  0%| F|  |TAMS 0x0000000736000000, 0x0000000736000000| Untracked 
| 433|0x0000000736200000, 0x0000000736200000, 0x0000000736400000|  0%| F|  |TAMS 0x0000000736200000, 0x0000000736200000| Untracked 
| 434|0x0000000736400000, 0x0000000736400000, 0x0000000736600000|  0%| F|  |TAMS 0x0000000736400000, 0x0000000736400000| Untracked 
| 435|0x0000000736600000, 0x0000000736600000, 0x0000000736800000|  0%| F|  |TAMS 0x0000000736600000, 0x0000000736600000| Untracked 
| 436|0x0000000736800000, 0x0000000736800000, 0x0000000736a00000|  0%| F|  |TAMS 0x0000000736800000, 0x0000000736800000| Untracked 
| 437|0x0000000736a00000, 0x0000000736a00000, 0x0000000736c00000|  0%| F|  |TAMS 0x0000000736a00000, 0x0000000736a00000| Untracked 
| 438|0x0000000736c00000, 0x0000000736c00000, 0x0000000736e00000|  0%| F|  |TAMS 0x0000000736c00000, 0x0000000736c00000| Untracked 
| 439|0x0000000736e00000, 0x0000000736e00000, 0x0000000737000000|  0%| F|  |TAMS 0x0000000736e00000, 0x0000000736e00000| Untracked 
| 440|0x0000000737000000, 0x0000000737000000, 0x0000000737200000|  0%| F|  |TAMS 0x0000000737000000, 0x0000000737000000| Untracked 
| 441|0x0000000737200000, 0x0000000737200000, 0x0000000737400000|  0%| F|  |TAMS 0x0000000737200000, 0x0000000737200000| Untracked 
| 442|0x0000000737400000, 0x0000000737400000, 0x0000000737600000|  0%| F|  |TAMS 0x0000000737400000, 0x0000000737400000| Untracked 
| 443|0x0000000737600000, 0x0000000737600000, 0x0000000737800000|  0%| F|  |TAMS 0x0000000737600000, 0x0000000737600000| Untracked 
| 444|0x0000000737800000, 0x0000000737800000, 0x0000000737a00000|  0%| F|  |TAMS 0x0000000737800000, 0x0000000737800000| Untracked 
| 445|0x0000000737a00000, 0x0000000737a00000, 0x0000000737c00000|  0%| F|  |TAMS 0x0000000737a00000, 0x0000000737a00000| Untracked 
| 446|0x0000000737c00000, 0x0000000737c00000, 0x0000000737e00000|  0%| F|  |TAMS 0x0000000737c00000, 0x0000000737c00000| Untracked 
| 447|0x0000000737e00000, 0x0000000737e00000, 0x0000000738000000|  0%| F|  |TAMS 0x0000000737e00000, 0x0000000737e00000| Untracked 
| 448|0x0000000738000000, 0x0000000738000000, 0x0000000738200000|  0%| F|  |TAMS 0x0000000738000000, 0x0000000738000000| Untracked 
| 449|0x0000000738200000, 0x0000000738200000, 0x0000000738400000|  0%| F|  |TAMS 0x0000000738200000, 0x0000000738200000| Untracked 
| 450|0x0000000738400000, 0x0000000738400000, 0x0000000738600000|  0%| F|  |TAMS 0x0000000738400000, 0x0000000738400000| Untracked 
| 451|0x0000000738600000, 0x0000000738600000, 0x0000000738800000|  0%| F|  |TAMS 0x0000000738600000, 0x0000000738600000| Untracked 
| 452|0x0000000738800000, 0x0000000738800000, 0x0000000738a00000|  0%| F|  |TAMS 0x0000000738800000, 0x0000000738800000| Untracked 
| 453|0x0000000738a00000, 0x0000000738a00000, 0x0000000738c00000|  0%| F|  |TAMS 0x0000000738a00000, 0x0000000738a00000| Untracked 
| 454|0x0000000738c00000, 0x0000000738c00000, 0x0000000738e00000|  0%| F|  |TAMS 0x0000000738c00000, 0x0000000738c00000| Untracked 
| 455|0x0000000738e00000, 0x0000000738e00000, 0x0000000739000000|  0%| F|  |TAMS 0x0000000738e00000, 0x0000000738e00000| Untracked 
| 456|0x0000000739000000, 0x0000000739000000, 0x0000000739200000|  0%| F|  |TAMS 0x0000000739000000, 0x0000000739000000| Untracked 
| 457|0x0000000739200000, 0x0000000739200000, 0x0000000739400000|  0%| F|  |TAMS 0x0000000739200000, 0x0000000739200000| Untracked 
| 458|0x0000000739400000, 0x0000000739400000, 0x0000000739600000|  0%| F|  |TAMS 0x0000000739400000, 0x0000000739400000| Untracked 
| 459|0x0000000739600000, 0x0000000739600000, 0x0000000739800000|  0%| F|  |TAMS 0x0000000739600000, 0x0000000739600000| Untracked 
| 460|0x0000000739800000, 0x0000000739800000, 0x0000000739a00000|  0%| F|  |TAMS 0x0000000739800000, 0x0000000739800000| Untracked 
| 461|0x0000000739a00000, 0x0000000739a00000, 0x0000000739c00000|  0%| F|  |TAMS 0x0000000739a00000, 0x0000000739a00000| Untracked 
| 462|0x0000000739c00000, 0x0000000739c00000, 0x0000000739e00000|  0%| F|  |TAMS 0x0000000739c00000, 0x0000000739c00000| Untracked 
| 463|0x0000000739e00000, 0x0000000739e00000, 0x000000073a000000|  0%| F|  |TAMS 0x0000000739e00000, 0x0000000739e00000| Untracked 
| 464|0x000000073a000000, 0x000000073a000000, 0x000000073a200000|  0%| F|  |TAMS 0x000000073a000000, 0x000000073a000000| Untracked 
| 465|0x000000073a200000, 0x000000073a200000, 0x000000073a400000|  0%| F|  |TAMS 0x000000073a200000, 0x000000073a200000| Untracked 
| 466|0x000000073a400000, 0x000000073a400000, 0x000000073a600000|  0%| F|  |TAMS 0x000000073a400000, 0x000000073a400000| Untracked 
| 467|0x000000073a600000, 0x000000073a600000, 0x000000073a800000|  0%| F|  |TAMS 0x000000073a600000, 0x000000073a600000| Untracked 
| 468|0x000000073a800000, 0x000000073a800000, 0x000000073aa00000|  0%| F|  |TAMS 0x000000073a800000, 0x000000073a800000| Untracked 
| 469|0x000000073aa00000, 0x000000073aa00000, 0x000000073ac00000|  0%| F|  |TAMS 0x000000073aa00000, 0x000000073aa00000| Untracked 
| 470|0x000000073ac00000, 0x000000073ac00000, 0x000000073ae00000|  0%| F|  |TAMS 0x000000073ac00000, 0x000000073ac00000| Untracked 
| 471|0x000000073ae00000, 0x000000073ae00000, 0x000000073b000000|  0%| F|  |TAMS 0x000000073ae00000, 0x000000073ae00000| Untracked 
| 472|0x000000073b000000, 0x000000073b000000, 0x000000073b200000|  0%| F|  |TAMS 0x000000073b000000, 0x000000073b000000| Untracked 
| 473|0x000000073b200000, 0x000000073b200000, 0x000000073b400000|  0%| F|  |TAMS 0x000000073b200000, 0x000000073b200000| Untracked 
| 474|0x000000073b400000, 0x000000073b400000, 0x000000073b600000|  0%| F|  |TAMS 0x000000073b400000, 0x000000073b400000| Untracked 
| 475|0x000000073b600000, 0x000000073b600000, 0x000000073b800000|  0%| F|  |TAMS 0x000000073b600000, 0x000000073b600000| Untracked 
| 476|0x000000073b800000, 0x000000073b800000, 0x000000073ba00000|  0%| F|  |TAMS 0x000000073b800000, 0x000000073b800000| Untracked 
| 477|0x000000073ba00000, 0x000000073ba00000, 0x000000073bc00000|  0%| F|  |TAMS 0x000000073ba00000, 0x000000073ba00000| Untracked 
| 478|0x000000073bc00000, 0x000000073bc00000, 0x000000073be00000|  0%| F|  |TAMS 0x000000073bc00000, 0x000000073bc00000| Untracked 
| 479|0x000000073be00000, 0x000000073be00000, 0x000000073c000000|  0%| F|  |TAMS 0x000000073be00000, 0x000000073be00000| Untracked 
| 480|0x000000073c000000, 0x000000073c000000, 0x000000073c200000|  0%| F|  |TAMS 0x000000073c000000, 0x000000073c000000| Untracked 
| 481|0x000000073c200000, 0x000000073c200000, 0x000000073c400000|  0%| F|  |TAMS 0x000000073c200000, 0x000000073c200000| Untracked 
| 482|0x000000073c400000, 0x000000073c400000, 0x000000073c600000|  0%| F|  |TAMS 0x000000073c400000, 0x000000073c400000| Untracked 
| 483|0x000000073c600000, 0x000000073c600000, 0x000000073c800000|  0%| F|  |TAMS 0x000000073c600000, 0x000000073c600000| Untracked 
| 484|0x000000073c800000, 0x000000073c800000, 0x000000073ca00000|  0%| F|  |TAMS 0x000000073c800000, 0x000000073c800000| Untracked 
| 485|0x000000073ca00000, 0x000000073ca00000, 0x000000073cc00000|  0%| F|  |TAMS 0x000000073ca00000, 0x000000073ca00000| Untracked 
| 486|0x000000073cc00000, 0x000000073cc00000, 0x000000073ce00000|  0%| F|  |TAMS 0x000000073cc00000, 0x000000073cc00000| Untracked 
| 487|0x000000073ce00000, 0x000000073ce00000, 0x000000073d000000|  0%| F|  |TAMS 0x000000073ce00000, 0x000000073ce00000| Untracked 
|2046|0x00000007ffc00000, 0x00000007ffd75000, 0x00000007ffe00000| 72%|OA|  |TAMS 0x00000007ffd75000, 0x00000007ffc00000| Untracked 
|2047|0x00000007ffe00000, 0x00000007ffe78000, 0x0000000800000000| 23%|CA|  |TAMS 0x00000007ffe78000, 0x00000007ffe00000| Untracked 

Card table byte_map: [0x00007fecfe528000,0x00007fecfed28000] _byte_map_base: 0x00007fecfad28000

Marking Bits (Prev, Next): (CMBitMap*) 0x00007fecf8087420, (CMBitMap*) 0x00007fecf80873e0
 Prev Bits: [0x00007fecd9511000, 0x00007fecdd511000)
 Next Bits: [0x00007fecdd511000, 0x00007fece1511000)

Polling page: 0x00007fed012eb000

Metaspace:

Usage:
  Non-class:    173.46 MB used.
      Class:     25.35 MB used.
       Both:    198.81 MB used.

Virtual space:
  Non-class space:      192.00 MB reserved,     174.12 MB ( 91%) committed,  3 nodes.
      Class space:        1.00 GB reserved,      26.06 MB (  3%) committed,  1 nodes.
             Both:        1.19 GB reserved,     200.19 MB ( 16%) committed. 

Chunk freelists:
   Non-Class:  1.53 MB
       Class:  5.78 MB
        Both:  7.31 MB

MaxMetaspaceSize: unlimited
CompressedClassSpaceSize: 1.00 GB
Initial GC threshold: 21.00 MB
Current GC threshold: 298.88 MB
CDS: on
MetaspaceReclaimPolicy: balanced
 - commit_granule_bytes: 65536.
 - commit_granule_words: 8192.
 - virtual_space_node_default_size: 8388608.
 - enlarge_chunks_in_place: 1.
 - new_chunks_are_fully_committed: 0.
 - uncommit_free_chunks: 1.
 - use_allocation_guard: 0.
 - handle_deallocations: 1.


Internal statistics:

num_allocs_failed_limit: 30.
num_arena_births: 2446.
num_arena_deaths: 0.
num_vsnodes_births: 4.
num_vsnodes_deaths: 0.
num_space_committed: 3199.
num_space_uncommitted: 0.
num_chunks_returned_to_freelist: 30.
num_chunks_taken_from_freelist: 10871.
num_chunk_merges: 27.
num_chunk_splits: 7411.
num_chunks_enlarged: 5090.
num_inconsistent_stats: 0.

CodeHeap 'non-profiled nmethods': size=120036Kb used=12241Kb max_used=12241Kb free=107794Kb
 bounds [0x00007fece8fd8000, 0x00007fece9bd8000, 0x00007fecf0511000]
CodeHeap 'profiled nmethods': size=120032Kb used=54628Kb max_used=54628Kb free=65403Kb
 bounds [0x00007fece1511000, 0x00007fece4a71000, 0x00007fece8a49000]
CodeHeap 'non-nmethods': size=5692Kb used=1987Kb max_used=2064Kb free=3705Kb
 bounds [0x00007fece8a49000, 0x00007fece8cb9000, 0x00007fece8fd8000]
 total_blobs=27426 nmethods=26297 adapters=1040
 compilation: enabled
              stopped_count=0, restarted_count=0
 full_count=0

Compilation events (20 events):
Event: 174.219 Thread 0x00007fecf80f47a0 36964       2       ksp.com.intellij.lang.impl.PsiBuilderFactoryImpl::getParserDefinition (125 bytes)
Event: 174.220 Thread 0x00007fecf80f47a0 nmethod 36964 0x00007fece4a64590 code [0x00007fece4a64840, 0x00007fece4a64f00]
Event: 174.220 Thread 0x00007fecf80f47a0 36965       2       ksp.com.intellij.lang.impl.PsiBuilderImpl::<init> (106 bytes)
Event: 174.220 Thread 0x00007fecf80f47a0 nmethod 36965 0x00007fece4a65390 code [0x00007fece4a655c0, 0x00007fece4a65b10]
Event: 174.220 Thread 0x00007fecf80f47a0 36974       2       ksp.org.jetbrains.kotlin.analysis.api.platform.projectStructure.KotlinProjectStructureProvider$Companion::getModule (25 bytes)
Event: 174.221 Thread 0x00007fecf80f47a0 nmethod 36974 0x00007fece4a65e90 code [0x00007fece4a660e0, 0x00007fece4a665d0]
Event: 174.221 Thread 0x00007fecf80f47a0 36975       2       ksp.org.jetbrains.kotlin.analysis.low.level.api.fir.api.LLResolutionFacade::getProject (10 bytes)
Event: 174.221 Thread 0x00007fecf80f47a0 nmethod 36975 0x00007fece4a66910 code [0x00007fece4a66ac0, 0x00007fece4a66c00]
Event: 174.221 Thread 0x00007fecf80f47a0 36966       2       ksp.com.intellij.openapi.util.Pair::getFirst (13 bytes)
Event: 174.221 Thread 0x00007fecf80f47a0 nmethod 36966 0x00007fece4a66d10 code [0x00007fece4a66ec0, 0x00007fece4a66ff0]
Event: 174.221 Thread 0x00007fecf80f47a0 36967       2       ksp.com.intellij.openapi.util.Pair::getSecond (13 bytes)
Event: 174.221 Thread 0x00007fecf80f47a0 nmethod 36967 0x00007fece4a67090 code [0x00007fece4a67240, 0x00007fece4a67370]
Event: 174.221 Thread 0x00007fecf80f47a0 36968       2       ksp.com.intellij.lang.impl.PsiBuilderImpl::<init> (366 bytes)
Event: 174.223 Thread 0x00007fecf80f47a0 nmethod 36968 0x00007fece4a67410 code [0x00007fece4a67800, 0x00007fece4a68db0]
Event: 174.223 Thread 0x00007fecf80f47a0 36977       1       com.google.devtools.ksp.impl.symbol.kotlin.resolved.KSTypeReferenceResolvedImpl::getParent (5 bytes)
Event: 174.223 Thread 0x00007fecf80f47a0 nmethod 36977 0x00007fece9bcbf90 code [0x00007fece9bcc120, 0x00007fece9bcc1f0]
Event: 174.223 Thread 0x00007fecf80f47a0 36973       1       ksp.com.intellij.psi.stubs.StubBase::getStubList (5 bytes)
Event: 174.223 Thread 0x00007fecf80f47a0 nmethod 36973 0x00007fece9bcc290 code [0x00007fece9bcc420, 0x00007fece9bcc4f0]
Event: 174.223 Thread 0x00007fecf80f47a0 36976       2       ksp.org.jetbrains.kotlin.analysis.low.level.api.fir.file.builder.ModuleFileCacheImpl::getContainerFirFile (57 bytes)
Event: 174.223 Thread 0x00007fecf80f47a0 nmethod 36976 0x00007fece4a69590 code [0x00007fece4a69800, 0x00007fece4a69e00]

GC Heap History (20 events):
Event: 140.298 GC heap after
{Heap after GC invocations=99 (full 0):
 garbage-first heap   total 768000K, used 247732K [0x0000000700000000, 0x0000000800000000)
  region size 2048K, 11 young (22528K), 11 survivors (22528K)
 Metaspace       used 161046K, committed 162368K, reserved 1245184K
  class space    used 21223K, committed 21888K, reserved 1048576K
}
Event: 141.914 GC heap before
{Heap before GC invocations=99 (full 0):
 garbage-first heap   total 768000K, used 415668K [0x0000000700000000, 0x0000000800000000)
  region size 2048K, 94 young (192512K), 11 survivors (22528K)
 Metaspace       used 164398K, committed 165760K, reserved 1245184K
  class space    used 21629K, committed 22336K, reserved 1048576K
}
Event: 142.111 GC heap after
{Heap after GC invocations=100 (full 0):
 garbage-first heap   total 1003520K, used 248756K [0x0000000700000000, 0x0000000800000000)
  region size 2048K, 12 young (24576K), 12 survivors (24576K)
 Metaspace       used 164398K, committed 165760K, reserved 1245184K
  class space    used 21629K, committed 22336K, reserved 1048576K
}
Event: 144.607 GC heap before
{Heap before GC invocations=100 (full 0):
 garbage-first heap   total 1003520K, used 437172K [0x0000000700000000, 0x0000000800000000)
  region size 2048K, 104 young (212992K), 12 survivors (24576K)
 Metaspace       used 166611K, committed 167936K, reserved 1245184K
  class space    used 21860K, committed 22528K, reserved 1048576K
}
Event: 144.724 GC heap after
{Heap after GC invocations=101 (full 0):
 garbage-first heap   total 1003520K, used 251746K [0x0000000700000000, 0x0000000800000000)
  region size 2048K, 11 young (22528K), 11 survivors (22528K)
 Metaspace       used 166611K, committed 167936K, reserved 1245184K
  class space    used 21860K, committed 22528K, reserved 1048576K
}
Event: 148.392 GC heap before
{Heap before GC invocations=102 (full 0):
 garbage-first heap   total 1003520K, used 597858K [0x0000000700000000, 0x0000000800000000)
  region size 2048K, 180 young (368640K), 11 survivors (22528K)
 Metaspace       used 168961K, committed 170304K, reserved 1245184K
  class space    used 22097K, committed 22784K, reserved 1048576K
}
Event: 148.487 GC heap after
{Heap after GC invocations=103 (full 0):
 garbage-first heap   total 1003520K, used 255842K [0x0000000700000000, 0x0000000800000000)
  region size 2048K, 13 young (26624K), 13 survivors (26624K)
 Metaspace       used 168961K, committed 170304K, reserved 1245184K
  class space    used 22097K, committed 22784K, reserved 1048576K
}
Event: 148.686 GC heap before
{Heap before GC invocations=103 (full 0):
 garbage-first heap   total 1003520K, used 278369K [0x0000000700000000, 0x0000000800000000)
  region size 2048K, 24 young (49152K), 13 survivors (26624K)
 Metaspace       used 169252K, committed 170624K, reserved 1245184K
  class space    used 22133K, committed 22848K, reserved 1048576K
}
Event: 148.719 GC heap after
{Heap after GC invocations=104 (full 0):
 garbage-first heap   total 1003520K, used 254621K [0x0000000700000000, 0x0000000800000000)
  region size 2048K, 1 young (2048K), 1 survivors (2048K)
 Metaspace       used 169252K, committed 170624K, reserved 1245184K
  class space    used 22133K, committed 22848K, reserved 1048576K
}
Event: 153.710 GC heap before
{Heap before GC invocations=104 (full 0):
 garbage-first heap   total 1003520K, used 834205K [0x0000000700000000, 0x0000000800000000)
  region size 2048K, 282 young (577536K), 1 survivors (2048K)
 Metaspace       used 178454K, committed 179776K, reserved 1245184K
  class space    used 23148K, committed 23808K, reserved 1048576K
}
Event: 153.788 GC heap after
{Heap after GC invocations=105 (full 0):
 garbage-first heap   total 1003520K, used 262766K [0x0000000700000000, 0x0000000800000000)
  region size 2048K, 5 young (10240K), 5 survivors (10240K)
 Metaspace       used 178454K, committed 179776K, reserved 1245184K
  class space    used 23148K, committed 23808K, reserved 1048576K
}
Event: 159.699 GC heap before
{Heap before GC invocations=106 (full 0):
 garbage-first heap   total 1003520K, used 838254K [0x0000000700000000, 0x0000000800000000)
  region size 2048K, 287 young (587776K), 5 survivors (10240K)
 Metaspace       used 187440K, committed 188800K, reserved 1245184K
  class space    used 24174K, committed 24896K, reserved 1048576K
}
Event: 159.781 GC heap after
{Heap after GC invocations=107 (full 0):
 garbage-first heap   total 1003520K, used 266909K [0x0000000700000000, 0x0000000800000000)
  region size 2048K, 8 young (16384K), 8 survivors (16384K)
 Metaspace       used 187440K, committed 188800K, reserved 1245184K
  class space    used 24174K, committed 24896K, reserved 1048576K
}
Event: 160.021 GC heap before
{Heap before GC invocations=107 (full 0):
 garbage-first heap   total 1003520K, used 299677K [0x0000000700000000, 0x0000000800000000)
  region size 2048K, 24 young (49152K), 8 survivors (16384K)
 Metaspace       used 187950K, committed 189312K, reserved 1245184K
  class space    used 24256K, committed 24960K, reserved 1048576K
}
Event: 160.096 GC heap after
{Heap after GC invocations=108 (full 0):
 garbage-first heap   total 1003520K, used 263264K [0x0000000700000000, 0x0000000800000000)
  region size 2048K, 1 young (2048K), 1 survivors (2048K)
 Metaspace       used 187950K, committed 189312K, reserved 1245184K
  class space    used 24256K, committed 24960K, reserved 1048576K
}
Event: 165.509 GC heap before
{Heap before GC invocations=108 (full 0):
 garbage-first heap   total 1003520K, used 853088K [0x0000000700000000, 0x0000000800000000)
  region size 2048K, 288 young (589824K), 1 survivors (2048K)
 Metaspace       used 193793K, committed 195200K, reserved 1245184K
  class space    used 24831K, committed 25536K, reserved 1048576K
}
Event: 165.690 GC heap after
{Heap after GC invocations=109 (full 0):
 garbage-first heap   total 1003520K, used 288225K [0x0000000700000000, 0x0000000800000000)
  region size 2048K, 14 young (28672K), 14 survivors (28672K)
 Metaspace       used 193793K, committed 195200K, reserved 1245184K
  class space    used 24831K, committed 25536K, reserved 1048576K
}
Event: 168.785 GC heap before
{Heap before GC invocations=109 (full 0):
 garbage-first heap   total 1003520K, used 644577K [0x0000000700000000, 0x0000000800000000)
  region size 2048K, 188 young (385024K), 14 survivors (28672K)
 Metaspace       used 197945K, committed 199296K, reserved 1245184K
  class space    used 25297K, committed 25984K, reserved 1048576K
}
Event: 168.904 GC heap after
{Heap after GC invocations=110 (full 0):
 garbage-first heap   total 1003520K, used 290433K [0x0000000700000000, 0x0000000800000000)
  region size 2048K, 2 young (4096K), 2 survivors (4096K)
 Metaspace       used 197945K, committed 199296K, reserved 1245184K
  class space    used 25297K, committed 25984K, reserved 1048576K
}
Event: 174.223 GC heap before
{Heap before GC invocations=110 (full 0):
 garbage-first heap   total 1003520K, used 845441K [0x0000000700000000, 0x0000000800000000)
  region size 2048K, 273 young (559104K), 2 survivors (4096K)
 Metaspace       used 203581K, committed 204992K, reserved 1245184K
  class space    used 25962K, committed 26688K, reserved 1048576K
}

Dll operation events (16 events):
Event: 0.003 Loaded shared library /usr/lib/jvm/java-17-openjdk-amd64/lib/libjava.so
Event: 0.020 Loaded shared library /usr/lib/jvm/java-17-openjdk-amd64/lib/libjsvml.so
Event: 0.118 Loaded shared library /usr/lib/jvm/java-17-openjdk-amd64/lib/libzip.so
Event: 0.119 Loaded shared library /usr/lib/jvm/java-17-openjdk-amd64/lib/libinstrument.so
Event: 0.124 Loaded shared library /usr/lib/jvm/java-17-openjdk-amd64/lib/libnio.so
Event: 0.127 Loaded shared library /usr/lib/jvm/java-17-openjdk-amd64/lib/libzip.so
Event: 0.418 Loaded shared library /usr/lib/jvm/java-17-openjdk-amd64/lib/libjimage.so
Event: 0.729 Loaded shared library /usr/lib/jvm/java-17-openjdk-amd64/lib/libverify.so
Event: 0.799 Loaded shared library /usr/lib/jvm/java-17-openjdk-amd64/lib/libnet.so
Event: 0.801 Loaded shared library /root/.gradle/native/660c5614fbf4a5f2a75b1949f50a0caf5cd603558e7d8a26e50b933a0cfb79d1/linux-amd64/libnative-platform.so
Event: 0.815 Loaded shared library /root/.gradle/native/0.2.8/x86_64-linux-gnu/libgradle-fileevents.so
Event: 2.280 Loaded shared library /usr/lib/jvm/java-17-openjdk-amd64/lib/libmanagement.so
Event: 2.282 Loaded shared library /usr/lib/jvm/java-17-openjdk-amd64/lib/libmanagement_ext.so
Event: 2.407 Loaded shared library /usr/lib/jvm/java-17-openjdk-amd64/lib/libextnet.so
Event: 134.202 Loaded shared library /usr/lib/jvm/java-17-openjdk-amd64/lib/libawt.so
Event: 134.205 Loaded shared library /usr/lib/jvm/java-17-openjdk-amd64/lib/libawt_headless.so

Deoptimization events (20 events):
Event: 173.908 Thread 0x00007fecc55e4200 DEOPT PACKING pc=0x00007fece3c6a358 sp=0x00007fecc9cf5a40
Event: 173.908 Thread 0x00007fecc55e4200 DEOPT UNPACKING pc=0x00007fece8aa364f sp=0x00007fecc9cf4f18 mode 0
Event: 173.909 Thread 0x00007fecbc018450 DEOPT PACKING pc=0x00007fece3c6a358 sp=0x00007fec79fe5a90
Event: 173.909 Thread 0x00007fecbc018450 DEOPT UNPACKING pc=0x00007fece8aa364f sp=0x00007fec79fe4f68 mode 0
Event: 173.910 Thread 0x00007fecbc018450 DEOPT PACKING pc=0x00007fece3c6a358 sp=0x00007fec79fe5a90
Event: 173.910 Thread 0x00007fecbc018450 DEOPT UNPACKING pc=0x00007fece8aa364f sp=0x00007fec79fe4f68 mode 0
Event: 173.921 Thread 0x00007fecc55e4200 DEOPT PACKING pc=0x00007fece3c6a358 sp=0x00007fecc9cf5a70
Event: 173.921 Thread 0x00007fecc55e4200 DEOPT UNPACKING pc=0x00007fece8aa364f sp=0x00007fecc9cf4f48 mode 0
Event: 173.987 Thread 0x00007fecc6874ae0 DEOPT PACKING pc=0x00007fece3c6a358 sp=0x00007fec7a7f0a20
Event: 173.987 Thread 0x00007fecc6874ae0 DEOPT UNPACKING pc=0x00007fece8aa364f sp=0x00007fec7a7efef8 mode 0
Event: 174.081 Thread 0x00007fecbc018450 DEOPT PACKING pc=0x00007fece3c6a358 sp=0x00007fec79fe5a90
Event: 174.081 Thread 0x00007fecbc018450 DEOPT UNPACKING pc=0x00007fece8aa364f sp=0x00007fec79fe4f68 mode 0
Event: 174.089 Thread 0x00007fecbc018450 DEOPT PACKING pc=0x00007fece477e017 sp=0x00007fec79fe59b0
Event: 174.089 Thread 0x00007fecbc018450 DEOPT UNPACKING pc=0x00007fece8aa364f sp=0x00007fec79fe4ed8 mode 0
Event: 174.090 Thread 0x00007fecbc018450 DEOPT PACKING pc=0x00007fece3c6a358 sp=0x00007fec79fe5a90
Event: 174.090 Thread 0x00007fecbc018450 DEOPT UNPACKING pc=0x00007fece8aa364f sp=0x00007fec79fe4f68 mode 0
Event: 174.092 Thread 0x00007fecbc018450 DEOPT PACKING pc=0x00007fece3c6a358 sp=0x00007fec79fe5a90
Event: 174.092 Thread 0x00007fecbc018450 DEOPT UNPACKING pc=0x00007fece8aa364f sp=0x00007fec79fe4f68 mode 0
Event: 174.119 Thread 0x00007fecbc018450 DEOPT PACKING pc=0x00007fece3f0ef00 sp=0x00007fec79fe5160
Event: 174.119 Thread 0x00007fecbc018450 DEOPT UNPACKING pc=0x00007fece8aa364f sp=0x00007fec79fe4890 mode 0

Classes loaded (20 events):
Event: 159.090 Loading class jdk/jfr/internal/EventWriterMethod
Event: 159.091 Loading class jdk/jfr/internal/EventWriterMethod done
Event: 159.091 Loading class jdk/jfr/internal/SecuritySupport$6
Event: 159.091 Loading class jdk/jfr/internal/SecuritySupport$6 done
Event: 159.092 Loading class jdk/jfr/internal/StringPool$SimpleStringIdPool
Event: 159.092 Loading class jdk/jfr/internal/StringPool$SimpleStringIdPool done
Event: 159.094 Loading class jdk/jfr/internal/handlers/EventHandler37795_1787438863935-3967
Event: 159.094 Loading class jdk/jfr/internal/handlers/EventHandler37795_1787438863935-3967 done
Event: 159.096 Loading class jdk/jfr/internal/handlers/EventHandler37798_1787438863935-3967
Event: 159.096 Loading class jdk/jfr/internal/handlers/EventHandler37798_1787438863935-3967 done
Event: 159.105 Loading class jdk/jfr/internal/handlers/EventHandler37801_1787438863935-3967
Event: 159.105 Loading class jdk/jfr/internal/handlers/EventHandler37801_1787438863935-3967 done
Event: 159.112 Loading class jdk/jfr/internal/handlers/EventHandler37805_1787438863935-3967
Event: 159.112 Loading class jdk/jfr/internal/handlers/EventHandler37805_1787438863935-3967 done
Event: 159.113 Loading class jdk/jfr/internal/handlers/EventHandler37808_1787438863935-3967
Event: 159.113 Loading class jdk/jfr/internal/handlers/EventHandler37808_1787438863935-3967 done
Event: 167.322 Loading class java/util/regex/Pattern$LineEnding
Event: 167.379 Loading class java/util/regex/Pattern$LineEnding done
Event: 173.216 Loading class java/lang/SuppressWarnings
Event: 173.216 Loading class java/lang/SuppressWarnings done

Classes unloaded (0 events):
No events

Classes redefined (0 events):
No events

Internal exceptions (20 events):
Event: 157.484 Thread 0x00007feccc0449a0 Exception <a 'java/lang/NoSuchMethodError'{0x0000000728c3eb28}: 'int java.lang.invoke.DirectMethodHandle$Holder.invokeStatic(java.lang.Object, java.lang.Object, java.lang.Object, java.lang.Object, java.lang.Object, java.lang.Object)'> (0x0000000728c3eb28) 
thrown [./src/hotspot/share/interpreter/linkResolver.cpp, line 758]
Event: 159.089 Thread 0x00007feccc0449a0 Exception <a 'java/lang/ClassNotFoundException'{0x000000071e1084f0}: jdk/jfr/internal/handlers/EventHandler37660_1787438863935-3967> (0x000000071e1084f0) 
thrown [./src/hotspot/share/classfile/systemDictionary.cpp, line 257]
Event: 159.094 Thread 0x00007feccc0449a0 Exception <a 'java/lang/ClassNotFoundException'{0x000000071e12b000}: jdk/jfr/internal/handlers/EventHandler37795_1787438863935-3967> (0x000000071e12b000) 
thrown [./src/hotspot/share/classfile/systemDictionary.cpp, line 257]
Event: 159.096 Thread 0x00007feccc0449a0 Exception <a 'java/lang/ClassNotFoundException'{0x000000071e13e3d8}: jdk/jfr/internal/handlers/EventHandler37798_1787438863935-3967> (0x000000071e13e3d8) 
thrown [./src/hotspot/share/classfile/systemDictionary.cpp, line 257]
Event: 159.105 Thread 0x00007feccc0449a0 Exception <a 'java/lang/ClassNotFoundException'{0x000000071e151bc0}: jdk/jfr/internal/handlers/EventHandler37801_1787438863935-3967> (0x000000071e151bc0) 
thrown [./src/hotspot/share/classfile/systemDictionary.cpp, line 257]
Event: 159.112 Thread 0x00007feccc0449a0 Exception <a 'java/lang/ClassNotFoundException'{0x000000071e1669c8}: jdk/jfr/internal/handlers/EventHandler37805_1787438863935-3967> (0x000000071e1669c8) 
thrown [./src/hotspot/share/classfile/systemDictionary.cpp, line 257]
Event: 159.113 Thread 0x00007feccc0449a0 Exception <a 'java/lang/ClassNotFoundException'{0x000000071e177988}: jdk/jfr/internal/handlers/EventHandler37808_1787438863935-3967> (0x000000071e177988) 
thrown [./src/hotspot/share/classfile/systemDictionary.cpp, line 257]
Event: 161.810 Thread 0x00007fecc55e4200 Exception <a 'sun/nio/fs/UnixException'{0x0000000731543980}> (0x0000000731543980) 
thrown [./src/hotspot/share/prims/jni.cpp, line 516]
Event: 161.993 Thread 0x00007fecc55e4200 Exception <a 'sun/nio/fs/UnixException'{0x000000073158e718}> (0x000000073158e718) 
thrown [./src/hotspot/share/prims/jni.cpp, line 516]
Event: 162.001 Thread 0x00007fecc55e4200 Exception <a 'sun/nio/fs/UnixException'{0x00000007315d89c0}> (0x00000007315d89c0) 
thrown [./src/hotspot/share/prims/jni.cpp, line 516]
Event: 162.381 Thread 0x00007feccc0449a0 Exception <a 'java/lang/NoSuchMethodError'{0x000000072dc9f008}: 'java.lang.Object java.lang.invoke.DirectMethodHandle$Holder.invokeStatic(java.lang.Object, java.lang.Object, java.lang.Object, int, java.lang.Object, java.lang.Object, java.lang.Object)'> (0x000000072dc9f008) 
thrown [./src/hotspot/share/interpreter/linkResolver.cpp, line 758]
Event: 168.400 Thread 0x00007feccc0449a0 Exception <a 'java/lang/NoSuchMethodError'{0x000000072a37cd00}: 'int java.lang.invoke.DirectMethodHandle$Holder.invokeStaticInit(java.lang.Object, int)'> (0x000000072a37cd00) 
thrown [./src/hotspot/share/interpreter/linkResolver.cpp, line 758]
Event: 168.523 Thread 0x00007feccc0449a0 Exception <a 'java/lang/NoSuchMethodError'{0x000000072936c978}: 'java.lang.Object java.lang.invoke.DirectMethodHandle$Holder.invokeStatic(java.lang.Object, java.lang.Object, java.lang.Object, java.lang.Object, int, java.lang.Object, java.lang.Object)'> (0x000000072936c978) 
thrown [./src/hotspot/share/interpreter/linkResolver.cpp, line 758]
Event: 168.524 Thread 0x00007feccc0449a0 Exception <a 'java/lang/NoSuchMethodError'{0x0000000729376f88}: 'java.lang.Object java.lang.invoke.DirectMethodHandle$Holder.newInvokeSpecial(java.lang.Object, java.lang.Object, java.lang.Object, java.lang.Object, int, java.lang.Object, java.lang.Object)'> (0x0000000729376f88) 
thrown [./src/hotspot/share/interpreter/linkResolver.cpp, line 758]
Event: 168.524 Thread 0x00007feccc0449a0 Exception <a 'java/lang/NoSuchMethodError'{0x000000072937c3e0}: 'java.lang.Object java.lang.invoke.Invokers$Holder.linkToTargetMethod(java.lang.Object, java.lang.Object, java.lang.Object, int, java.lang.Object, java.lang.Object, java.lang.Object)'> (0x000000072937c3e0) 
thrown [./src/hotspot/share/interpreter/linkResolver.cpp, line 758]
Event: 169.729 Thread 0x00007feccc0449a0 Exception <a 'java/lang/NoSuchMethodError'{0x0000000736e95538}: 'void java.lang.invoke.DirectMethodHandle$Holder.invokeStatic(java.lang.Object, java.lang.Object, java.lang.Object, java.lang.Object, int)'> (0x0000000736e95538) 
thrown [./src/hotspot/share/interpreter/linkResolver.cpp, line 758]
Event: 170.304 Thread 0x00007feccc0449a0 Exception <a 'java/lang/IncompatibleClassChangeError'{0x0000000733262790}: Found class java.lang.Object, but interface was expected> (0x0000000733262790) 
thrown [./src/hotspot/share/interpreter/linkResolver.cpp, line 826]
Event: 173.495 Thread 0x00007fecc55e4200 Exception <a 'java/lang/NoSuchMethodError'{0x000000071f1078d0}: 'java.lang.Object java.lang.invoke.DirectMethodHandle$Holder.newInvokeSpecial(java.lang.Object, int, java.lang.Object, java.lang.Object, java.lang.Object)'> (0x000000071f1078d0) 
thrown [./src/hotspot/share/interpreter/linkResolver.cpp, line 758]
Event: 173.495 Thread 0x00007fecc55e4200 Exception <a 'java/lang/NoSuchMethodError'{0x000000071f10c060}: 'java.lang.Object java.lang.invoke.Invokers$Holder.linkToTargetMethod(int, java.lang.Object, java.lang.Object, java.lang.Object, java.lang.Object)'> (0x000000071f10c060) 
thrown [./src/hotspot/share/interpreter/linkResolver.cpp, line 758]
Event: 174.209 Thread 0x00007fecc55e4200 Exception <a 'sun/nio/fs/UnixException'{0x000000071af21208}> (0x000000071af21208) 
thrown [./src/hotspot/share/prims/jni.cpp, line 516]

VM Operations (20 events):
Event: 170.022 Executing VM operation: HandshakeAllThreads done
Event: 170.599 Executing VM operation: HandshakeAllThreads
Event: 170.603 Executing VM operation: HandshakeAllThreads done
Event: 170.688 Executing VM operation: HandshakeAllThreads
Event: 170.691 Executing VM operation: HandshakeAllThreads done
Event: 171.691 Executing VM operation: Cleanup
Event: 171.692 Executing VM operation: Cleanup done
Event: 172.598 Executing VM operation: ICBufferFull
Event: 172.599 Executing VM operation: ICBufferFull done
Event: 172.799 Executing VM operation: HandshakeAllThreads
Event: 172.809 Executing VM operation: HandshakeAllThreads done
Event: 173.505 Executing VM operation: ICBufferFull
Event: 173.506 Executing VM operation: ICBufferFull done
Event: 173.717 Executing VM operation: HandshakeAllThreads
Event: 173.727 Executing VM operation: HandshakeAllThreads done
Event: 174.079 Executing VM operation: HandshakeAllThreads
Event: 174.086 Executing VM operation: HandshakeAllThreads done
Event: 174.204 Executing VM operation: ICBufferFull
Event: 174.205 Executing VM operation: ICBufferFull done
Event: 174.223 Executing VM operation: G1CollectForAllocation

Memory protections (20 events):
Event: 77.708 Protecting memory [0x00007fec7a0f2000,0x00007fec7a0f6000] with protection modes 0
Event: 77.917 Protecting memory [0x00007fec7a0f2000,0x00007fec7a0f6000] with protection modes 0
Event: 77.979 Protecting memory [0x00007fec79ff1000,0x00007fec79ff5000] with protection modes 0
Event: 78.611 Protecting memory [0x00007fec7a0f2000,0x00007fec7a0f6000] with protection modes 0
Event: 78.617 Protecting memory [0x00007fec79ef0000,0x00007fec79ef4000] with protection modes 0
Event: 78.626 Protecting memory [0x00007fec79def000,0x00007fec79df3000] with protection modes 0
Event: 78.679 Protecting memory [0x00007fec79cee000,0x00007fec79cf2000] with protection modes 0
Event: 78.720 Protecting memory [0x00007fec79bed000,0x00007fec79bf1000] with protection modes 0
Event: 83.386 Protecting memory [0x00007fec79aec000,0x00007fec79af0000] with protection modes 0
Event: 98.527 Protecting memory [0x00007fec799eb000,0x00007fec799ef000] with protection modes 0
Event: 98.593 Protecting memory [0x00007fec798ea000,0x00007fec798ee000] with protection modes 0
Event: 101.204 Protecting memory [0x00007fec797e9000,0x00007fec797ed000] with protection modes 0
Event: 128.295 Protecting memory [0x00007fec796e8000,0x00007fec796ec000] with protection modes 0
Event: 134.393 Protecting memory [0x00007fec795e7000,0x00007fec795eb000] with protection modes 0
Event: 134.403 Protecting memory [0x00007fec794e6000,0x00007fec794ea000] with protection modes 0
Event: 136.627 Protecting memory [0x00007fec7a3f5000,0x00007fec7a3f9000] with protection modes 0
Event: 136.688 Protecting memory [0x00007fec7a1f3000,0x00007fec7a1f7000] with protection modes 0
Event: 149.129 Protecting memory [0x00007fec7a2f4000,0x00007fec7a2f8000] with protection modes 0
Event: 149.215 Protecting memory [0x00007fec794e6000,0x00007fec794ea000] with protection modes 0
Event: 151.592 Protecting memory [0x00007fec795e7000,0x00007fec795eb000] with protection modes 0

Nmethod flushes (20 events):
Event: 153.194 Thread 0x00007fecf80f5c10 flushing  nmethod 0x00007fece4448d10
Event: 153.194 Thread 0x00007fecf80f5c10 flushing  nmethod 0x00007fece445ab10
Event: 153.194 Thread 0x00007fecf80f5c10 flushing  nmethod 0x00007fece4466d10
Event: 153.194 Thread 0x00007fecf80f5c10 flushing  nmethod 0x00007fece449cc10
Event: 153.194 Thread 0x00007fecf80f5c10 flushing  nmethod 0x00007fece44ac110
Event: 153.194 Thread 0x00007fecf80f5c10 flushing  nmethod 0x00007fece44c1610
Event: 153.194 Thread 0x00007fecf80f5c10 flushing  nmethod 0x00007fece44c2110
Event: 153.194 Thread 0x00007fecf80f5c10 flushing  nmethod 0x00007fece44c2810
Event: 153.194 Thread 0x00007fecf80f5c10 flushing  nmethod 0x00007fece44c5590
Event: 153.194 Thread 0x00007fecf80f5c10 flushing  nmethod 0x00007fece44c5b90
Event: 153.194 Thread 0x00007fecf80f5c10 flushing  nmethod 0x00007fece44c9010
Event: 153.194 Thread 0x00007fecf80f5c10 flushing  nmethod 0x00007fece44cdc90
Event: 153.194 Thread 0x00007fecf80f5c10 flushing  nmethod 0x00007fece44cee10
Event: 153.194 Thread 0x00007fecf80f5c10 flushing  nmethod 0x00007fece44d2610
Event: 153.194 Thread 0x00007fecf80f5c10 flushing  nmethod 0x00007fece44da910
Event: 153.194 Thread 0x00007fecf80f5c10 flushing  nmethod 0x00007fece44daf10
Event: 153.194 Thread 0x00007fecf80f5c10 flushing  nmethod 0x00007fece44db290
Event: 163.026 Thread 0x00007fecf80f5c10 flushing  nmethod 0x00007fece3d15c10
Event: 163.083 Thread 0x00007fecf80f5c10 flushing  nmethod 0x00007fece41da910
Event: 163.084 Thread 0x00007fecf80f5c10 flushing  nmethod 0x00007fece4224e10

Events (20 events):
Event: 78.678 Thread 0x00007fecc68b3770 Thread added: 0x00007fecbc01bd60
Event: 78.711 Thread 0x00007fecc68b3770 Thread added: 0x00007fecbc028650
Event: 83.384 Thread 0x00007fecbc018450 Thread added: 0x00007fecc68e7a20
Event: 98.526 Thread 0x00007fecbc01bd60 Thread added: 0x00007feccc02eb80
Event: 98.527 Thread 0x00007fecbc01bd60 Thread added: 0x00007feccc0449a0
Event: 101.203 Thread 0x00007fecc68b3770 Thread added: 0x00007fecbc046760
Event: 128.293 Thread 0x00007fecc68e7a20 Thread added: 0x00007fecf8a2ece0
Event: 134.392 Thread 0x00007feccc0449a0 Thread added: 0x00007fec58662790
Event: 134.402 Thread 0x00007feccc0449a0 Thread added: 0x00007fec58663490
Event: 135.418 Thread 0x00007fec58662790 Thread exited: 0x00007fec58662790
Event: 135.418 Thread 0x00007fec58663490 Thread exited: 0x00007fec58663490
Event: 135.622 Thread 0x00007fec60275ed0 Thread exited: 0x00007fec60275ed0
Event: 135.622 Thread 0x00007fec60aca1e0 Thread exited: 0x00007fec60aca1e0
Event: 135.623 Thread 0x00007fec608ed9c0 Thread exited: 0x00007fec608ed9c0
Event: 135.623 Thread 0x00007fecc4431500 Thread exited: 0x00007fecc4431500
Event: 136.627 Thread 0x00007feccc0449a0 Thread added: 0x00007fec58320be0
Event: 136.687 Thread 0x00007feccc0449a0 Thread added: 0x00007fec58323920
Event: 149.126 Thread 0x00007feccc0449a0 Thread added: 0x00007fec58a245e0
Event: 149.215 Thread 0x00007feccc0449a0 Thread added: 0x00007fec58a2f2d0
Event: 151.592 Thread 0x00007feccc0449a0 Thread added: 0x00007fec58f4ebc0


Dynamic libraries:
700000000-73d000000 rw-p 00000000 00:00 0 
764000000-7ffc00000 ---p 00000000 00:00 0 
7ffc00000-7ffd00000 rw-p 00000000 00:00 0 
7ffd00000-7ffd75000 rw-p 00c7a000 fe:00 136245                           /usr/lib/jvm/java-17-openjdk-amd64/lib/server/classes.jsa
7ffd75000-7ffe00000 rw-p 00000000 00:00 0 
7ffe00000-7ffe78000 rw-p 00c02000 fe:00 136245                           /usr/lib/jvm/java-17-openjdk-amd64/lib/server/classes.jsa
7ffe78000-800000000 rw-p 00000000 00:00 0 
5639f93a3000-5639f93a4000 r--p 00000000 fe:00 136035                     /usr/lib/jvm/java-17-openjdk-amd64/bin/java
5639f93a4000-5639f93a5000 r-xp 00001000 fe:00 136035                     /usr/lib/jvm/java-17-openjdk-amd64/bin/java
5639f93a5000-5639f93a6000 r--p 00002000 fe:00 136035                     /usr/lib/jvm/java-17-openjdk-amd64/bin/java
5639f93a6000-5639f93a7000 r--p 00002000 fe:00 136035                     /usr/lib/jvm/java-17-openjdk-amd64/bin/java
5639f93a7000-5639f93a8000 rw-p 00003000 fe:00 136035                     /usr/lib/jvm/java-17-openjdk-amd64/bin/java
5639f9cdd000-5639f9dea000 rw-p 00000000 00:00 0                          [heap]
7fec44511000-7fec4c000000 r--s 00000000 fe:00 136242                     /usr/lib/jvm/java-17-openjdk-amd64/lib/modules
7fec4c000000-7fec4c6c0000 rw-p 00000000 00:00 0 
7fec4c6c0000-7fec4df00000 rw-p 00000000 00:00 0 
7fec4df00000-7fec4dfa0000 rw-p 00000000 00:00 0 
7fec4dfa0000-7fec4e000000 ---p 00000000 00:00 0 
7fec4e000000-7fec4ee80000 rw-p 00000000 00:00 0 
7fec4ee80000-7fec50000000 ---p 00000000 00:00 0 
7fec50000000-7fec50b00000 rw-p 00000000 00:00 0 
7fec50b00000-7fec50c00000 rw-p 00000000 00:00 0 
7fec50c00000-7fec50d80000 rw-p 00000000 00:00 0 
7fec50d80000-7fec50e00000 rw-p 00000000 00:00 0 
7fec50e00000-7fec50e80000 rw-p 00000000 00:00 0 
7fec50e80000-7fec50f00000 rw-p 00000000 00:00 0 
7fec50f00000-7fec51100000 rw-p 00000000 00:00 0 
7fec51100000-7fec51180000 rw-p 00000000 00:00 0 
7fec51180000-7fec51300000 rw-p 00000000 00:00 0 
7fec51300000-7fec51400000 rw-p 00000000 00:00 0 
7fec51400000-7fec51500000 rw-p 00000000 00:00 0 
7fec51500000-7fec51600000 rw-p 00000000 00:00 0 
7fec51600000-7fec51900000 rw-p 00000000 00:00 0 
7fec51900000-7fec51a00000 rw-p 00000000 00:00 0 
7fec51a00000-7fec51b80000 rw-p 00000000 00:00 0 
7fec51b80000-7fec51c00000 rw-p 00000000 00:00 0 
7fec51c00000-7fec51f00000 rw-p 00000000 00:00 0 
7fec51f00000-7fec52000000 rw-p 00000000 00:00 0 
7fec52000000-7fec53900000 rw-p 00000000 00:00 0 
7fec53900000-7fec53a00000 rw-p 00000000 00:00 0 
7fec53a00000-7fec54000000 rw-p 00000000 00:00 0 
7fec54000000-7fec556e8000 rw-p 00000000 00:00 0 
7fec556e8000-7fec58000000 ---p 00000000 00:00 0 
7fec58000000-7fec5995d000 rw-p 00000000 00:00 0 
7fec5995d000-7fec5c000000 ---p 00000000 00:00 0 
7fec5c000000-7fec5c0dc000 rw-p 00000000 00:00 0 
7fec5c0dc000-7fec60000000 ---p 00000000 00:00 0 
7fec60000000-7fec626f8000 rw-p 00000000 00:00 0 
7fec626f8000-7fec64000000 ---p 00000000 00:00 0 
7fec64000000-7fec64088000 rw-p 00000000 00:00 0 
7fec64088000-7fec68000000 ---p 00000000 00:00 0 
7fec68000000-7fec6802e000 rw-p 00000000 00:00 0 
7fec6802e000-7fec6c000000 ---p 00000000 00:00 0 
7fec6c000000-7fec6c0ae000 rw-p 00000000 00:00 0 
7fec6c0ae000-7fec70000000 ---p 00000000 00:00 0 
7fec70000000-7fec7006e000 rw-p 00000000 00:00 0 
7fec7006e000-7fec74000000 ---p 00000000 00:00 0 
7fec74000000-7fec74656000 rw-p 00000000 00:00 0 
7fec74656000-7fec78000000 ---p 00000000 00:00 0 
7fec794e5000-7fec794e6000 ---p 00000000 00:00 0 
7fec794e6000-7fec794ea000 ---p 00000000 00:00 0 
7fec794ea000-7fec795e6000 rw-p 00000000 00:00 0 
7fec795e6000-7fec795e7000 ---p 00000000 00:00 0 
7fec795e7000-7fec795eb000 ---p 00000000 00:00 0 
7fec795eb000-7fec796e7000 rw-p 00000000 00:00 0 
7fec796e7000-7fec796e8000 ---p 00000000 00:00 0 
7fec796e8000-7fec796ec000 ---p 00000000 00:00 0 
7fec796ec000-7fec797e8000 rw-p 00000000 00:00 0 
7fec797e8000-7fec797e9000 ---p 00000000 00:00 0 
7fec797e9000-7fec797ed000 ---p 00000000 00:00 0 
7fec797ed000-7fec798e9000 rw-p 00000000 00:00 0 
7fec798e9000-7fec798ea000 ---p 00000000 00:00 0 
7fec798ea000-7fec798ee000 ---p 00000000 00:00 0 
7fec798ee000-7fec799ea000 rw-p 00000000 00:00 0 
7fec799ea000-7fec799eb000 ---p 00000000 00:00 0 
7fec799eb000-7fec799ef000 ---p 00000000 00:00 0 
7fec799ef000-7fec79aeb000 rw-p 00000000 00:00 0 
7fec79aeb000-7fec79aec000 ---p 00000000 00:00 0 
7fec79aec000-7fec79af0000 ---p 00000000 00:00 0 
7fec79af0000-7fec79bec000 rw-p 00000000 00:00 0 
7fec79bec000-7fec79bed000 ---p 00000000 00:00 0 
7fec79bed000-7fec79bf1000 ---p 00000000 00:00 0 
7fec79bf1000-7fec79ced000 rw-p 00000000 00:00 0 
7fec79ced000-7fec79cee000 ---p 00000000 00:00 0 
7fec79cee000-7fec79cf2000 ---p 00000000 00:00 0 
7fec79cf2000-7fec79dee000 rw-p 00000000 00:00 0 
7fec79dee000-7fec79def000 ---p 00000000 00:00 0 
7fec79def000-7fec79df3000 ---p 00000000 00:00 0 
7fec79df3000-7fec79eef000 rw-p 00000000 00:00 0 
7fec79eef000-7fec79ef0000 ---p 00000000 00:00 0 
7fec79ef0000-7fec79ef4000 ---p 00000000 00:00 0 
7fec79ef4000-7fec79ff0000 rw-p 00000000 00:00 0 
7fec79ff0000-7fec79ff1000 ---p 00000000 00:00 0 
7fec79ff1000-7fec79ff5000 ---p 00000000 00:00 0 
7fec79ff5000-7fec7a0f1000 rw-p 00000000 00:00 0 
7fec7a0f1000-7fec7a0f2000 ---p 00000000 00:00 0 
7fec7a0f2000-7fec7a0f6000 ---p 00000000 00:00 0 
7fec7a0f6000-7fec7a1f2000 rw-p 00000000 00:00 0 
7fec7a1f2000-7fec7a1f3000 ---p 00000000 00:00 0 
7fec7a1f3000-7fec7a1f7000 ---p 00000000 00:00 0 
7fec7a1f7000-7fec7a2f3000 rw-p 00000000 00:00 0 
7fec7a2f3000-7fec7a2f4000 ---p 00000000 00:00 0 
7fec7a2f4000-7fec7a2f8000 ---p 00000000 00:00 0 
7fec7a2f8000-7fec7a3f4000 rw-p 00000000 00:00 0 
7fec7a3f4000-7fec7a3f5000 ---p 00000000 00:00 0 
7fec7a3f5000-7fec7a3f9000 ---p 00000000 00:00 0 
7fec7a3f9000-7fec7a4f5000 rw-p 00000000 00:00 0 
7fec7a4f5000-7fec7a4f6000 ---p 00000000 00:00 0 
7fec7a4f6000-7fec7a4fa000 ---p 00000000 00:00 0 
7fec7a4fa000-7fec7a5f6000 rw-p 00000000 00:00 0 
7fec7a5f6000-7fec7a5f7000 ---p 00000000 00:00 0 
7fec7a5f7000-7fec7a5fb000 ---p 00000000 00:00 0 
7fec7a5fb000-7fec7a6f7000 rw-p 00000000 00:00 0 
7fec7a6f7000-7fec7a6f8000 ---p 00000000 00:00 0 
7fec7a6f8000-7fec7a6fc000 ---p 00000000 00:00 0 
7fec7a6fc000-7fec7a7f8000 rw-p 00000000 00:00 0 
7fec7a7f8000-7fec7a7f9000 ---p 00000000 00:00 0 
7fec7a7f9000-7fec7a7fd000 ---p 00000000 00:00 0 
7fec7a7fd000-7fec7a8f9000 rw-p 00000000 00:00 0 
7fec7a8f9000-7fec7a8fa000 ---p 00000000 00:00 0 
7fec7a8fa000-7fec7a8fe000 ---p 00000000 00:00 0 
7fec7a8fe000-7fec7a9fa000 rw-p 00000000 00:00 0 
7fec7a9fa000-7fec7a9fb000 ---p 00000000 00:00 0 
7fec7a9fb000-7fec7a9ff000 ---p 00000000 00:00 0 
7fec7a9ff000-7fec7aafb000 rw-p 00000000 00:00 0 
7fec7aafb000-7fec7aafc000 ---p 00000000 00:00 0 
7fec7aafc000-7fec7ab00000 ---p 00000000 00:00 0 
7fec7ab00000-7fec7abfc000 rw-p 00000000 00:00 0 
7fec7abfc000-7fec7abfd000 ---p 00000000 00:00 0 
7fec7abfd000-7fec7ac01000 ---p 00000000 00:00 0 
7fec7ac01000-7fec7acfd000 rw-p 00000000 00:00 0 
7fec7acfd000-7fec7acfe000 ---p 00000000 00:00 0 
7fec7acfe000-7fec7ad02000 ---p 00000000 00:00 0 
7fec7ad02000-7fec7adfe000 rw-p 00000000 00:00 0 
7fec7adfe000-7fec7adff000 ---p 00000000 00:00 0 
7fec7adff000-7fec7ae03000 ---p 00000000 00:00 0 
7fec7ae03000-7fec7aeff000 rw-p 00000000 00:00 0 
7fec7aeff000-7fec7af00000 ---p 00000000 00:00 0 
7fec7af00000-7fec7af04000 ---p 00000000 00:00 0 
7fec7af04000-7fec7b000000 rw-p 00000000 00:00 0 
7fec7b000000-7fec7b455000 rw-p 00001000 fe:00 136245                     /usr/lib/jvm/java-17-openjdk-amd64/lib/server/classes.jsa
7fec7b455000-7fec7bbca000 rw-p 00456000 fe:00 136245                     /usr/lib/jvm/java-17-openjdk-amd64/lib/server/classes.jsa
7fec7bbca000-7fec7c000000 ---p 00000000 00:00 0 
7fec7c000000-7fec7c040000 rw-p 00000000 00:00 0 
7fec7c040000-7fec7c080000 rw-p 00000000 00:00 0 
7fec7c080000-7fec7c140000 rw-p 00000000 00:00 0 
7fec7c140000-7fec7c180000 rw-p 00000000 00:00 0 
7fec7c180000-7fec7c3c0000 rw-p 00000000 00:00 0 
7fec7c3c0000-7fec7c880000 rw-p 00000000 00:00 0 
7fec7c880000-7fec7cc80000 rw-p 00000000 00:00 0 
7fec7cc80000-7fec7cd40000 rw-p 00000000 00:00 0 
7fec7cd40000-7fec7cdc0000 rw-p 00000000 00:00 0 
7fec7cdc0000-7fec7cec0000 rw-p 00000000 00:00 0 
7fec7cec0000-7fec7cf00000 rw-p 00000000 00:00 0 
7fec7cf00000-7fec7d840000 rw-p 00000000 00:00 0 
7fec7d840000-7fec7d850000 rw-p 00000000 00:00 0 
7fec7d850000-7fec7d880000 ---p 00000000 00:00 0 
7fec7d880000-7fec7da40000 rw-p 00000000 00:00 0 
7fec7da40000-7fecbc000000 ---p 00000000 00:00 0 
7fecbc000000-7fecbc118000 rw-p 00000000 00:00 0 
7fecbc118000-7fecc0000000 ---p 00000000 00:00 0 
7fecc0000000-7fecc0400000 rw-p 00000000 00:00 0 
7fecc0400000-7fecc0900000 rw-p 00000000 00:00 0 
7fecc0900000-7fecc13c0000 rw-p 00000000 00:00 0 
7fecc13c0000-7fecc1400000 rw-p 00000000 00:00 0 
7fecc1400000-7fecc1540000 rw-p 00000000 00:00 0 
7fecc1540000-7fecc1580000 rw-p 00000000 00:00 0 
7fecc1580000-7fecc1980000 rw-p 00000000 00:00 0 
7fecc1980000-7fecc1a00000 rw-p 00000000 00:00 0 
7fecc1a00000-7fecc1f00000 rw-p 00000000 00:00 0 
7fecc1f00000-7fecc2000000 rw-p 00000000 00:00 0 
7fecc2000000-7fecc2d00000 rw-p 00000000 00:00 0 
7fecc2d00000-7fecc2e00000 rw-p 00000000 00:00 0 
7fecc2e00000-7fecc3700000 rw-p 00000000 00:00 0 
7fecc3700000-7fecc3800000 rw-p 00000000 00:00 0 
7fecc3800000-7fecc3a00000 rw-p 00000000 00:00 0 
7fecc3a00000-7fecc4000000 rw-p 00000000 00:00 0 
7fecc4000000-7fecc6a06000 rw-p 00000000 00:00 0 
7fecc6a06000-7fecc8000000 ---p 00000000 00:00 0 
7fecc80e1000-7fecc80e2000 ---p 00000000 00:00 0 
7fecc80e2000-7fecc80e6000 ---p 00000000 00:00 0 
7fecc80e6000-7fecc81e2000 rw-p 00000000 00:00 0 
7fecc81e2000-7fecc81e3000 ---p 00000000 00:00 0 
7fecc81e3000-7fecc81e7000 ---p 00000000 00:00 0 
7fecc81e7000-7fecc82e3000 rw-p 00000000 00:00 0 
7fecc82e3000-7fecc82e4000 ---p 00000000 00:00 0 
7fecc82e4000-7fecc82e8000 ---p 00000000 00:00 0 
7fecc82e8000-7fecc83e4000 rw-p 00000000 00:00 0 
7fecc83e4000-7fecc83e5000 ---p 00000000 00:00 0 
7fecc83e5000-7fecc83e9000 ---p 00000000 00:00 0 
7fecc83e9000-7fecc84e5000 rw-p 00000000 00:00 0 
7fecc84e5000-7fecc84e6000 ---p 00000000 00:00 0 
7fecc84e6000-7fecc84ea000 ---p 00000000 00:00 0 
7fecc84ea000-7fecc85e6000 rw-p 00000000 00:00 0 
7fecc85e6000-7fecc85e7000 ---p 00000000 00:00 0 
7fecc85e7000-7fecc85eb000 ---p 00000000 00:00 0 
7fecc85eb000-7fecc86e7000 rw-p 00000000 00:00 0 
7fecc86e7000-7fecc86e8000 ---p 00000000 00:00 0 
7fecc86e8000-7fecc86ec000 ---p 00000000 00:00 0 
7fecc86ec000-7fecc87e8000 rw-p 00000000 00:00 0 
7fecc87e8000-7fecc87e9000 ---p 00000000 00:00 0 
7fecc87e9000-7fecc87ed000 ---p 00000000 00:00 0 
7fecc87ed000-7fecc88e9000 rw-p 00000000 00:00 0 
7fecc88e9000-7fecc88ea000 ---p 00000000 00:00 0 
7fecc88ea000-7fecc88ee000 ---p 00000000 00:00 0 
7fecc88ee000-7fecc89ea000 rw-p 00000000 00:00 0 
7fecc89ea000-7fecc89eb000 ---p 00000000 00:00 0 
7fecc89eb000-7fecc89ef000 ---p 00000000 00:00 0 
7fecc89ef000-7fecc8aeb000 rw-p 00000000 00:00 0 
7fecc8aeb000-7fecc8aec000 ---p 00000000 00:00 0 
7fecc8aec000-7fecc8af0000 ---p 00000000 00:00 0 
7fecc8af0000-7fecc8bec000 rw-p 00000000 00:00 0 
7fecc8bec000-7fecc8bed000 ---p 00000000 00:00 0 
7fecc8bed000-7fecc8bf1000 ---p 00000000 00:00 0 
7fecc8bf1000-7fecc8ced000 rw-p 00000000 00:00 0 
7fecc8ced000-7fecc8cee000 ---p 00000000 00:00 0 
7fecc8cee000-7fecc8cf2000 ---p 00000000 00:00 0 
7fecc8cf2000-7fecc8dee000 rw-p 00000000 00:00 0 
7fecc8dee000-7fecc8def000 ---p 00000000 00:00 0 
7fecc8def000-7fecc8df3000 ---p 00000000 00:00 0 
7fecc8df3000-7fecc8eef000 rw-p 00000000 00:00 0 
7fecc8eef000-7fecc8ef0000 ---p 00000000 00:00 0 
7fecc8ef0000-7fecc8ef4000 ---p 00000000 00:00 0 
7fecc8ef4000-7fecc8ff0000 rw-p 00000000 00:00 0 
7fecc8ff0000-7fecc8ff1000 ---p 00000000 00:00 0 
7fecc8ff1000-7fecc8ff5000 ---p 00000000 00:00 0 
7fecc8ff5000-7fecc90f1000 rw-p 00000000 00:00 0 
7fecc90f1000-7fecc90f2000 ---p 00000000 00:00 0 
7fecc90f2000-7fecc90f6000 ---p 00000000 00:00 0 
7fecc90f6000-7fecc91f2000 rw-p 00000000 00:00 0 
7fecc91f2000-7fecc91f3000 ---p 00000000 00:00 0 
7fecc91f3000-7fecc91f7000 ---p 00000000 00:00 0 
7fecc91f7000-7fecc92f3000 rw-p 00000000 00:00 0 
7fecc92f3000-7fecc92f4000 ---p 00000000 00:00 0 
7fecc92f4000-7fecc92f8000 ---p 00000000 00:00 0 
7fecc92f8000-7fecc93f4000 rw-p 00000000 00:00 0 
7fecc93f4000-7fecc93f5000 ---p 00000000 00:00 0 
7fecc93f5000-7fecc93f9000 ---p 00000000 00:00 0 
7fecc93f9000-7fecc94f5000 rw-p 00000000 00:00 0 
7fecc94f5000-7fecc94f6000 ---p 00000000 00:00 0 
7fecc94f6000-7fecc94fa000 ---p 00000000 00:00 0 
7fecc94fa000-7fecc95f6000 rw-p 00000000 00:00 0 
7fecc95f6000-7fecc95f7000 ---p 00000000 00:00 0 
7fecc95f7000-7fecc95fb000 ---p 00000000 00:00 0 
7fecc95fb000-7fecc96f7000 rw-p 00000000 00:00 0 
7fecc96f7000-7fecc96f8000 ---p 00000000 00:00 0 
7fecc96f8000-7fecc96fc000 ---p 00000000 00:00 0 
7fecc96fc000-7fecc97f8000 rw-p 00000000 00:00 0 
7fecc97f8000-7fecc97f9000 ---p 00000000 00:00 0 
7fecc97f9000-7fecc97fd000 ---p 00000000 00:00 0 
7fecc97fd000-7fecc98f9000 rw-p 00000000 00:00 0 
7fecc98f9000-7fecc98fa000 ---p 00000000 00:00 0 
7fecc98fa000-7fecc98fe000 ---p 00000000 00:00 0 
7fecc98fe000-7fecc99fa000 rw-p 00000000 00:00 0 
7fecc99fa000-7fecc99fb000 ---p 00000000 00:00 0 
7fecc99fb000-7fecc99ff000 ---p 00000000 00:00 0 
7fecc99ff000-7fecc9afb000 rw-p 00000000 00:00 0 
7fecc9afb000-7fecc9afc000 ---p 00000000 00:00 0 
7fecc9afc000-7fecc9b00000 ---p 00000000 00:00 0 
7fecc9b00000-7fecc9bfc000 rw-p 00000000 00:00 0 
7fecc9bfc000-7fecc9bfd000 ---p 00000000 00:00 0 
7fecc9bfd000-7fecc9c01000 ---p 00000000 00:00 0 
7fecc9c01000-7fecc9cfd000 rw-p 00000000 00:00 0 
7fecc9cfd000-7fecc9cfe000 ---p 00000000 00:00 0 
7fecc9cfe000-7fecc9d02000 ---p 00000000 00:00 0 
7fecc9d02000-7fecc9dfe000 rw-p 00000000 00:00 0 
7fecc9dfe000-7fecc9dff000 ---p 00000000 00:00 0 
7fecc9dff000-7fecc9e03000 ---p 00000000 00:00 0 
7fecc9e03000-7fecc9eff000 rw-p 00000000 00:00 0 
7fecc9eff000-7fecc9f00000 ---p 00000000 00:00 0 
7fecc9f00000-7fecc9f04000 ---p 00000000 00:00 0 
7fecc9f04000-7feccc000000 rw-p 00000000 00:00 0 
7feccc000000-7feccc492000 rw-p 00000000 00:00 0 
7feccc492000-7fecd0000000 ---p 00000000 00:00 0 
7fecd0000000-7fecd0277000 rw-p 00000000 00:00 0 
7fecd0277000-7fecd4000000 ---p 00000000 00:00 0 
7fecd4000000-7fecd40f2000 rw-p 00000000 00:00 0 
7fecd40f2000-7fecd8000000 ---p 00000000 00:00 0 
7fecd80ef000-7fecd80f0000 ---p 00000000 00:00 0 
7fecd80f0000-7fecd80f4000 ---p 00000000 00:00 0 
7fecd80f4000-7fecd81f0000 rw-p 00000000 00:00 0 
7fecd81f0000-7fecd81f1000 ---p 00000000 00:00 0 
7fecd81f1000-7fecd81f5000 ---p 00000000 00:00 0 
7fecd81f5000-7fecd82f1000 rw-p 00000000 00:00 0 
7fecd82f1000-7fecd82f2000 ---p 00000000 00:00 0 
7fecd82f2000-7fecd82f6000 ---p 00000000 00:00 0 
7fecd82f6000-7fecd83f2000 rw-p 00000000 00:00 0 
7fecd83f2000-7fecd83f3000 ---p 00000000 00:00 0 
7fecd83f3000-7fecd83f7000 ---p 00000000 00:00 0 
7fecd83f7000-7fecd84f3000 rw-p 00000000 00:00 0 
7fecd84f3000-7fecd84f4000 ---p 00000000 00:00 0 
7fecd84f4000-7fecd84f8000 ---p 00000000 00:00 0 
7fecd84f8000-7fecd85f4000 rw-p 00000000 00:00 0 
7fecd85f4000-7fecd85f5000 ---p 00000000 00:00 0 
7fecd85f5000-7fecd85f9000 ---p 00000000 00:00 0 
7fecd85f9000-7fecd86f5000 rw-p 00000000 00:00 0 
7fecd8703000-7fecd8704000 ---p 00000000 00:00 0 
7fecd8704000-7fecd8708000 ---p 00000000 00:00 0 
7fecd8708000-7fecd8804000 rw-p 00000000 00:00 0 
7fecd8804000-7fecd8805000 ---p 00000000 00:00 0 
7fecd8805000-7fecd8809000 ---p 00000000 00:00 0 
7fecd8809000-7fecd8905000 rw-p 00000000 00:00 0 
7fecd8905000-7fecd8906000 ---p 00000000 00:00 0 
7fecd8906000-7fecd890a000 ---p 00000000 00:00 0 
7fecd890a000-7fecd8a06000 rw-p 00000000 00:00 0 
7fecd8a06000-7fecd8a07000 ---p 00000000 00:00 0 
7fecd8a07000-7fecd8a0b000 ---p 00000000 00:00 0 
7fecd8a0b000-7fecd8b07000 rw-p 00000000 00:00 0 
7fecd8b07000-7fecd8b08000 ---p 00000000 00:00 0 
7fecd8b08000-7fecd8b0c000 ---p 00000000 00:00 0 
7fecd8b0c000-7fecd8c08000 rw-p 00000000 00:00 0 
7fecd8c08000-7fecd8c09000 ---p 00000000 00:00 0 
7fecd8c09000-7fecd8c0d000 ---p 00000000 00:00 0 
7fecd8c0d000-7fecd8d09000 rw-p 00000000 00:00 0 
7fecd8d09000-7fecd8d0a000 ---p 00000000 00:00 0 
7fecd8d0a000-7fecd8d0e000 ---p 00000000 00:00 0 
7fecd8d0e000-7fecd8e0a000 rw-p 00000000 00:00 0 
7fecd8e0a000-7fecd8e0b000 ---p 00000000 00:00 0 
7fecd8e0b000-7fecd8e0f000 ---p 00000000 00:00 0 
7fecd8e0f000-7fecd8f0b000 rw-p 00000000 00:00 0 
7fecd8f0b000-7fecd8f0c000 ---p 00000000 00:00 0 
7fecd8f0c000-7fecd8f10000 ---p 00000000 00:00 0 
7fecd8f10000-7fecd900c000 rw-p 00000000 00:00 0 
7fecd900c000-7fecd900d000 ---p 00000000 00:00 0 
7fecd900d000-7fecd9011000 ---p 00000000 00:00 0 
7fecd9011000-7fecd910d000 rw-p 00000000 00:00 0 
7fecd910d000-7fecd910e000 ---p 00000000 00:00 0 
7fecd910e000-7fecd9112000 ---p 00000000 00:00 0 
7fecd9112000-7fecd920e000 rw-p 00000000 00:00 0 
7fecd920e000-7fecd920f000 ---p 00000000 00:00 0 
7fecd920f000-7fecd9213000 ---p 00000000 00:00 0 
7fecd9213000-7fecd930f000 rw-p 00000000 00:00 0 
7fecd930f000-7fecd9310000 ---p 00000000 00:00 0 
7fecd9310000-7fecd9314000 ---p 00000000 00:00 0 
7fecd9314000-7fecd9410000 rw-p 00000000 00:00 0 
7fecd9410000-7fecd9411000 ---p 00000000 00:00 0 
7fecd9411000-7fecd9415000 ---p 00000000 00:00 0 
7fecd9415000-7fecda451000 rw-p 00000000 00:00 0 
7fecda451000-7fecdd501000 ---p 00000000 00:00 0 
7fecdd501000-7fecde451000 rw-p 00000000 00:00 0 
7fecde451000-7fece1501000 ---p 00000000 00:00 0 
7fece1501000-7fece1511000 rw-p 00000000 00:00 0 
7fece1511000-7fece4a71000 rwxp 00000000 00:00 0 
7fece4a71000-7fece8a49000 ---p 00000000 00:00 0 
7fece8a49000-7fece8cb9000 rwxp 00000000 00:00 0 
7fece8cb9000-7fece8fd8000 ---p 00000000 00:00 0 
7fece8fd8000-7fece9bd8000 rwxp 00000000 00:00 0 
7fece9bd8000-7fecf0511000 ---p 00000000 00:00 0 
7fecf0511000-7fecf8000000 r--s 00000000 fe:00 136242                     /usr/lib/jvm/java-17-openjdk-amd64/lib/modules
7fecf8000000-7fecf95e6000 rw-p 00000000 00:00 0 
7fecf95e6000-7fecfc000000 ---p 00000000 00:00 0 
7fecfc00b000-7fecfc035000 r--p 00000000 fe:00 136178                     /usr/lib/jvm/java-17-openjdk-amd64/lib/libawt.so
7fecfc035000-7fecfc0c1000 r-xp 0002a000 fe:00 136178                     /usr/lib/jvm/java-17-openjdk-amd64/lib/libawt.so
7fecfc0c1000-7fecfc0ce000 r--p 000b6000 fe:00 136178                     /usr/lib/jvm/java-17-openjdk-amd64/lib/libawt.so
7fecfc0ce000-7fecfc0cf000 r--p 000c2000 fe:00 136178                     /usr/lib/jvm/java-17-openjdk-amd64/lib/libawt.so
7fecfc0cf000-7fecfc0da000 rw-p 000c3000 fe:00 136178                     /usr/lib/jvm/java-17-openjdk-amd64/lib/libawt.so
7fecfc0da000-7fecfc0ff000 rw-p 00000000 00:00 0 
7fecfc0ff000-7fecfc100000 ---p 00000000 00:00 0 
7fecfc100000-7fecfc104000 ---p 00000000 00:00 0 
7fecfc104000-7fecfc200000 rw-p 00000000 00:00 0 
7fecfc200000-7fecfc205000 r-xp 00000000 fe:00 134860                     /root/.gradle/native/660c5614fbf4a5f2a75b1949f50a0caf5cd603558e7d8a26e50b933a0cfb79d1/linux-amd64/libnative-platform.so
7fecfc205000-7fecfc405000 ---p 00005000 fe:00 134860                     /root/.gradle/native/660c5614fbf4a5f2a75b1949f50a0caf5cd603558e7d8a26e50b933a0cfb79d1/linux-amd64/libnative-platform.so
7fecfc405000-7fecfc406000 r--p 00005000 fe:00 134860                     /root/.gradle/native/660c5614fbf4a5f2a75b1949f50a0caf5cd603558e7d8a26e50b933a0cfb79d1/linux-amd64/libnative-platform.so
7fecfc406000-7fecfc407000 rw-p 00006000 fe:00 134860                     /root/.gradle/native/660c5614fbf4a5f2a75b1949f50a0caf5cd603558e7d8a26e50b933a0cfb79d1/linux-amd64/libnative-platform.so
7fecfc455000-7fecfc458000 r--p 00000000 fe:00 136180                     /usr/lib/jvm/java-17-openjdk-amd64/lib/libawt_headless.so
7fecfc458000-7fecfc45c000 r-xp 00003000 fe:00 136180                     /usr/lib/jvm/java-17-openjdk-amd64/lib/libawt_headless.so
7fecfc45c000-7fecfc45e000 r--p 00007000 fe:00 136180                     /usr/lib/jvm/java-17-openjdk-amd64/lib/libawt_headless.so
7fecfc45e000-7fecfc45f000 r--p 00008000 fe:00 136180                     /usr/lib/jvm/java-17-openjdk-amd64/lib/libawt_headless.so
7fecfc45f000-7fecfc460000 rw-p 00009000 fe:00 136180                     /usr/lib/jvm/java-17-openjdk-amd64/lib/libawt_headless.so
7fecfc460000-7fecfc461000 ---p 00000000 00:00 0 
7fecfc461000-7fecfc465000 ---p 00000000 00:00 0 
7fecfc465000-7fecfc483000 rw-p 00000000 00:00 0 
7fecfc483000-7fecfc484000 r--p 00000000 fe:00 136184                     /usr/lib/jvm/java-17-openjdk-amd64/lib/libextnet.so
7fecfc484000-7fecfc485000 r-xp 00001000 fe:00 136184                     /usr/lib/jvm/java-17-openjdk-amd64/lib/libextnet.so
7fecfc485000-7fecfc486000 r--p 00002000 fe:00 136184                     /usr/lib/jvm/java-17-openjdk-amd64/lib/libextnet.so
7fecfc486000-7fecfc487000 r--p 00002000 fe:00 136184                     /usr/lib/jvm/java-17-openjdk-amd64/lib/libextnet.so
7fecfc487000-7fecfc488000 rw-p 00003000 fe:00 136184                     /usr/lib/jvm/java-17-openjdk-amd64/lib/libextnet.so
7fecfc488000-7fecfc48a000 r--p 00000000 fe:00 136220                     /usr/lib/jvm/java-17-openjdk-amd64/lib/libmanagement_ext.so
7fecfc48a000-7fecfc48d000 r-xp 00002000 fe:00 136220                     /usr/lib/jvm/java-17-openjdk-amd64/lib/libmanagement_ext.so
7fecfc48d000-7fecfc48e000 r--p 00005000 fe:00 136220                     /usr/lib/jvm/java-17-openjdk-amd64/lib/libmanagement_ext.so
7fecfc48e000-7fecfc48f000 r--p 00006000 fe:00 136220                     /usr/lib/jvm/java-17-openjdk-amd64/lib/libmanagement_ext.so
7fecfc48f000-7fecfc490000 rw-p 00007000 fe:00 136220                     /usr/lib/jvm/java-17-openjdk-amd64/lib/libmanagement_ext.so
7fecfc490000-7fecfc491000 r--p 00000000 00:25 17896                      /usr/lib/x86_64-linux-gnu/libdl.so.2
7fecfc491000-7fecfc492000 r-xp 00001000 00:25 17896                      /usr/lib/x86_64-linux-gnu/libdl.so.2
7fecfc492000-7fecfc493000 r--p 00002000 00:25 17896                      /usr/lib/x86_64-linux-gnu/libdl.so.2
7fecfc493000-7fecfc494000 r--p 00002000 00:25 17896                      /usr/lib/x86_64-linux-gnu/libdl.so.2
7fecfc494000-7fecfc495000 rw-p 00003000 00:25 17896                      /usr/lib/x86_64-linux-gnu/libdl.so.2
7fecfc495000-7fecfc496000 r--p 00000000 00:25 18147                      /usr/lib/x86_64-linux-gnu/libpthread.so.0
7fecfc496000-7fecfc497000 r-xp 00001000 00:25 18147                      /usr/lib/x86_64-linux-gnu/libpthread.so.0
7fecfc497000-7fecfc498000 r--p 00002000 00:25 18147                      /usr/lib/x86_64-linux-gnu/libpthread.so.0
7fecfc498000-7fecfc499000 r--p 00002000 00:25 18147                      /usr/lib/x86_64-linux-gnu/libpthread.so.0
7fecfc499000-7fecfc49a000 rw-p 00003000 00:25 18147                      /usr/lib/x86_64-linux-gnu/libpthread.so.0
7fecfc49a000-7fecfc4d6000 r--p 00000000 fe:00 393227                     /root/.gradle/native/0.2.8/x86_64-linux-gnu/libgradle-fileevents.so
7fecfc4d6000-7fecfc51e000 r-xp 0003b000 fe:00 393227                     /root/.gradle/native/0.2.8/x86_64-linux-gnu/libgradle-fileevents.so
7fecfc51e000-7fecfc527000 r--p 00082000 fe:00 393227                     /root/.gradle/native/0.2.8/x86_64-linux-gnu/libgradle-fileevents.so
7fecfc527000-7fecfc528000 rw-p 0008a000 fe:00 393227                     /root/.gradle/native/0.2.8/x86_64-linux-gnu/libgradle-fileevents.so
7fecfc528000-7fecfc52a000 rw-p 00000000 00:00 0 
7fecfc52a000-7fecfc52e000 r--p 00000000 fe:00 136238                     /usr/lib/jvm/java-17-openjdk-amd64/lib/libverify.so
7fecfc52e000-7fecfc535000 r-xp 00004000 fe:00 136238                     /usr/lib/jvm/java-17-openjdk-amd64/lib/libverify.so
7fecfc535000-7fecfc537000 r--p 0000b000 fe:00 136238                     /usr/lib/jvm/java-17-openjdk-amd64/lib/libverify.so
7fecfc537000-7fecfc539000 r--p 0000c000 fe:00 136238                     /usr/lib/jvm/java-17-openjdk-amd64/lib/libverify.so
7fecfc539000-7fecfc53a000 rw-p 0000e000 fe:00 136238                     /usr/lib/jvm/java-17-openjdk-amd64/lib/libverify.so
7fecfc53a000-7fecfc53b000 ---p 00000000 00:00 0 
7fecfc53b000-7fecfc63b000 rw-p 00000000 00:00 0 
7fecfc63b000-7fecfc63c000 ---p 00000000 00:00 0 
7fecfc63c000-7fecfc73c000 rw-p 00000000 00:00 0 
7fecfc73c000-7fecfc73d000 ---p 00000000 00:00 0 
7fecfc73d000-7fecfc83d000 rw-p 00000000 00:00 0 
7fecfc83d000-7fecfc83e000 ---p 00000000 00:00 0 
7fecfc83e000-7fecfc842000 ---p 00000000 00:00 0 
7fecfc842000-7fecfc93e000 rw-p 00000000 00:00 0 
7fecfc93e000-7fecfc942000 r--p 00000000 fe:00 136224                     /usr/lib/jvm/java-17-openjdk-amd64/lib/libnet.so
7fecfc942000-7fecfc950000 r-xp 00004000 fe:00 136224                     /usr/lib/jvm/java-17-openjdk-amd64/lib/libnet.so
7fecfc950000-7fecfc954000 r--p 00012000 fe:00 136224                     /usr/lib/jvm/java-17-openjdk-amd64/lib/libnet.so
7fecfc954000-7fecfc955000 r--p 00015000 fe:00 136224                     /usr/lib/jvm/java-17-openjdk-amd64/lib/libnet.so
7fecfc955000-7fecfc956000 rw-p 00016000 fe:00 136224                     /usr/lib/jvm/java-17-openjdk-amd64/lib/libnet.so
7fecfc956000-7fecfc957000 ---p 00000000 00:00 0 
7fecfc957000-7fecfc95b000 ---p 00000000 00:00 0 
7fecfc95b000-7fecfca57000 rw-p 00000000 00:00 0 
7fecfca57000-7fecfca58000 ---p 00000000 00:00 0 
7fecfca58000-7fecfca5c000 ---p 00000000 00:00 0 
7fecfca5c000-7fecfcb58000 rw-p 00000000 00:00 0 
7fecfcb58000-7fecfcb59000 ---p 00000000 00:00 0 
7fecfcb59000-7fecfcb5d000 ---p 00000000 00:00 0 
7fecfcb5d000-7fecfcc59000 rw-p 00000000 00:00 0 
7fecfcc59000-7fecfcc5a000 ---p 00000000 00:00 0 
7fecfcc5a000-7fecfcc5e000 ---p 00000000 00:00 0 
7fecfcc5e000-7fecfcd5a000 rw-p 00000000 00:00 0 
7fecfcd5a000-7fecfcd5b000 ---p 00000000 00:00 0 
7fecfcd5b000-7fecfcd5f000 ---p 00000000 00:00 0 
7fecfcd5f000-7fecfce5b000 rw-p 00000000 00:00 0 
7fecfce5b000-7fecfce5c000 ---p 00000000 00:00 0 
7fecfce5c000-7fecfce60000 ---p 00000000 00:00 0 
7fecfce60000-7fecfcf5c000 rw-p 00000000 00:00 0 
7fecfcf5c000-7fecfcf5d000 ---p 00000000 00:00 0 
7fecfcf5d000-7fecfcf61000 ---p 00000000 00:00 0 
7fecfcf61000-7fecfd05d000 rw-p 00000000 00:00 0 
7fecfd05d000-7fecfd0b4000 r--p 00000000 00:25 13882                      /usr/lib/locale/C.utf8/LC_CTYPE
7fecfd0b4000-7fecfd0b5000 ---p 00000000 00:00 0 
7fecfd0b5000-7fecfd0b9000 ---p 00000000 00:00 0 
7fecfd0b9000-7fecfd1b5000 rw-p 00000000 00:00 0 
7fecfd1b5000-7fecfd1b6000 ---p 00000000 00:00 0 
7fecfd1b6000-7fecfd1ba000 ---p 00000000 00:00 0 
7fecfd1ba000-7fecfd2b6000 rw-p 00000000 00:00 0 
7fecfd2b6000-7fecfd2b7000 ---p 00000000 00:00 0 
7fecfd2b7000-7fecfd3b7000 rw-p 00000000 00:00 0 
7fecfd3b7000-7fecfd3bc000 r--p 00000000 fe:00 136212                     /usr/lib/jvm/java-17-openjdk-amd64/lib/libjsvml.so
7fecfd3bc000-7fecfd3fd000 r-xp 00005000 fe:00 136212                     /usr/lib/jvm/java-17-openjdk-amd64/lib/libjsvml.so
7fecfd3fd000-7fecfd486000 r--p 00046000 fe:00 136212                     /usr/lib/jvm/java-17-openjdk-amd64/lib/libjsvml.so
7fecfd486000-7fecfd487000 r--p 000ce000 fe:00 136212                     /usr/lib/jvm/java-17-openjdk-amd64/lib/libjsvml.so
7fecfd487000-7fecfd488000 rw-p 000cf000 fe:00 136212                     /usr/lib/jvm/java-17-openjdk-amd64/lib/libjsvml.so
7fecfd488000-7fecfd5a5000 rw-p 00000000 00:00 0 
7fecfd5a8000-7fecfd5aa000 r--p 00000000 fe:00 136216                     /usr/lib/jvm/java-17-openjdk-amd64/lib/libmanagement.so
7fecfd5aa000-7fecfd5ab000 r-xp 00002000 fe:00 136216                     /usr/lib/jvm/java-17-openjdk-amd64/lib/libmanagement.so
7fecfd5ab000-7fecfd5ac000 r--p 00003000 fe:00 136216                     /usr/lib/jvm/java-17-openjdk-amd64/lib/libmanagement.so
7fecfd5ac000-7fecfd5ad000 r--p 00003000 fe:00 136216                     /usr/lib/jvm/java-17-openjdk-amd64/lib/libmanagement.so
7fecfd5ad000-7fecfd5ae000 rw-p 00004000 fe:00 136216                     /usr/lib/jvm/java-17-openjdk-amd64/lib/libmanagement.so
7fecfd5ae000-7fecfd5b5000 r--p 00000000 fe:00 136226                     /usr/lib/jvm/java-17-openjdk-amd64/lib/libnio.so
7fecfd5b5000-7fecfd5be000 r-xp 00007000 fe:00 136226                     /usr/lib/jvm/java-17-openjdk-amd64/lib/libnio.so
7fecfd5be000-7fecfd5c2000 r--p 00010000 fe:00 136226                     /usr/lib/jvm/java-17-openjdk-amd64/lib/libnio.so
7fecfd5c2000-7fecfd5c3000 r--p 00014000 fe:00 136226                     /usr/lib/jvm/java-17-openjdk-amd64/lib/libnio.so
7fecfd5c3000-7fecfd5c4000 rw-p 00015000 fe:00 136226                     /usr/lib/jvm/java-17-openjdk-amd64/lib/libnio.so
7fecfd5c4000-7fecfd5c6000 r--p 00000000 fe:00 136240                     /usr/lib/jvm/java-17-openjdk-amd64/lib/libzip.so
7fecfd5c6000-7fecfd5ca000 r-xp 00002000 fe:00 136240                     /usr/lib/jvm/java-17-openjdk-amd64/lib/libzip.so
7fecfd5ca000-7fecfd5cc000 r--p 00006000 fe:00 136240                     /usr/lib/jvm/java-17-openjdk-amd64/lib/libzip.so
7fecfd5cc000-7fecfd5cd000 r--p 00007000 fe:00 136240                     /usr/lib/jvm/java-17-openjdk-amd64/lib/libzip.so
7fecfd5cd000-7fecfd5ce000 rw-p 00008000 fe:00 136240                     /usr/lib/jvm/java-17-openjdk-amd64/lib/libzip.so
7fecfd5ce000-7fecfd5cf000 r--p 00000000 00:25 13888                      /usr/lib/locale/C.utf8/LC_NUMERIC
7fecfd5cf000-7fecfd5d0000 r--p 00000000 00:25 13891                      /usr/lib/locale/C.utf8/LC_TIME
7fecfd5d0000-7fecfd5d1000 r--p 00000000 00:25 13881                      /usr/lib/locale/C.utf8/LC_COLLATE
7fecfd5d1000-7fecfd5d2000 r--p 00000000 00:25 13886                      /usr/lib/locale/C.utf8/LC_MONETARY
7fecfd5d2000-7fecfd5d3000 r--p 00000000 00:25 13885                      /usr/lib/locale/C.utf8/LC_MESSAGES/SYS_LC_MESSAGES
7fecfd5d3000-7fecfd5d4000 r--p 00000000 00:25 13889                      /usr/lib/locale/C.utf8/LC_PAPER
7fecfd5d4000-7fecfd5d5000 r--p 00000000 00:25 13887                      /usr/lib/locale/C.utf8/LC_NAME
7fecfd5d5000-7fecfd5dc000 r--s 00000000 00:25 17572                      /usr/lib/x86_64-linux-gnu/gconv/gconv-modules.cache
7fecfd5dc000-7fecfd5dd000 ---p 00000000 00:00 0 
7fecfd5dd000-7fecfd6dd000 rw-p 00000000 00:00 0 
7fecfd6dd000-7fecfd6de000 ---p 00000000 00:00 0 
7fecfd6de000-7fecfd9e0000 rw-p 00000000 00:00 0 
7fecfd9e0000-7fecfd9e1000 ---p 00000000 00:00 0 
7fecfd9e1000-7fecfdae1000 rw-p 00000000 00:00 0 
7fecfdae1000-7fecfdae2000 ---p 00000000 00:00 0 
7fecfdae2000-7fecfdbe2000 rw-p 00000000 00:00 0 
7fecfdbe2000-7fecfdbe3000 ---p 00000000 00:00 0 
7fecfdbe3000-7fecfdf10000 rw-p 00000000 00:00 0 
7fecfdf10000-7fecfe526000 ---p 00000000 00:00 0 
7fecfe526000-7fecfe710000 rw-p 00000000 00:00 0 
7fecfe710000-7fecfed26000 ---p 00000000 00:00 0 
7fecfed26000-7fecfef10000 rw-p 00000000 00:00 0 
7fecfef10000-7fecff526000 ---p 00000000 00:00 0 
7fecff526000-7fecff742000 rw-p 00000000 00:00 0 
7fecff742000-7fecff815000 ---p 00000000 00:00 0 
7fecff815000-7fecff880000 rw-p 00000000 00:00 0 
7fecff880000-7fecff900000 ---p 00000000 00:00 0 
7fecff900000-7fecff905000 rw-p 00000000 00:00 0 
7fecff905000-7fecff90c000 ---p 00000000 00:00 0 
7fecff90c000-7fecff914000 rw-s 00000000 fe:00 137706                     /tmp/hsperfdata_root/3967
7fecff914000-7fecff920000 r--p 00000000 fe:00 136198                     /usr/lib/jvm/java-17-openjdk-amd64/lib/libjava.so
7fecff920000-7fecff931000 r-xp 0000c000 fe:00 136198                     /usr/lib/jvm/java-17-openjdk-amd64/lib/libjava.so
7fecff931000-7fecff937000 r--p 0001d000 fe:00 136198                     /usr/lib/jvm/java-17-openjdk-amd64/lib/libjava.so
7fecff937000-7fecff938000 r--p 00022000 fe:00 136198                     /usr/lib/jvm/java-17-openjdk-amd64/lib/libjava.so
7fecff938000-7fecff939000 rw-p 00023000 fe:00 136198                     /usr/lib/jvm/java-17-openjdk-amd64/lib/libjava.so
7fecff939000-7fecff93a000 rw-p 00000000 00:00 0 
7fecff93a000-7fecff93b000 r--p 00000000 fe:00 136188                     /usr/lib/jvm/java-17-openjdk-amd64/lib/libinstrument.so
7fecff93b000-7fecff941000 r-xp 00001000 fe:00 136188                     /usr/lib/jvm/java-17-openjdk-amd64/lib/libinstrument.so
7fecff941000-7fecff944000 r--p 00007000 fe:00 136188                     /usr/lib/jvm/java-17-openjdk-amd64/lib/libinstrument.so
7fecff944000-7fecff945000 r--p 00009000 fe:00 136188                     /usr/lib/jvm/java-17-openjdk-amd64/lib/libinstrument.so
7fecff945000-7fecff946000 rw-p 0000a000 fe:00 136188                     /usr/lib/jvm/java-17-openjdk-amd64/lib/libinstrument.so
7fecff946000-7fecff948000 r--p 00000000 fe:00 136204                     /usr/lib/jvm/java-17-openjdk-amd64/lib/libjimage.so
7fecff948000-7fecff94b000 r-xp 00002000 fe:00 136204                     /usr/lib/jvm/java-17-openjdk-amd64/lib/libjimage.so
7fecff94b000-7fecff94c000 r--p 00005000 fe:00 136204                     /usr/lib/jvm/java-17-openjdk-amd64/lib/libjimage.so
7fecff94c000-7fecff94d000 r--p 00006000 fe:00 136204                     /usr/lib/jvm/java-17-openjdk-amd64/lib/libjimage.so
7fecff94d000-7fecff94e000 rw-p 00007000 fe:00 136204                     /usr/lib/jvm/java-17-openjdk-amd64/lib/libjimage.so
7fecff94e000-7fecff952000 ---p 00000000 00:00 0 
7fecff952000-7fecffa4e000 rw-p 00000000 00:00 0 
7fecffa4e000-7fecffa51000 r--p 00000000 00:25 17958                      /usr/lib/x86_64-linux-gnu/libgcc_s.so.1
7fecffa51000-7fecffa68000 r-xp 00003000 00:25 17958                      /usr/lib/x86_64-linux-gnu/libgcc_s.so.1
7fecffa68000-7fecffa6c000 r--p 0001a000 00:25 17958                      /usr/lib/x86_64-linux-gnu/libgcc_s.so.1
7fecffa6c000-7fecffa6d000 r--p 0001d000 00:25 17958                      /usr/lib/x86_64-linux-gnu/libgcc_s.so.1
7fecffa6d000-7fecffa6e000 rw-p 0001e000 00:25 17958                      /usr/lib/x86_64-linux-gnu/libgcc_s.so.1
7fecffa6e000-7fecffa7e000 r--p 00000000 00:25 18057                      /usr/lib/x86_64-linux-gnu/libm.so.6
7fecffa7e000-7fecffaf2000 r-xp 00010000 00:25 18057                      /usr/lib/x86_64-linux-gnu/libm.so.6
7fecffaf2000-7fecffb4c000 r--p 00084000 00:25 18057                      /usr/lib/x86_64-linux-gnu/libm.so.6
7fecffb4c000-7fecffb4d000 r--p 000dd000 00:25 18057                      /usr/lib/x86_64-linux-gnu/libm.so.6
7fecffb4d000-7fecffb4e000 rw-p 000de000 00:25 18057                      /usr/lib/x86_64-linux-gnu/libm.so.6
7fecffb4e000-7fecffbe7000 r--p 00000000 00:25 18224                      /usr/lib/x86_64-linux-gnu/libstdc++.so.6.0.30
7fecffbe7000-7fecffce8000 r-xp 00099000 00:25 18224                      /usr/lib/x86_64-linux-gnu/libstdc++.so.6.0.30
7fecffce8000-7fecffd57000 r--p 0019a000 00:25 18224                      /usr/lib/x86_64-linux-gnu/libstdc++.so.6.0.30
7fecffd57000-7fecffd62000 r--p 00209000 00:25 18224                      /usr/lib/x86_64-linux-gnu/libstdc++.so.6.0.30
7fecffd62000-7fecffd65000 rw-p 00214000 00:25 18224                      /usr/lib/x86_64-linux-gnu/libstdc++.so.6.0.30
7fecffd65000-7fecffd68000 rw-p 00000000 00:00 0 
7fecffd68000-7fecfffb9000 r--p 00000000 fe:00 136249                     /usr/lib/jvm/java-17-openjdk-amd64/lib/server/libjvm.so
7fecfffb9000-7fed00d0b000 r-xp 00251000 fe:00 136249                     /usr/lib/jvm/java-17-openjdk-amd64/lib/server/libjvm.so
7fed00d0b000-7fed00f8d000 r--p 00fa3000 fe:00 136249                     /usr/lib/jvm/java-17-openjdk-amd64/lib/server/libjvm.so
7fed00f8d000-7fed01045000 r--p 01225000 fe:00 136249                     /usr/lib/jvm/java-17-openjdk-amd64/lib/server/libjvm.so
7fed01045000-7fed0107a000 rw-p 012dd000 fe:00 136249                     /usr/lib/jvm/java-17-openjdk-amd64/lib/server/libjvm.so
7fed0107a000-7fed010d6000 rw-p 00000000 00:00 0 
7fed010d6000-7fed010fc000 r--p 00000000 00:25 17847                      /usr/lib/x86_64-linux-gnu/libc.so.6
7fed010fc000-7fed01252000 r-xp 00026000 00:25 17847                      /usr/lib/x86_64-linux-gnu/libc.so.6
7fed01252000-7fed012a5000 r--p 0017c000 00:25 17847                      /usr/lib/x86_64-linux-gnu/libc.so.6
7fed012a5000-7fed012a9000 r--p 001cf000 00:25 17847                      /usr/lib/x86_64-linux-gnu/libc.so.6
7fed012a9000-7fed012ab000 rw-p 001d3000 00:25 17847                      /usr/lib/x86_64-linux-gnu/libc.so.6
7fed012ab000-7fed012b8000 rw-p 00000000 00:00 0 
7fed012b8000-7fed012ba000 r--p 00000000 fe:00 136206                     /usr/lib/jvm/java-17-openjdk-amd64/lib/libjli.so
7fed012ba000-7fed012c3000 r-xp 00002000 fe:00 136206                     /usr/lib/jvm/java-17-openjdk-amd64/lib/libjli.so
7fed012c3000-7fed012c6000 r--p 0000b000 fe:00 136206                     /usr/lib/jvm/java-17-openjdk-amd64/lib/libjli.so
7fed012c6000-7fed012c7000 r--p 0000d000 fe:00 136206                     /usr/lib/jvm/java-17-openjdk-amd64/lib/libjli.so
7fed012c7000-7fed012c8000 rw-p 0000e000 fe:00 136206                     /usr/lib/jvm/java-17-openjdk-amd64/lib/libjli.so
7fed012c8000-7fed012cb000 r--p 00000000 00:25 1006                       /usr/lib/x86_64-linux-gnu/libz.so.1.2.13
7fed012cb000-7fed012de000 r-xp 00003000 00:25 1006                       /usr/lib/x86_64-linux-gnu/libz.so.1.2.13
7fed012de000-7fed012e5000 r--p 00016000 00:25 1006                       /usr/lib/x86_64-linux-gnu/libz.so.1.2.13
7fed012e5000-7fed012e6000 r--p 0001c000 00:25 1006                       /usr/lib/x86_64-linux-gnu/libz.so.1.2.13
7fed012e6000-7fed012e7000 rw-p 0001d000 00:25 1006                       /usr/lib/x86_64-linux-gnu/libz.so.1.2.13
7fed012e7000-7fed012e8000 r--p 00000000 00:25 13880                      /usr/lib/locale/C.utf8/LC_ADDRESS
7fed012e8000-7fed012e9000 r--p 00000000 00:25 13890                      /usr/lib/locale/C.utf8/LC_TELEPHONE
7fed012e9000-7fed012ea000 r--p 00000000 00:25 13884                      /usr/lib/locale/C.utf8/LC_MEASUREMENT
7fed012ea000-7fed012eb000 r--p 00000000 00:25 13883                      /usr/lib/locale/C.utf8/LC_IDENTIFICATION
7fed012eb000-7fed012ec000 ---p 00000000 00:00 0 
7fed012ec000-7fed012ed000 r--p 00000000 00:00 0 
7fed012ed000-7fed012ee000 ---p 00000000 00:00 0 
7fed012ee000-7fed012f0000 rw-p 00000000 00:00 0 
7fed012f0000-7fed012f1000 r--p 00000000 00:25 17633                      /usr/lib/x86_64-linux-gnu/ld-linux-x86-64.so.2
7fed012f1000-7fed01317000 r-xp 00001000 00:25 17633                      /usr/lib/x86_64-linux-gnu/ld-linux-x86-64.so.2
7fed01317000-7fed01321000 r--p 00027000 00:25 17633                      /usr/lib/x86_64-linux-gnu/ld-linux-x86-64.so.2
7fed01321000-7fed01323000 r--p 00031000 00:25 17633                      /usr/lib/x86_64-linux-gnu/ld-linux-x86-64.so.2
7fed01323000-7fed01325000 rw-p 00033000 00:25 17633                      /usr/lib/x86_64-linux-gnu/ld-linux-x86-64.so.2
7ffd2d533000-7ffd2d554000 rw-p 00000000 00:00 0                          [stack]
7ffd2d5f7000-7ffd2d5fa000 r--p 00000000 00:00 0                          [vvar]
7ffd2d5fa000-7ffd2d5fc000 r-xp 00000000 00:00 0                          [vdso]
ffffffffff600000-ffffffffff601000 r-xp 00000000 00:00 0                  [vsyscall]


VM Arguments:
jvm_args: --add-opens=java.base/java.lang=ALL-UNNAMED --add-opens=java.base/java.lang.invoke=ALL-UNNAMED --add-opens=java.base/java.util=ALL-UNNAMED --add-opens=java.prefs/java.util.prefs=ALL-UNNAMED --add-exports=jdk.compiler/com.sun.tools.javac.api=ALL-UNNAMED --add-exports=jdk.compiler/com.sun.tools.javac.util=ALL-UNNAMED --add-opens=java.base/java.util=ALL-UNNAMED --add-opens=java.prefs/java.util.prefs=ALL-UNNAMED --add-opens=java.base/java.nio.charset=ALL-UNNAMED --add-opens=java.base/java.net=ALL-UNNAMED --add-opens=java.base/java.util.concurrent=ALL-UNNAMED --add-opens=java.base/java.util.concurrent.atomic=ALL-UNNAMED --add-opens=java.xml/javax.xml.namespace=ALL-UNNAMED --add-opens=java.base/java.time=ALL-UNNAMED -Xmx4g -Dfile.encoding=UTF-8 -Duser.country -Duser.language=en -Duser.variant -javaagent:/root/.gradle/wrapper/dists/gradle-9.3.1-bin/23ovyewtku6u96viwx3xl3oks/gradle-9.3.1/lib/agents/gradle-instrumentation-agent-9.3.1.jar 
java_command: org.gradle.launcher.daemon.bootstrap.GradleDaemon 9.3.1
java_class_path (initial): /root/.gradle/wrapper/dists/gradle-9.3.1-bin/23ovyewtku6u96viwx3xl3oks/gradle-9.3.1/lib/gradle-daemon-main-9.3.1.jar
Launcher Type: SUN_STANDARD

[Global flags]
     intx CICompilerCount                          = 2                                         {product} {ergonomic}
     uint ConcGCThreads                            = 1                                         {product} {ergonomic}
     uint G1ConcRefinementThreads                  = 2                                         {product} {ergonomic}
   size_t G1HeapRegionSize                         = 2097152                                   {product} {ergonomic}
    uintx GCDrainStackTargetSize                   = 64                                        {product} {ergonomic}
   size_t InitialHeapSize                          = 33554432                                  {product} {ergonomic}
   size_t MarkStackSize                            = 4194304                                   {product} {ergonomic}
   size_t MaxHeapSize                              = 4294967296                                {product} {command line}
   size_t MaxNewSize                               = 2575302656                                {product} {ergonomic}
   size_t MinHeapDeltaBytes                        = 2097152                                   {product} {ergonomic}
   size_t MinHeapSize                              = 8388608                                   {product} {ergonomic}
    uintx NonNMethodCodeHeapSize                   = 5826188                                {pd product} {ergonomic}
    uintx NonProfiledCodeHeapSize                  = 122916026                              {pd product} {ergonomic}
    uintx ProfiledCodeHeapSize                     = 122916026                              {pd product} {ergonomic}
    uintx ReservedCodeCacheSize                    = 251658240                              {pd product} {ergonomic}
     bool SegmentedCodeCache                       = true                                      {product} {ergonomic}
   size_t SoftMaxHeapSize                          = 4294967296                             {manageable} {ergonomic}
     bool UseCompressedClassPointers               = true                           {product lp64_product} {ergonomic}
     bool UseCompressedOops                        = true                           {product lp64_product} {ergonomic}
     bool UseG1GC                                  = true                                      {product} {ergonomic}

Logging:
Log output configuration:
 #0: stdout all=warning uptime,level,tags
 #1: stderr all=off uptime,level,tags

Environment Variables:
PATH=/usr/local/sbin:/usr/local/bin:/usr/sbin:/usr/bin:/sbin:/bin:/opt/android-sdk/cmdline-tools/latest/bin:/opt/android-sdk/platform-tools:/opt/android-sdk/cmdline-tools/latest/bin:/opt/android-sdk/platform-tools
SHELL=/bin/bash
LANG=C.UTF-8
LC_ALL=C.UTF-8
TERM=tmux-256color

Active Locale:
LC_ALL=C.UTF-8
LC_COLLATE=C.UTF-8
LC_CTYPE=C.UTF-8
LC_MESSAGES=C.UTF-8
LC_MONETARY=C.UTF-8
LC_NUMERIC=C.UTF-8
LC_TIME=C.UTF-8

Signal Handlers:
   SIGSEGV: crash_handler in libjvm.so, mask=11100100010111111101111111111110, flags=SA_RESTART|SA_SIGINFO, unblocked
    SIGBUS: crash_handler in libjvm.so, mask=11100100010111111101111111111110, flags=SA_RESTART|SA_SIGINFO, unblocked
    SIGFPE: crash_handler in libjvm.so, mask=11100100010111111101111111111110, flags=SA_RESTART|SA_SIGINFO, unblocked
   SIGPIPE: javaSignalHandler in libjvm.so, mask=11100100010111111101111111111110, flags=SA_RESTART|SA_SIGINFO, unblocked
   SIGXFSZ: javaSignalHandler in libjvm.so, mask=11100100010111111101111111111110, flags=SA_RESTART|SA_SIGINFO, unblocked
    SIGILL: crash_handler in libjvm.so, mask=11100100010111111101111111111110, flags=SA_RESTART|SA_SIGINFO, unblocked
   SIGUSR2: SR_handler in libjvm.so, mask=00100000000000000000000000000000, flags=SA_RESTART|SA_SIGINFO, unblocked
    SIGHUP: UserHandler in libjvm.so, mask=11100100010111111101111111111110, flags=SA_RESTART|SA_SIGINFO, unblocked
    SIGINT: UserHandler in libjvm.so, mask=11100100010111111101111111111110, flags=SA_RESTART|SA_SIGINFO, unblocked
   SIGTERM: UserHandler in libjvm.so, mask=11100100010111111101111111111110, flags=SA_RESTART|SA_SIGINFO, unblocked
   SIGQUIT: UserHandler in libjvm.so, mask=11100100010111111101111111111110, flags=SA_RESTART|SA_SIGINFO, unblocked
   SIGTRAP: crash_handler in libjvm.so, mask=11100100010111111101111111111110, flags=SA_RESTART|SA_SIGINFO, unblocked


Periodic native trim disabled


---------------  S Y S T E M  ---------------

OS:
PRETTY_NAME="Debian GNU/Linux 12 (bookworm)"
NAME="Debian GNU/Linux"
VERSION_ID="12"
VERSION="12 (bookworm)"
VERSION_CODENAME=bookworm
ID=debian
HOME_URL="https://www.debian.org/"
SUPPORT_URL="https://www.debian.org/support"
BUG_REPORT_URL="https://bugs.debian.org/"
uname: Linux 4.19.91-c8dfc93.al7.x86_64 #1 SMP Tue Sep 26 10:25:51 UTC 2023 x86_64
OS uptime: 0 days 0:10 hours
libc: glibc 2.36 NPTL 2.36 
rlimit (soft/hard): STACK 8192k/infinity , CORE 0k/0k , NPROC 100000/100000 , NOFILE 100000/100000 , AS infinity/infinity , CPU infinity/infinity , DATA infinity/infinity , FSIZE infinity/infinity , MEMLOCK 64k/64k
load average: 1.02 1.35 0.74

/proc/meminfo:
MemTotal:        2152516 kB
MemFree:           43156 kB
MemAvailable:      43408 kB
Buffers:             828 kB
Cached:            46568 kB
SwapCached:            0 kB
Active:          1997028 kB
Inactive:          26308 kB
Active(anon):    1976012 kB
Inactive(anon):       16 kB
Active(file):      21016 kB
Inactive(file):    26292 kB
Unevictable:           0 kB
Mlocked:               0 kB
SwapTotal:             0 kB
SwapFree:              0 kB
Dirty:              1556 kB
Writeback:             0 kB
AnonPages:       1975996 kB
Mapped:            23732 kB
Shmem:                32 kB
Slab:              34288 kB
SReclaimable:      20612 kB
SUnreclaim:        13676 kB
KernelStack:        3696 kB
PageTables:         5732 kB
NFS_Unstable:          0 kB
Bounce:                0 kB
WritebackTmp:          0 kB
CommitLimit:     1076256 kB
Committed_AS:    2223132 kB
VmallocTotal:   34359738367 kB
VmallocUsed:           0 kB
VmallocChunk:          0 kB
Percpu:              384 kB
AnonHugePages:    290816 kB
ShmemHugePages:        0 kB
ShmemPmdMapped:        0 kB
HugePages_Total:       0
HugePages_Free:        0
HugePages_Rsvd:        0
HugePages_Surp:        0
Hugepagesize:       2048 kB
Hugetlb:               0 kB
DirectMap4k:        8192 kB
DirectMap2M:     2523136 kB
DirectMap1G:           0 kB

/sys/kernel/mm/transparent_hugepage/enabled: [always] madvise never
/sys/kernel/mm/transparent_hugepage/hpage_pmd_size: 2097152
/sys/kernel/mm/transparent_hugepage/defrag (defrag/compaction efforts parameter): always defer defer+madvise madvise [never]

Process Memory:
Virtual Size: 6627508K (peak: 7266484K)
Resident Set Size: 1498948K (peak: 1499640K) (anon: 1482708K, file: 16240K, shmem: 0K)
Swapped out: 0K
C-Heap outstanding allocations: 148521K, retained: 27858K
glibc malloc tunables: (default)

/proc/sys/kernel/threads-max (system-wide limit on the number of threads): 1129
/proc/sys/vm/max_map_count (maximum number of memory map areas a process may have): 65530
/proc/sys/vm/swappiness (control to define how aggressively the kernel swaps out anonymous memory): 60
/proc/sys/kernel/pid_max (system-wide limit on number of process identifiers): 32768

container (cgroup) information:
container_type: cgroupv1
cpu_cpuset_cpus: 0-1
cpu_memory_nodes: 0
active_processor_count: 2
cpu_quota: no quota
cpu_period: 100000
cpu_shares: 12288
memory_limit_in_bytes: 2097152 k
memory_and_swap_limit_in_bytes: unlimited
memory_soft_limit_in_bytes: unlimited
memory_usage_in_bytes: 2047500 k
memory_max_usage_in_bytes: 2063692 k
rss_usage_in_bytes: 1969368 k
cache_usage_in_bytes: 47228 k
kernel_memory_limit_in_bytes: unlimited
kernel_memory_usage_in_bytes: 30548 k
kernel_memory_max_usage_in_bytes: 117144 k
maximum number of tasks: unlimited
current number of tasks: 157

KVM virtualization detected
Steal ticks since vm start: 14634
Steal ticks percentage since vm start:  0.416

CPU: total 2 (initial active 2) (2 cores per cpu, 1 threads per core) family 6 model 85 stepping 7 microcode 0x1, cx8, cmov, fxsr, mmx, 3dnowpref, sse, sse2, sse3, ssse3, sse4.1, sse4.2, popcnt, lzcnt, tsc, tscinvbit, avx, avx2, aes, erms, clmul, bmi1, bmi2, adx, avx512f, avx512dq, avx512cd, avx512bw, avx512vl, fma, vzeroupper, avx512_vnni, clflush, clflushopt, clwb, hv
CPU Model and flags from /proc/cpuinfo:
model name	: Intel(R) Xeon(R) Processor @ 2.50GHz
flags		: fpu vme de pse tsc msr pae mce cx8 apic sep mtrr pge mca cmov pat pse36 clflush mmx fxsr sse sse2 ss ht syscall nx pdpe1gb rdtscp lm constant_tsc rep_good nopl xtopology nonstop_tsc cpuid tsc_known_freq pni pclmulqdq ssse3 fma cx16 pcid sse4_1 sse4_2 x2apic movbe popcnt tsc_deadline_timer aes xsave avx f16c rdrand hypervisor lahf_lm abm 3dnowprefetch cpuid_fault invpcid_single ssbd ibrs ibpb stibp ibrs_enhanced fsgsbase tsc_adjust bmi1 avx2 smep bmi2 erms invpcid mpx avx512f avx512dq rdseed adx smap clflushopt clwb avx512cd avx512bw avx512vl xsaveopt xsavec xgetbv1 xsaves umip avx512_vnni md_clear arch_capabilities

Online cpus: 0-1
Offline cpus: 
BIOS frequency limitation: <Not Available>
Frequency switch latency (ns): <Not Available>
Available cpu frequencies: <Not Available>
Current governor: <Not Available>
Core performance/turbo boost: <Not Available>

Memory: 4k page, physical 2097152k(49652k free), swap 0k(0k free)
Page Sizes: 4k

vm_info: OpenJDK 64-Bit Server VM (17.0.20+8-1-deb12u1-Debian) for linux-amd64 JRE (17.0.20+8-1-deb12u1-Debian), built on Jul 28 2026 07:08:51 by "buildd" with gcc 12.2.0

END.
